uid,walletx2,max_priv_intermediary,max_priv_gov,max_priv_public,banklike,ir_studyr,male,topcoder,expectpricedown,open_source_browser,am_privacy_peers,am_privacy_int,am_privacy_gov,trust_gov,trust_startup,trust_retailer,es_pub,es_int,es_gov,rpgpextra,sb_cashing_out_btc_05,rmatrix,fw_notracePEERS,fw_notraceISP,fw_notraceGOV,wallet_order,first_wallet,rblockchain1,relectrum1,rcoinbase1,rcircle1,rblockchain2,relectrum2,rcoinbase2,rcircle2,rblockchain3,relectrum3,rcoinbase3,rcircle3,rblockchain4,relectrum4,rcoinbase4,rcircle4,best_priv_public_n1st,best_priv_int_n1st,best_priv_gov_n1st
0,Circle,0,0,1,1,1,1,0,1,1,1,1,1,0,0,0,1,1,0,0,1,1,5,2,2,['Circle' 'Coinbase' 'Electrum' 'Blockchain'],Circle,0,0,0,1,0,0,1,0,0,1,0,0,1,0,0,0,0,1,1
1,Coinbase,0,0,1,1,2,0,1,0,0,1,0,0,1,1,0,1,1,1,1,1,0,4,2,1,['Circle' 'Coinbase' 'Electrum' 'Blockchain'],Circle,0,0,0,1,0,0,1,0,0,1,0,0,1,0,0,0,0,1,1
2,Coinbase,0,0,1,1,2,0,1,1,0,1,1,0,0,0,1,0,1,1,1,1,1,3,2,5,['Blockchain' 'Electrum' 'Coinbase' 'Circle'],Blockchain,1,0,0,0,0,1,0,0,0,0,1,0,0,0,0,1,1,0,1
3,Circle,0,0,1,1,3,1,1,0,0,0,0,1,1,1,0,1,0,1,1,0,1,3,5,1,['Circle' 'Electrum' 'Coinbase' 'Blockchain'],Circle,0,0,0,1,0,1,0,0,0,0,1,0,1,0,0,0,0,1,1
4,Coinbase,0,0,1,1,4,1,1,0,1,1,0,0,1,1,0,1,0,1,0,0,0,5,3,3,['Blockchain' 'Electrum' 'Coinbase' 'Circle'],Blockchain,1,0,0,0,0,1,0,0,0,0,1,0,0,0,0,1,1,0,1
5,Electrum,1,1,0,0,3,1,1,1,0,1,0,1,0,1,1,1,0,1,0,1,0,3,5,2,['Coinbase' 'Circle' 'Blockchain' 'Electrum'],Coinbase,0,0,1,0,0,0,0,1,1,0,0,0,0,1,0,0,0,1,1
6,Blockchain,1,0,0,0,1,0,1,0,0,0,1,0,1,0,0,0,1,1,0,0,1,5,2,1,['Blockchain' 'Electrum' 'Circle' 'Coinbase'],Blockchain,1,0,0,0,0,1,0,0,0,0,0,1,0,0,1,0,1,0,1
7,Circle,0,0,1,1,2,1,1,1,1,1,1,0,1,1,1,1,1,0,0,1,0,5,4,5,['Electrum' 'Circle' 'Coinbase' 'Blockchain'],Electrum,0,1,0,0,0,0,0,1,0,0,1,0,1,0,0,0,1,0,0
8,Coinbase,0,0,1,1,4,1,1,0,0,1,1,1,1,1,0,1,1,0,0,0,1,3,3,2,['Circle' 'Blockchain' 'Electrum' 'Coinbase'],Circle,0,0,0,1,1,0,0,0,0,1,0,0,0,0,1,0,0,1,1
9,Electrum,1,1,0,0,3,1,1,1,1,1,0,0,1,0,0,1,1,1,0,0,0,3,4,4,['Coinbase' 'Circle' 'Blockchain' 'Electrum'],Coinbase,0,0,1,0,0,0,0,1,1,0,0,0,0,1,0,0,0,1,1
10,Circle,0,0,1,1,3,0,1,0,1,1,0,0,1,0,0,0,1,1,1,1,0,2,4,4,['Electrum' 'Coinbase' 'Blockchain' 'Circle'],Electrum,0,1,0,0,0,0,1,0,1,0,0,0,0,0,0,1,1,0,0
11,Electrum,1,1,0,0,4,1,1,0,0,1,0,0,0,1,0,0,0,0,1,0,0,3,1,4,['Blockchain' 'Circle' 'Electrum' 'Coinbase'],Blockchain,1,0,0,0,0,0,0,1,0,1,0,0,0,0,1,0,1,0,1
12,Blockchain,1,0,0,0,2,0,0,1,1,1,1,1,0,0,0,0,1,1,0,0,0,5,4,2,['Electrum' 'Coinbase' 'Circle' 'Blockchain'],Electrum,0,1,0,0,0,0,1,0,0,0,0,1,1,0,0,0,1,0,0
13,Blockchain,1,0,0,0,3,0,0,0,1,1,0,0,0,0,0,0,1,1,1,0,0,3,4,2,['Electrum' 'Blockchain' 'Circle' 'Coinbase'],Electrum,0,1,0,0,1,0,0,0,0,0,0,1,0,0,1,0,1,0,0
14,Electrum,1,1,0,0,4,1,0,1,1,1,0,1,0,1,1,1,0,1,1,1,1,3,5,2,['Electrum' 'Blockchain' 'Circle' 'Coinbase'],Electrum,0,1,0,0,1,0,0,0,0,0,0,1,0,0,1,0,1,0,0
15,Blockchain,1,0,0,0,3,1,1,0,1,0,0,1,1,1,1,0,0,0,0,0,0,4,5,4,['Blockchain' 'Coinbase' 'Circle' 'Electrum'],Blockchain,1,0,0,0,0,0,1,0,0,0,0,1,0,1,0,0,1,0,1
16,Blockchain,1,0,0,0,2,1,0,1,1,1,1,1,0,1,0,0,0,1,1,1,0,3,1,1,['Blockchain' 'Circle' 'Coinbase' 'Electrum'],Blockchain,1,0,0,0,0,0,0,1,0,0,1,0,0,1,0,0,1,0,1
17,Blockchain,1,0,0,0,2,0,0,0,1,0,1,1,0,1,1,1,0,0,0,0,0,1,3,3,['Coinbase' 'Circle' 'Blockchain' 'Electrum'],Coinbase,0,0,1,0,0,0,0,1,1,0,0,0,0,1,0,0,0,1,1
18,Blockchain,1,0,0,0,1,0,1,0,0,0,0,0,1,1,1,1,1,0,0,0,0,3,5,1,['Coinbase' 'Circle' 'Electrum' 'Blockchain'],Coinbase,0,0,1,0,0,0,0,1,0,1,0,0,1,0,0,0,0,1,1
19,Coinbase,0,0,1,1,1,1,0,1,1,0,0,1,0,0,1,0,0,1,0,1,1,5,2,2,['Coinbase' 'Blockchain' 'Circle' 'Electrum'],Coinbase,0,0,1,0,1,0,0,0,0,0,0,1,0,1,0,0,0,1,1
20,Circle,0,0,1,1,1,0,1,1,1,1,1,0,1,0,0,0,0,0,0,1,1,3,3,4,['Circle' 'Electrum' 'Blockchain' 'Coinbase'],Circle,0,0,0,1,0,1,0,0,1,0,0,0,0,0,1,0,0,1,1
21,Blockchain,1,0,0,0,1,0,1,0,0,1,1,1,1,1,1,1,0,0,1,0,0,4,5,3,['Circle' 'Electrum' 'Blockchain' 'Coinbase'],Circle,0,0,0,1,0,1,0,0,1,0,0,0,0,0,1,0,0,1,1
22,Blockchain,1,0,0,0,4,1,0,1,1,0,1,0,1,1,0,0,0,1,0,1,0,1,4,2,['Circle' 'Electrum' 'Blockchain' 'Coinbase'],Circle,0,0,0,1,0,1,0,0,1,0,0,0,0,0,1,0,0,1,1
23,Coinbase,0,0,1,1,4,0,0,1,0,0,0,0,1,0,1,1,1,0,0,1,1,1,1,2,['Coinbase' 'Electrum' 'Blockchain' 'Circle'],Coinbase,0,0,1,0,0,1,0,0,1,0,0,0,0,0,0,1,0,1,1
24,Circle,0,0,1,1,2,1,0,0,1,1,1,1,1,0,1,0,0,1,0,0,0,4,4,1,['Electrum' 'Circle' 'Blockchain' 'Coinbase'],Electrum,0,1,0,0,0,0,0,1,1,0,0,0,0,0,1,0,1,0,0
25,Coinbase,0,0,1,1,2,1,0,1,0,1,0,0,1,1,0,1,1,0,0,0,0,2,1,3,['Electrum' 'Circle' 'Coinbase' 'Blockchain'],Electrum,0,1,0,0,0,0,0,1,0,0,1,0,1,0,0,0,1,0,0
26,Electrum,1,1,0,0,4,1,0,1,0,0,0,0,0,1,1,1,0,0,1,1,1,1,3,3,['Circle' 'Coinbase' 'Electrum' 'Blockchain'],Circle,0,0,0,1,0,0,1,0,0,1,0,0,1,0,0,0,0,1,1
27,Circle,0,0,1,1,1,0,0,0,0,0,1,0,0,1,0,1,0,0,1,0,1,1,3,5,['Blockchain' 'Circle' 'Coinbase' 'Electrum'],Blockchain,1,0,0,0,0,0,0,1,0,0,1,0,0,1,0,0,1,0,1
28,Circle,0,0,1,1,1,0,1,0,1,0,1,1,0,0,0,0,0,1,0,0,0,1,5,3,['Blockchain' 'Electrum' 'Circle' 'Coinbase'],Blockchain,1,0,0,0,0,1,0,0,0,0,0,1,0,0,1,0,1,0,1
29,Blockchain,1,0,0,0,1,0,1,1,1,1,1,1,1,0,0,1,1,0,0,1,1,3,2,3,['Blockchain' 'Circle' 'Coinbase' 'Electrum'],Blockchain,1,0,0,0,0,0,0,1,0,0,1,0,0,1,0,0,1,0,1
30,Blockchain,1,0,0,0,4,0,1,1,0,1,0,0,0,0,1,1,0,1,1,1,0,2,3,1,['Circle' 'Electrum' 'Blockchain' 'Coinbase'],Circle,0,0,0,1,0,1,0,0,1,0,0,0,0,0,1,0,0,1,1
31,Blockchain,1,0,0,0,3,0,1,1,1,1,0,0,0,1,0,0,0,1,1,1,0,3,3,2,['Electrum' 'Coinbase' 'Circle' 'Blockchain'],Electrum,0,1,0,0,0,0,1,0,0,0,0,1,1,0,0,0,1,0,0
32,Circle,0,0,1,1,2,0,0,0,1,1,1,0,0,0,1,1,1,1,0,0,1,3,5,4,['Circle' 'Coinbase' 'Blockchain' 'Electrum'],Circle,0,0,0,1,0,0,1,0,1,0,0,0,0,1,0,0,0,1,1
33,Coinbase,0,0,1,1,2,1,1,0,1,0,0,1,1,0,1,0,1,1,1,0,1,4,2,2,['Coinbase' 'Circle' 'Blockchain' 'Electrum'],Coinbase,0,0,1,0,0,0,0,1,1,0,0,0,0,1,0,0,0,1,1
34,Coinbase,0,0,1,1,1,1,1,1,0,1,0,0,1,0,0,1,1,1,0,1,1,2,5,1,['Blockchain' 'Coinbase' 'Electrum' 'Circle'],Blockchain,1,0,0,0,0,0,1,0,0,1,0,0,0,0,0,1,1,0,1
35,Coinbase,0,0,1,1,2,1,1,0,1,1,1,0,1,1,1,1,0,0,1,0,1,4,1,1,['Electrum' 'Coinbase' 'Blockchain' 'Circle'],Electrum,0,1,0,0,0,0,1,0,1,0,0,0,0,0,0,1,1,0,0
36,Electrum,1,1,0,0,4,1,0,1,1,1,1,0,1,0,1,1,0,1,0,0,0,3,3,2,['Electrum' 'Coinbase' 'Blockchain' 'Circle'],Electrum,0,1,0,0,0,0,1,0,1,0,0,0,0,0,0,1,1,0,0
37,Circle,0,0,1,1,1,1,0,1,0,1,1,1,0,1,0,1,0,1,0,1,1,5,5,2,['Electrum' 'Coinbase' 'Blockchain' 'Circle'],Electrum,0,1,0,0,0,0,1,0,1,0,0,0,0,0,0,1,1,0,0
38,Coinbase,0,0,1,1,3,0,0,1,0,0,0,1,1,0,0,0,0,1,1,1,0,1,1,3,['Circle' 'Blockchain' 'Coinbase' 'Electrum'],Circle,0,0,0,1,1,0,0,0,0,0,1,0,0,1,0,0,0,1,1
39,Coinbase,0,0,1,1,1,1,1,1,0,0,0,1,0,1,1,1,1,1,0,1,0,5,3,3,['Electrum' 'Coinbase' 'Blockchain' 'Circle'],Electrum,0,1,0,0,0,0,1,0,1,0,0,0,0,0,0,1,1,0,0
40,Circle,0,0,1,1,1,0,0,0,0,0,1,1,0,0,1,0,0,1,1,0,0,5,2,5,['Circle' 'Electrum' 'Blockchain' 'Coinbase'],Circle,0,0,0,1,0,1,0,0,1,0,0,0,0,0,1,0,0,1,1
41,Coinbase,0,0,1,1,1,0,0,0,1,1,1,0,0,0,0,1,0,0,0,1,0,5,1,1,['Circle' 'Coinbase' 'Electrum' 'Blockchain'],Circle,0,0,0,1,0,0,1,0,0,1,0,0,1,0,0,0,0,1,1
42,Coinbase,0,0,1,1,3,0,0,1,1,1,0,1,0,1,0,1,1,1,0,0,0,5,1,2,['Blockchain' 'Electrum' 'Coinbase' 'Circle'],Blockchain,1,0,0,0,0,1,0,0,0,0,1,0,0,0,0,1,1,0,1
43,Electrum,1,1,0,0,2,1,0,0,0,0,0,1,1,1,1,1,1,0,0,1,0,5,2,1,['Circle' 'Electrum' 'Coinbase' 'Blockchain'],Circle,0,0,0,1,0,1,0,0,0,0,1,0,1,0,0,0,0,1,1
44,Electrum,1,1,0,0,1,0,1,1,0,0,1,1,1,0,0,0,1,0,1,1,1,4,4,3,['Blockchain' 'Circle' 'Coinbase' 'Electrum'],Blockchain,1,0,0,0,0,0,0,1,0,0,1,0,0,1,0,0,1,0,1
45,Circle,0,0,1,1,1,0,0,1,0,1,0,0,0,1,0,1,1,0,0,1,1,3,4,5,['Coinbase' 'Blockchain' 'Circle' 'Electrum'],Coinbase,0,0,1,0,1,0,0,0,0,0,0,1,0,1,0,0,0,1,1
46,Coinbase,0,0,1,1,3,1,1,1,0,0,1,0,0,1,1,1,0,1,0,0,1,5,5,5,['Electrum' 'Blockchain' 'Coinbase' 'Circle'],Electrum,0,1,0,0,1,0,0,0,0,0,1,0,0,0,0,1,1,0,0
47,Electrum,1,1,0,0,1,1,0,1,0,1,0,1,1,0,0,1,1,0,0,1,1,2,3,4,['Coinbase' 'Circle' 'Blockchain' 'Electrum'],Coinbase,0,0,1,0,0,0,0,1,1,0,0,0,0,1,0,0,0,1,1
48,Blockchain,1,0,0,0,3,0,0,0,0,0,0,0,0,1,0,0,0,1,1,1,0,4,1,1,['Electrum' 'Coinbase' 'Blockchain' 'Circle'],Electrum,0,1,0,0,0,0,1,0,1,0,0,0,0,0,0,1,1,0,0
49,Circle,0,0,1,1,1,1,1,0,0,1,0,1,0,1,1,1,1,1,0,0,0,5,3,4,['Blockchain' 'Coinbase' 'Electrum' 'Circle'],Blockchain,1,0,0,0,0,0,1,0,0,1,0,0,0,0,0,1,1,0,1
50,Coinbase,0,0,1,1,4,1,0,0,0,0,0,0,1,0,1,0,1,0,0,0,0,4,4,5,['Coinbase' 'Electrum' 'Blockchain' 'Circle'],Coinbase,0,0,1,0,0,1,0,0,1,0,0,0,0,0,0,1,0,1,1
51,Circle,0,0,1,1,1,0,0,0,1,1,1,1,0,0,1,1,0,0,0,0,1,3,4,1,['Circle' 'Electrum' 'Blockchain' 'Coinbase'],Circle,0,0,0,1,0,1,0,0,1,0,0,0,0,0,1,0,0,1,1
52,Coinbase,0,0,1,1,4,0,1,0,0,1,0,1,1,1,1,0,0,1,0,0,0,2,5,4,['Blockchain' 'Electrum' 'Circle' 'Coinbase'],Blockchain,1,0,0,0,0,1,0,0,0,0,0,1,0,0,1,0,1,0,1
53,Circle,0,0,1,1,4,1,0,1,1,0,0,1,0,1,1,1,1,1,1,1,0,4,2,5,['Electrum' 'Coinbase' 'Blockchain' 'Circle'],Electrum,0,1,0,0,0,0,1,0,1,0,0,0,0,0,0,1,1,0,0
54,Circle,0,0,1,1,3,0,0,0,0,0,1,0,0,0,0,0,1,0,0,0,0,5,4,2,['Coinbase' 'Circle' 'Blockchain' 'Electrum'],Coinbase,0,0,1,0,0,0,0,1,1,0,0,0,0,1,0,0,0,1,1
55,Blockchain,1,0,0,0,3,0,0,0,0,1,1,0,1,1,0,0,1,1,1,1,0,2,2,1,['Blockchain' 'Electrum' 'Coinbase' 'Circle'],Blockchain,1,0,0,0,0,1,0,0,0,0,1,0,0,0,0,1,1,0,1
56,Electrum,1,1,0,0,2,1,1,0,1,0,0,0,1,0,1,0,0,0,0,1,0,3,3,4,['Blockchain' 'Electrum' 'Coinbase' 'Circle'],Blockchain,1,0,0,0,0,1,0,0,0,0,1,0,0,0,0,1,1,0,1
57,Coinbase,0,0,1,1,3,1,1,0,0,0,1,0,1,0,1,1,0,0,1,0,1,5,3,5,['Coinbase' 'Circle' 'Electrum' 'Blockchain'],Coinbase,0,0,1,0,0,0,0,1,0,1,0,0,1,0,0,0,0,1,1
58,Circle,0,0,1,1,1,0,1,1,0,1,0,0,0,1,0,0,1,0,1,1,0,1,5,1,['Coinbase' 'Circle' 'Blockchain' 'Electrum'],Coinbase,0,0,1,0,0,0,0,1,1,0,0,0,0,1,0,0,0,1,1
59,Coinbase,0,0,1,1,1,0,1,0,0,1,1,0,0,0,0,1,0,0,0,0,0,4,1,4,['Blockchain' 'Coinbase' 'Electrum' 'Circle'],Blockchain,1,0,0,0,0,0,1,0,0,1,0,0,0,0,0,1,1,0,1
60,Coinbase,0,0,1,1,1,1,0,0,1,1,1,1,0,0,0,1,0,1,1,0,0,4,2,1,['Blockchain' 'Electrum' 'Circle' 'Coinbase'],Blockchain,1,0,0,0,0,1,0,0,0,0,0,1,0,0,1,0,1,0,1
61,Electrum,1,1,0,0,2,0,0,1,1,1,1,0,1,1,1,1,0,0,0,1,0,5,4,3,['Blockchain' 'Circle' 'Coinbase' 'Electrum'],Blockchain,1,0,0,0,0,0,0,1,0,0,1,0,0,1,0,0,1,0,1
62,Circle,0,0,1,1,1,1,0,0,0,0,1,0,0,1,1,1,1,1,0,1,1,4,4,1,['Blockchain' 'Circle' 'Coinbase' 'Electrum'],Blockchain,1,0,0,0,0,0,0,1,0,0,1,0,0,1,0,0,1,0,1
63,Electrum,1,1,0,0,2,0,1,1,0,1,1,0,0,1,1,1,1,0,0,1,0,5,2,4,['Circle' 'Electrum' 'Coinbase' 'Blockchain'],Circle,0,0,0,1,0,1,0,0,0,0,1,0,1,0,0,0,0,1,1
64,Electrum,1,1,0,0,2,1,0,1,0,0,0,0,1,0,1,0,1,1,1,1,0,1,2,2,['Electrum' 'Coinbase' 'Blockchain' 'Circle'],Electrum,0,1,0,0,0,0,1,0,1,0,0,0,0,0,0,1,1,0,0
65,Blockchain,1,0,0,0,1,0,0,1,1,1,0,0,0,0,0,1,0,0,1,1,1,5,4,5,['Blockchain' 'Coinbase' 'Electrum' 'Circle'],Blockchain,1,0,0,0,0,0,1,0,0,1,0,0,0,0,0,1,1,0,1
66,Blockchain,1,0,0,0,3,1,1,0,1,0,1,1,0,1,1,0,1,0,0,1,1,2,4,5,['Circle' 'Blockchain' 'Coinbase' 'Electrum'],Circle,0,0,0,1,1,0,0,0,0,0,1,0,0,1,0,0,0,1,1
67,Blockchain,1,0,0,0,1,1,1,0,0,1,1,1,1,1,1,0,0,0,1,0,0,3,3,4,['Circle' 'Electrum' 'Coinbase' 'Blockchain'],Circle,0,0,0,1,0,1,0,0,0,0,1,0,1,0,0,0,0,1,1
68,Coinbase,0,0,1,1,2,0,1,1,1,1,1,0,0,0,0,0,0,1,0,0,1,3,3,4,['Coinbase' 'Blockchain' 'Electrum' 'Circle'],Coinbase,0,0,1,0,1,0,0,0,0,1,0,0,0,0,0,1,0,1,1
69,Circle,0,0,1,1,1,1,0,0,1,1,0,1,1,1,1,1,0,0,1,1,1,1,1,1,['Blockchain' 'Circle' 'Coinbase' 'Electrum'],Blockchain,1,0,0,0,0,0,0,1,0,0,1,0,0,1,0,0,1,0,1
70,Electrum,1,1,0,0,1,1,1,1,1,0,1,0,0,1,0,0,0,0,0,0,0,5,5,1,['Electrum' 'Circle' 'Coinbase' 'Blockchain'],Electrum,0,1,0,0,0,0,0,1,0,0,1,0,1,0,0,0,1,0,0
71,Circle,0,0,1,1,4,0,1,0,1,1,0,1,0,0,1,0,1,0,1,1,0,5,3,3,['Blockchain' 'Circle' 'Electrum' 'Coinbase'],Blockchain,1,0,0,0,0,0,0,1,0,1,0,0,0,0,1,0,1,0,1
72,Electrum,1,1,0,0,1,0,1,0,1,1,0,0,0,0,1,0,0,0,0,0,1,1,4,1,['Coinbase' 'Blockchain' 'Circle' 'Electrum'],Coinbase,0,0,1,0,1,0,0,0,0,0,0,1,0,1,0,0,0,1,1
73,Circle,0,0,1,1,4,1,1,1,1,1,0,0,1,0,0,0,1,0,0,1,0,2,2,4,['Electrum' 'Blockchain' 'Circle' 'Coinbase'],Electrum,0,1,0,0,1,0,0,0,0,0,0,1,0,0,1,0,1,0,0
74,Circle,0,0,1,1,3,0,0,1,0,1,0,1,0,1,0,0,0,1,0,0,1,5,2,2,['Circle' 'Blockchain' 'Electrum' 'Coinbase'],Circle,0,0,0,1,1,0,0,0,0,1,0,0,0,0,1,0,0,1,1
75,Coinbase,0,0,1,1,4,1,1,0,1,0,0,0,1,0,0,1,0,0,1,1,0,2,1,1,['Coinbase' 'Blockchain' 'Electrum' 'Circle'],Coinbase,0,0,1,0,1,0,0,0,0,1,0,0,0,0,0,1,0,1,1
76,Circle,0,0,1,1,4,0,1,0,0,1,1,0,0,0,1,0,0,0,0,1,1,1,3,5,['Electrum' 'Blockchain' 'Circle' 'Coinbase'],Electrum,0,1,0,0,1,0,0,0,0,0,0,1,0,0,1,0,1,0,0
77,Circle,0,0,1,1,2,0,0,1,0,0,1,0,0,0,1,0,1,0,0,0,0,3,1,4,['Coinbase' 'Blockchain' 'Circle' 'Electrum'],Coinbase,0,0,1,0,1,0,0,0,0,0,0,1,0,1,0,0,0,1,1
78,Blockchain,1,0,0,0,1,0,1,0,1,1,1,1,0,1,1,1,1,0,0,1,1,2,3,4,['Blockchain' 'Coinbase' 'Circle' 'Electrum'],Blockchain,1,0,0,0,0,0,1,0,0,0,0,1,0,1,0,0,1,0,1
79,Blockchain,1,0,0,0,3,0,0,0,1,1,1,0,1,1,1,0,0,0,1,1,1,4,5,1,['Electrum' 'Coinbase' 'Circle' 'Blockchain'],Electrum,0,1,0,0,0,0,1,0,0,0,0,1,1,0,0,0,1,0,0
80,Circle,0,0,1,1,1,1,1,1,1,0,1,1,0,0,1,1,1,0,0,1,1,4,2,1,['Circle' 'Coinbase' 'Blockchain' 'Electrum'],Circle,0,0,0,1,0,0,1,0,1,0,0,0,0,1,0,0,0,1,1
81,Electrum,1,1,0,0,2,0,1,0,0,1,1,1,0,1,0,0,0,0,0,0,1,3,1,1,['Blockchain' 'Circle' 'Electrum' 'Coinbase'],Blockchain,1,0,0,0,0,0,0,1,0,1,0,0,0,0,1,0,1,0,1
82,Blockchain,1,0,0,0,4,0,1,1,0,1,0,1,1,1,0,0,0,0,0,0,1,2,2,5,['Blockchain' 'Electrum' 'Circle' 'Coinbase'],Blockchain,1,0,0,0,0,1,0,0,0,0,0,1,0,0,1,0,1,0,1
83,Electrum,1,1,0,0,1,1,1,0,1,0,1,1,1,0,0,0,0,0,1,0,1,3,4,5,['Blockchain' 'Circle' 'Electrum' 'Coinbase'],Blockchain,1,0,0,0,0,0,0,1,0,1,0,0,0,0,1,0,1,0,1
84,Electrum,1,1,0,0,1,0,0,0,0,0,1,1,0,0,1,1,0,0,0,1,1,4,4,4,['Coinbase' 'Electrum' 'Blockchain' 'Circle'],Coinbase,0,0,1,0,0,1,0,0,1,0,0,0,0,0,0,1,0,1,1
85,Coinbase,0,0,1,1,3,0,0,1,0,1,1,1,1,1,1,1,1,0,1,0,0,4,5,5,['Circle' 'Blockchain' 'Electrum' 'Coinbase'],Circle,0,0,0,1,1,0,0,0,0,1,0,0,0,0,1,0,0,1,1
86,Electrum,1,1,0,0,2,0,1,1,0,1,0,0,1,1,1,1,0,0,0,1,1,5,5,3,['Circle' 'Blockchain' 'Coinbase' 'Electrum'],Circle,0,0,0,1,1,0,0,0,0,0,1,0,0,1,0,0,0,1,1
87,Coinbase,0,0,1,1,1,0,0,1,0,1,1,0,1,1,1,0,0,1,0,0,0,3,3,3,['Coinbase' 'Blockchain' 'Circle' 'Electrum'],Coinbase,0,0,1,0,1,0,0,0,0,0,0,1,0,1,0,0,0,1,1
88,Circle,0,0,1,1,4,1,0,1,0,1,0,1,0,1,0,1,1,0,1,0,0,4,4,1,['Coinbase' 'Circle' 'Blockchain' 'Electrum'],Coinbase,0,0,1,0,0,0,0,1,1,0,0,0,0,1,0,0,0,1,1
89,Circle,0,0,1,1,1,1,1,1,0,1,0,0,1,0,1,1,0,1,0,1,1,2,2,4,['Blockchain' 'Circle' 'Coinbase' 'Electrum'],Blockchain,1,0,0,0,0,0,0,1,0,0,1,0,0,1,0,0,1,0,1
90,Blockchain,1,0,0,0,2,0,0,1,1,1,1,1,1,0,1,1,0,0,0,0,0,2,4,3,['Coinbase' 'Circle' 'Blockchain' 'Electrum'],Coinbase,0,0,1,0,0,0,0,1,1,0,0,0,0,1,0,0,0,1,1
91,Electrum,1,1,0,0,4,1,1,0,1,0,0,0,0,1,0,1,1,1,1,1,0,3,1,3,['Circle' 'Blockchain' 'Electrum' 'Coinbase'],Circle,0,0,0,1,1,0,0,0,0,1,0,0,0,0,1,0,0,1,1
92,Coinbase,0,0,1,1,3,1,1,0,1,1,1,0,1,1,1,1,0,1,1,0,1,3,4,3,['Blockchain' 'Coinbase' 'Electrum' 'Circle'],Blockchain,1,0,0,0,0,0,1,0,0,1,0,0,0,0,0,1,1,0,1
93,Electrum,1,1,0,0,3,1,1,1,0,0,0,0,0,0,1,0,0,0,1,1,1,1,1,2,['Electrum' 'Blockchain' 'Coinbase' 'Circle'],Electrum,0,1,0,0,1,0,0,0,0,0,1,0,0,0,0,1,1,0,0
94,Coinbase,0,0,1,1,3,1,1,1,0,0,0,0,0,0,0,1,1,1,0,1,0,4,1,2,['Coinbase' 'Circle' 'Blockchain' 'Electrum'],Coinbase,0,0,1,0,0,0,0,1,1,0,0,0,0,1,0,0,0,1,1
95,Circle,0,0,1,1,3,0,0,1,1,0,0,1,0,1,1,0,1,1,0,1,0,2,3,3,['Circle' 'Electrum' 'Blockchain' 'Coinbase'],Circle,0,0,0,1,0,1,0,0,1,0,0,0,0,0,1,0,0,1,1
96,Coinbase,0,0,1,1,1,1,1,1,0,1,0,0,0,0,0,0,1,0,0,0,1,3,3,3,['Electrum' 'Coinbase' 'Circle' 'Blockchain'],Electrum,0,1,0,0,0,0,1,0,0,0,0,1,1,0,0,0,1,0,0
97,Circle,0,0,1,1,4,1,0,0,0,0,1,1,1,0,0,1,0,1,0,1,0,3,4,4,['Circle' 'Coinbase' 'Electrum' 'Blockchain'],Circle,0,0,0,1,0,0,1,0,0,1,0,0,1,0,0,0,0,1,1
98,Blockchain,1,0,0,0,2,1,1,0,1,1,0,1,0,1,0,1,1,0,0,0,0,3,5,5,['Electrum' 'Circle' 'Coinbase' 'Blockchain'],Electrum,0,1,0,0,0,0,0,1,0,0,1,0,1,0,0,0,1,0,0
99,Circle,0,0,1,1,4,1,1,1,0,1,1,0,0,1,0,1,0,1,0,0,1,4,4,3,['Coinbase' 'Blockchain' 'Electrum' 'Circle'],Coinbase,0,0,1,0,1,0,0,0,0,1,0,0,0,0,0,1,0,1,1
100,Blockchain,1,0,0,0,4,0,1,1,1,0,1,0,1,0,0,0,1,0,0,1,1,4,2,4,['Coinbase' 'Electrum' 'Circle' 'Blockchain'],Coinbase,0,0,1,0,0,1,0,0,0,0,0,1,1,0,0,0,0,1,1
101,Blockchain,1,0,0,0,1,0,1,1,0,1,0,0,0,1,1,0,1,0,1,0,0,2,2,4,['Blockchain' 'Coinbase' 'Electrum' 'Circle'],Blockchain,1,0,0,0,0,0,1,0,0,1,0,0,0,0,0,1,1,0,1
102,Coinbase,0,0,1,1,3,1,1,0,1,0,0,1,1,0,0,0,1,1,1,1,0,4,5,4,['Coinbase' 'Circle' 'Blockchain' 'Electrum'],Coinbase,0,0,1,0,0,0,0,1,1,0,0,0,0,1,0,0,0,1,1
103,Blockchain,1,0,0,0,1,0,0,1,1,1,0,0,0,0,1,1,0,1,1,1,1,3,4,3,['Blockchain' 'Circle' 'Electrum' 'Coinbase'],Blockchain,1,0,0,0,0,0,0,1,0,1,0,0,0,0,1,0,1,0,1
104,Electrum,1,1,0,0,1,0,0,0,0,1,1,0,1,0,1,0,0,1,1,0,0,4,1,2,['Blockchain' 'Electrum' 'Circle' 'Coinbase'],Blockchain,1,0,0,0,0,1,0,0,0,0,0,1,0,0,1,0,1,0,1
105,Coinbase,0,0,1,1,1,0,1,1,0,0,0,1,0,1,0,1,0,0,0,0,0,5,5,1,['Coinbase' 'Circle' 'Electrum' 'Blockchain'],Coinbase,0,0,1,0,0,0,0,1,0,1,0,0,1,0,0,0,0,1,1
106,Circle,0,0,1,1,1,0,1,1,0,1,0,0,0,1,0,1,1,1,0,0,1,5,3,2,['Electrum' 'Blockchain' 'Coinbase' 'Circle'],Electrum,0,1,0,0,1,0,0,0,0,0,1,0,0,0,0,1,1,0,0
107,Coinbase,0,0,1,1,2,1,0,0,1,1,0,0,0,1,1,0,0,0,0,0,0,5,3,1,['Coinbase' 'Circle' 'Blockchain' 'Electrum'],Coinbase,0,0,1,0,0,0,0,1,1,0,0,0,0,1,0,0,0,1,1
108,Blockchain,1,0,0,0,4,0,1,0,0,0,1,0,1,0,0,0,0,1,0,0,0,3,3,1,['Coinbase' 'Circle' 'Electrum' 'Blockchain'],Coinbase,0,0,1,0,0,0,0,1,0,1,0,0,1,0,0,0,0,1,1
109,Circle,0,0,1,1,1,1,0,0,0,1,0,0,0,0,1,1,0,1,0,0,1,2,2,5,['Circle' 'Coinbase' 'Blockchain' 'Electrum'],Circle,0,0,0,1,0,0,1,0,1,0,0,0,0,1,0,0,0,1,1
110,Coinbase,0,0,1,1,3,0,1,0,0,1,0,0,1,0,0,1,1,0,0,0,1,1,5,4,['Circle' 'Electrum' 'Coinbase' 'Blockchain'],Circle,0,0,0,1,0,1,0,0,0,0,1,0,1,0,0,0,0,1,1
111,Blockchain,1,0,0,0,3,1,1,0,0,1,1,1,1,1,1,1,1,1,1,1,1,4,5,3,['Circle' 'Electrum' 'Coinbase' 'Blockchain'],Circle,0,0,0,1,0,1,0,0,0,0,1,0,1,0,0,0,0,1,1
112,Blockchain,1,0,0,0,4,1,0,0,1,1,0,1,1,1,1,0,0,0,1,0,0,1,4,3,['Coinbase' 'Blockchain' 'Electrum' 'Circle'],Coinbase,0,0,1,0,1,0,0,0,0,1,0,0,0,0,0,1,0,1,1
113,Circle,0,0,1,1,1,1,1,1,0,0,0,1,1,0,0,0,1,0,0,1,1,1,4,2,['Circle' 'Blockchain' 'Electrum' 'Coinbase'],Circle,0,0,0,1,1,0,0,0,0,1,0,0,0,0,1,0,0,1,1
114,Blockchain,1,0,0,0,3,0,1,1,1,0,1,0,0,1,0,0,1,1,1,1,0,2,5,5,['Blockchain' 'Coinbase' 'Electrum' 'Circle'],Blockchain,1,0,0,0,0,0,1,0,0,1,0,0,0,0,0,1,1,0,1
115,Electrum,1,1,0,0,1,0,1,1,1,0,0,0,1,1,0,0,0,0,1,1,0,2,5,4,['Coinbase' 'Electrum' 'Blockchain' 'Circle'],Coinbase,0,0,1,0,0,1,0,0,1,0,0,0,0,0,0,1,0,1,1
116,Blockchain,1,0,0,0,4,0,1,1,1,1,1,0,1,0,0,0,0,1,1,1,1,4,3,1,['Electrum' 'Coinbase' 'Blockchain' 'Circle'],Electrum,0,1,0,0,0,0,1,0,1,0,0,0,0,0,0,1,1,0,0
117,Electrum,1,1,0,0,2,1,0,1,1,1,1,1,0,1,1,0,0,1,1,0,1,5,2,4,['Electrum' 'Coinbase' 'Circle' 'Blockchain'],Electrum,0,1,0,0,0,0,1,0,0,0,0,1,1,0,0,0,1,0,0
118,Circle,0,0,1,1,2,1,1,0,1,0,1,0,1,1,0,1,1,1,1,1,0,5,5,1,['Coinbase' 'Blockchain' 'Electrum' 'Circle'],Coinbase,0,0,1,0,1,0,0,0,0,1,0,0,0,0,0,1,0,1,1
119,Electrum,1,1,0,0,2,1,1,1,0,0,1,0,1,1,1,1,1,1,1,0,1,1,3,3,['Coinbase' 'Electrum' 'Blockchain' 'Circle'],Coinbase,0,0,1,0,0,1,0,0,1,0,0,0,0,0,0,1,0,1,1
120,Blockchain,1,0,0,0,3,1,1,0,1,0,0,0,1,0,1,1,0,0,0,0,0,2,2,3,['Blockchain' 'Circle' 'Electrum' 'Coinbase'],Blockchain,1,0,0,0,0,0,0,1,0,1,0,0,0,0,1,0,1,0,1
121,Electrum,1,1,0,0,1,0,1,0,1,0,1,0,0,0,0,0,1,0,0,0,0,2,2,4,['Coinbase' 'Circle' 'Electrum' 'Blockchain'],Coinbase,0,0,1,0,0,0,0,1,0,1,0,0,1,0,0,0,0,1,1
122,Circle,0,0,1,1,1,1,1,0,1,1,0,0,1,0,0,1,0,0,1,0,0,5,2,5,['Electrum' 'Blockchain' 'Coinbase' 'Circle'],Electrum,0,1,0,0,1,0,0,0,0,0,1,0,0,0,0,1,1,0,0
123,Coinbase,0,0,1,1,4,1,1,1,1,1,0,1,1,0,0,0,1,0,1,1,0,2,3,2,['Coinbase' 'Circle' 'Electrum' 'Blockchain'],Coinbase,0,0,1,0,0,0,0,1,0,1,0,0,1,0,0,0,0,1,1
124,Circle,0,0,1,1,1,1,1,0,1,1,1,1,1,0,1,1,1,0,1,0,1,3,1,3,['Blockchain' 'Circle' 'Coinbase' 'Electrum'],Blockchain,1,0,0,0,0,0,0,1,0,0,1,0,0,1,0,0,1,0,1
125,Electrum,1,1,0,0,3,1,1,0,0,0,1,1,1,0,1,1,1,0,1,1,1,2,1,2,['Blockchain' 'Coinbase' 'Circle' 'Electrum'],Blockchain,1,0,0,0,0,0,1,0,0,0,0,1,0,1,0,0,1,0,1
126,Coinbase,0,0,1,1,1,0,1,0,1,0,1,1,0,1,0,0,0,0,1,0,0,3,3,2,['Coinbase' 'Blockchain' 'Circle' 'Electrum'],Coinbase,0,0,1,0,1,0,0,0,0,0,0,1,0,1,0,0,0,1,1
127,Circle,0,0,1,1,4,1,1,1,0,1,1,1,1,0,0,1,0,1,0,1,1,2,4,1,['Coinbase' 'Blockchain' 'Electrum' 'Circle'],Coinbase,0,0,1,0,1,0,0,0,0,1,0,0,0,0,0,1,0,1,1
128,Circle,0,0,1,1,4,1,1,1,1,0,1,1,1,1,1,1,0,0,0,1,0,5,1,3,['Blockchain' 'Coinbase' 'Electrum' 'Circle'],Blockchain,1,0,0,0,0,0,1,0,0,1,0,0,0,0,0,1,1,0,1
129,Electrum,1,1,0,0,3,0,1,0,1,1,0,0,1,0,0,0,1,0,0,0,1,3,5,5,['Blockchain' 'Coinbase' 'Circle' 'Electrum'],Blockchain,1,0,0,0,0,0,1,0,0,0,0,1,0,1,0,0,1,0,1
130,Circle,0,0,1,1,3,1,0,0,0,1,0,0,1,1,0,0,1,1,0,0,1,2,3,5,['Circle' 'Blockchain' 'Electrum' 'Coinbase'],Circle,0,0,0,1,1,0,0,0,0,1,0,0,0,0,1,0,0,1,1
131,Coinbase,0,0,1,1,4,1,1,0,1,0,0,0,1,0,1,0,1,0,1,0,0,1,4,5,['Circle' 'Electrum' 'Blockchain' 'Coinbase'],Circle,0,0,0,1,0,1,0,0,1,0,0,0,0,0,1,0,0,1,1
132,Coinbase,0,0,1,1,1,0,1,1,1,0,0,0,0,1,0,0,1,0,0,0,0,4,4,1,['Circle' 'Electrum' 'Blockchain' 'Coinbase'],Circle,0,0,0,1,0,1,0,0,1,0,0,0,0,0,1,0,0,1,1
133,Coinbase,0,0,1,1,4,0,1,0,1,0,0,0,0,1,1,0,1,1,0,1,1,3,5,4,['Electrum' 'Blockchain' 'Circle' 'Coinbase'],Electrum,0,1,0,0,1,0,0,0,0,0,0,1,0,0,1,0,1,0,0
134,Coinbase,0,0,1,1,3,1,0,0,1,1,0,0,1,0,0,0,1,1,1,0,0,5,3,4,['Coinbase' 'Blockchain' 'Circle' 'Electrum'],Coinbase,0,0,1,0,1,0,0,0,0,0,0,1,0,1,0,0,0,1,1
135,Blockchain,1,0,0,0,4,0,0,1,1,0,0,1,0,0,1,1,0,1,0,1,0,5,1,3,['Electrum' 'Circle' 'Blockchain' 'Coinbase'],Electrum,0,1,0,0,0,0,0,1,1,0,0,0,0,0,1,0,1,0,0
136,Circle,0,0,1,1,1,0,0,0,0,0,1,1,1,1,0,1,0,0,1,0,0,1,3,4,['Coinbase' 'Electrum' 'Circle' 'Blockchain'],Coinbase,0,0,1,0,0,1,0,0,0,0,0,1,1,0,0,0,0,1,1
137,Circle,0,0,1,1,2,0,1,1,0,0,0,0,0,1,1,0,0,1,0,0,0,4,5,1,['Blockchain' 'Coinbase' 'Electrum' 'Circle'],Blockchain,1,0,0,0,0,0,1,0,0,1,0,0,0,0,0,1,1,0,1
138,Blockchain,1,0,0,0,4,1,0,1,0,1,0,0,1,1,0,1,0,0,0,1,0,4,4,3,['Electrum' 'Circle' 'Coinbase' 'Blockchain'],Electrum,0,1,0,0,0,0,0,1,0,0,1,0,1,0,0,0,1,0,0
139,Circle,0,0,1,1,4,1,1,1,1,0,1,1,1,1,0,0,0,1,1,1,1,2,1,2,['Circle' 'Coinbase' 'Electrum' 'Blockchain'],Circle,0,0,0,1,0,0,1,0,0,1,0,0,1,0,0,0,0,1,1
140,Electrum,1,1,0,0,2,1,0,1,1,1,0,0,1,0,1,1,1,0,1,1,0,5,5,2,['Coinbase' 'Blockchain' 'Circle' 'Electrum'],Coinbase,0,0,1,0,1,0,0,0,0,0,0,1,0,1,0,0,0,1,1
141,Coinbase,0,0,1,1,4,1,0,0,0,1,1,0,0,1,1,1,0,0,1,0,1,5,2,5,['Blockchain' 'Electrum' 'Coinbase' 'Circle'],Blockchain,1,0,0,0,0,1,0,0,0,0,1,0,0,0,0,1,1,0,1
142,Circle,0,0,1,1,3,1,0,0,1,1,0,0,0,0,0,1,0,1,1,1,1,3,3,4,['Electrum' 'Blockchain' 'Circle' 'Coinbase'],Electrum,0,1,0,0,1,0,0,0,0,0,0,1,0,0,1,0,1,0,0
143,Blockchain,1,0,0,0,2,0,0,1,1,0,1,1,0,0,1,1,0,0,1,1,0,3,2,1,['Coinbase' 'Blockchain' 'Circle' 'Electrum'],Coinbase,0,0,1,0,1,0,0,0,0,0,0,1,0,1,0,0,0,1,1
144,Circle,0,0,1,1,1,1,1,0,1,1,0,1,1,0,1,0,0,0,1,0,0,2,2,3,['Electrum' 'Coinbase' 'Blockchain' 'Circle'],Electrum,0,1,0,0,0,0,1,0,1,0,0,0,0,0,0,1,1,0,0
145,Blockchain,1,0,0,0,2,0,1,1,0,1,1,1,0,0,1,1,1,1,0,1,0,2,4,2,['Blockchain' 'Coinbase' 'Circle' 'Electrum'],Blockchain,1,0,0,0,0,0,1,0,0,0,0,1,0,1,0,0,1,0,1
146,Coinbase,0,0,1,1,2,1,0,1,0,0,0,0,1,1,1,0,1,1,0,1,0,1,3,3,['Electrum' 'Coinbase' 'Blockchain' 'Circle'],Electrum,0,1,0,0,0,0,1,0,1,0,0,0,0,0,0,1,1,0,0
147,Blockchain,1,0,0,0,3,0,1,1,0,1,1,0,1,1,0,1,0,0,0,0,1,4,2,1,['Electrum' 'Circle' 'Blockchain' 'Coinbase'],Electrum,0,1,0,0,0,0,0,1,1,0,0,0,0,0,1,0,1,0,0
148,Blockchain,1,0,0,0,4,0,0,1,1,1,0,0,0,0,0,1,0,1,0,1,1,5,3,5,['Circle' 'Electrum' 'Blockchain' 'Coinbase'],Circle,0,0,0,1,0,1,0,0,1,0,0,0,0,0,1,0,0,1,1
149,Coinbase,0,0,1,1,1,1,0,1,1,0,1,0,1,0,1,1,0,0,1,0,0,3,1,2,['Blockchain' 'Circle' 'Electrum' 'Coinbase'],Blockchain,1,0,0,0,0,0,0,1,0,1,0,0,0,0,1,0,1,0,1
150,Blockchain,1,0,0,0,3,0,0,1,0,1,1,0,1,1,1,0,1,0,0,1,0,4,5,5,['Blockchain' 'Coinbase' 'Circle' 'Electrum'],Blockchain,1,0,0,0,0,0,1,0,0,0,0,1,0,1,0,0,1,0,1
151,Coinbase,0,0,1,1,1,0,0,1,0,1,1,1,1,1,1,1,0,0,1,1,1,3,5,2,['Electrum' 'Blockchain' 'Circle' 'Coinbase'],Electrum,0,1,0,0,1,0,0,0,0,0,0,1,0,0,1,0,1,0,0
152,Circle,0,0,1,1,2,0,1,0,0,0,1,1,0,1,0,0,1,0,0,0,1,4,4,3,['Circle' 'Electrum' 'Blockchain' 'Coinbase'],Circle,0,0,0,1,0,1,0,0,1,0,0,0,0,0,1,0,0,1,1
153,Blockchain,1,0,0,0,1,1,1,1,1,1,1,1,0,1,1,1,1,0,0,0,1,3,5,4,['Circle' 'Blockchain' 'Coinbase' 'Electrum'],Circle,0,0,0,1,1,0,0,0,0,0,1,0,0,1,0,0,0,1,1
154,Electrum,1,1,0,0,1,1,1,1,0,1,1,1,1,0,1,1,1,0,1,0,1,4,2,4,['Electrum' 'Blockchain' 'Circle' 'Coinbase'],Electrum,0,1,0,0,1,0,0,0,0,0,0,1,0,0,1,0,1,0,0
155,Blockchain,1,0,0,0,4,0,1,1,0,0,0,0,1,0,1,0,1,0,1,1,1,4,5,4,['Coinbase' 'Blockchain' 'Electrum' 'Circle'],Coinbase,0,0,1,0,1,0,0,0,0,1,0,0,0,0,0,1,0,1,1
156,Electrum,1,1,0,0,2,1,0,1,1,1,0,0,0,1,1,1,0,1,1,1,1,5,4,2,['Circle' 'Blockchain' 'Coinbase' 'Electrum'],Circle,0,0,0,1,1,0,0,0,0,0,1,0,0,1,0,0,0,1,1
157,Electrum,1,1,0,0,1,1,0,0,1,0,0,0,1,0,1,0,1,1,0,1,1,2,1,3,['Circle' 'Blockchain' 'Electrum' 'Coinbase'],Circle,0,0,0,1,1,0,0,0,0,1,0,0,0,0,1,0,0,1,1
158,Circle,0,0,1,1,3,0,1,1,1,0,1,0,1,1,0,1,0,0,1,0,0,2,4,1,['Coinbase' 'Electrum' 'Circle' 'Blockchain'],Coinbase,0,0,1,0,0,1,0,0,0,0,0,1,1,0,0,0,0,1,1
159,Coinbase,0,0,1,1,3,0,0,0,0,0,1,0,1,0,0,1,1,1,1,0,1,4,1,2,['Electrum' 'Circle' 'Blockchain' 'Coinbase'],Electrum,0,1,0,0,0,0,0,1,1,0,0,0,0,0,1,0,1,0,0
160,Electrum,1,1,0,0,3,1,1,0,1,0,0,1,0,1,0,1,1,1,0,1,1,2,5,3,['Blockchain' 'Coinbase' 'Circle' 'Electrum'],Blockchain,1,0,0,0,0,0,1,0,0,0,0,1,0,1,0,0,1,0,1
161,Electrum,1,1,0,0,3,1,0,1,1,1,1,0,1,0,1,1,0,0,1,1,1,5,3,1,['Electrum' 'Coinbase' 'Blockchain' 'Circle'],Electrum,0,1,0,0,0,0,1,0,1,0,0,0,0,0,0,1,1,0,0
162,Blockchain,1,0,0,0,4,1,0,0,0,1,0,0,0,1,0,1,1,0,1,1,0,1,4,4,['Electrum' 'Blockchain' 'Coinbase' 'Circle'],Electrum,0,1,0,0,1,0,0,0,0,0,1,0,0,0,0,1,1,0,0
163,Circle,0,0,1,1,4,1,0,0,1,0,0,1,1,1,1,1,0,0,0,1,1,2,1,4,['Electrum' 'Coinbase' 'Circle' 'Blockchain'],Electrum,0,1,0,0,0,0,1,0,0,0,0,1,1,0,0,0,1,0,0
164,Blockchain,1,0,0,0,1,1,1,1,0,1,0,0,0,0,1,1,0,1,0,0,1,1,4,3,['Electrum' 'Blockchain' 'Coinbase' 'Circle'],Electrum,0,1,0,0,1,0,0,0,0,0,1,0,0,0,0,1,1,0,0
165,Coinbase,0,0,1,1,3,0,0,0,1,0,1,0,1,0,0,0,1,0,1,1,1,4,5,4,['Coinbase' 'Blockchain' 'Electrum' 'Circle'],Coinbase,0,0,1,0,1,0,0,0,0,1,0,0,0,0,0,1,0,1,1
166,Coinbase,0,0,1,1,2,0,1,1,0,0,0,0,1,0,0,0,1,1,0,1,0,1,4,1,['Electrum' 'Coinbase' 'Blockchain' 'Circle'],Electrum,0,1,0,0,0,0,1,0,1,0,0,0,0,0,0,1,1,0,0
167,Circle,0,0,1,1,2,1,1,0,1,1,1,1,1,1,0,0,1,0,0,0,1,1,3,2,['Coinbase' 'Circle' 'Electrum' 'Blockchain'],Coinbase,0,0,1,0,0,0,0,1,0,1,0,0,1,0,0,0,0,1,1
168,Circle,0,0,1,1,1,0,0,1,0,1,1,0,1,1,1,1,1,1,0,1,1,4,3,4,['Electrum' 'Blockchain' 'Coinbase' 'Circle'],Electrum,0,1,0,0,1,0,0,0,0,0,1,0,0,0,0,1,1,0,0
169,Electrum,1,1,0,0,2,0,0,1,0,0,0,0,1,0,0,1,0,0,1,0,0,4,5,4,['Electrum' 'Circle' 'Blockchain' 'Coinbase'],Electrum,0,1,0,0,0,0,0,1,1,0,0,0,0,0,1,0,1,0,0
170,Coinbase,0,0,1,1,3,0,0,0,1,1,0,0,0,0,0,0,0,1,0,1,0,4,1,5,['Electrum' 'Coinbase' 'Blockchain' 'Circle'],Electrum,0,1,0,0,0,0,1,0,1,0,0,0,0,0,0,1,1,0,0
171,Electrum,1,1,0,0,4,1,1,0,1,1,0,1,1,1,1,0,1,0,1,1,0,4,5,3,['Blockchain' 'Coinbase' 'Electrum' 'Circle'],Blockchain,1,0,0,0,0,0,1,0,0,1,0,0,0,0,0,1,1,0,1
172,Circle,0,0,1,1,1,1,1,0,1,0,0,1,1,1,0,0,0,1,0,1,0,5,3,4,['Coinbase' 'Blockchain' 'Circle' 'Electrum'],Coinbase,0,0,1,0,1,0,0,0,0,0,0,1,0,1,0,0,0,1,1
173,Electrum,1,1,0,0,3,1,0,0,0,1,1,1,0,1,0,1,0,1,0,1,0,4,5,5,['Blockchain' 'Coinbase' 'Circle' 'Electrum'],Blockchain,1,0,0,0,0,0,1,0,0,0,0,1,0,1,0,0,1,0,1
174,Electrum,1,1,0,0,2,0,0,0,0,0,0,1,0,1,0,1,0,0,0,1,0,1,4,5,['Circle' 'Coinbase' 'Electrum' 'Blockchain'],Circle,0,0,0,1,0,0,1,0,0,1,0,0,1,0,0,0,0,1,1
175,Electrum,1,1,0,0,3,0,1,1,0,1,0,1,1,0,0,0,0,1,0,0,0,2,5,3,['Electrum' 'Circle' 'Coinbase' 'Blockchain'],Electrum,0,1,0,0,0,0,0,1,0,0,1,0,1,0,0,0,1,0,0
176,Electrum,1,1,0,0,2,0,0,1,0,1,0,1,1,0,1,1,1,1,1,0,1,1,3,1,['Coinbase' 'Circle' 'Blockchain' 'Electrum'],Coinbase,0,0,1,0,0,0,0,1,1,0,0,0,0,1,0,0,0,1,1
177,Blockchain,1,0,0,0,3,1,1,1,1,0,1,1,0,1,0,1,0,1,0,1,0,2,4,3,['Circle' 'Coinbase' 'Blockchain' 'Electrum'],Circle,0,0,0,1,0,0,1,0,1,0,0,0,0,1,0,0,0,1,1
178,Electrum,1,1,0,0,3,0,1,1,0,0,0,1,0,0,1,0,1,0,0,0,1,2,2,1,['Coinbase' 'Circle' 'Blockchain' 'Electrum'],Coinbase,0,0,1,0,0,0,0,1,1,0,0,0,0,1,0,0,0,1,1
179,Circle,0,0,1,1,3,0,0,1,1,1,0,1,1,1,0,0,0,1,0,0,0,2,4,2,['Electrum' 'Coinbase' 'Circle' 'Blockchain'],Electrum,0,1,0,0,0,0,1,0,0,0,0,1,1,0,0,0,1,0,0
180,Coinbase,0,0,1,1,3,1,0,1,1,1,1,0,1,0,0,0,1,1,1,1,1,5,3,1,['Coinbase' 'Blockchain' 'Circle' 'Electrum'],Coinbase,0,0,1,0,1,0,0,0,0,0,0,1,0,1,0,0,0,1,1
181,Electrum,1,1,0,0,2,0,1,1,1,1,0,1,0,0,0,1,1,1,0,0,1,2,2,2,['Coinbase' 'Electrum' 'Blockchain' 'Circle'],Coinbase,0,0,1,0,0,1,0,0,1,0,0,0,0,0,0,1,0,1,1
182,Blockchain,1,0,0,0,1,1,1,1,1,1,1,1,1,0,0,0,1,0,0,1,0,1,2,3,['Circle' 'Coinbase' 'Electrum' 'Blockchain'],Circle,0,0,0,1,0,0,1,0,0,1,0,0,1,0,0,0,0,1,1
183,Circle,0,0,1,1,4,1,0,1,0,0,1,0,1,1,0,0,0,0,1,0,1,3,3,1,['Blockchain' 'Circle' 'Electrum' 'Coinbase'],Blockchain,1,0,0,0,0,0,0,1,0,1,0,0,0,0,1,0,1,0,1
184,Electrum,1,1,0,0,3,1,0,1,1,0,1,1,0,0,1,1,1,1,0,1,0,3,3,5,['Electrum' 'Blockchain' 'Coinbase' 'Circle'],Electrum,0,1,0,0,1,0,0,0,0,0,1,0,0,0,0,1,1,0,0
185,Coinbase,0,0,1,1,1,0,1,0,1,1,0,0,0,1,1,1,1,0,0,1,1,2,2,1,['Circle' 'Electrum' 'Coinbase' 'Blockchain'],Circle,0,0,0,1,0,1,0,0,0,0,1,0,1,0,0,0,0,1,1
186,Coinbase,0,0,1,1,3,0,1,0,1,0,1,0,0,1,1,0,1,1,1,0,1,1,3,1,['Circle' 'Coinbase' 'Blockchain' 'Electrum'],Circle,0,0,0,1,0,0,1,0,1,0,0,0,0,1,0,0,0,1,1
187,Electrum,1,1,0,0,2,0,1,1,1,0,1,0,1,0,1,0,1,1,1,1,0,3,4,5,['Blockchain' 'Coinbase' 'Circle' 'Electrum'],Blockchain,1,0,0,0,0,0,1,0,0,0,0,1,0,1,0,0,1,0,1
188,Coinbase,0,0,1,1,3,0,0,0,0,0,1,0,0,0,0,0,1,0,0,0,1,2,2,4,['Blockchain' 'Coinbase' 'Electrum' 'Circle'],Blockchain,1,0,0,0,0,0,1,0,0,1,0,0,0,0,0,1,1,0,1
189,Blockchain,1,0,0,0,4,1,1,1,0,1,0,0,1,1,1,1,1,1,0,1,1,1,5,3,['Circle' 'Blockchain' 'Electrum' 'Coinbase'],Circle,0,0,0,1,1,0,0,0,0,1,0,0,0,0,1,0,0,1,1
190,Electrum,1,1,0,0,4,1,0,0,1,1,1,1,1,1,0,0,1,1,1,0,0,3,4,5,['Blockchain' 'Coinbase' 'Circle' 'Electrum'],Blockchain,1,0,0,0,0,0,1,0,0,0,0,1,0,1,0,0,1,0,1
191,Circle,0,0,1,1,3,1,0,1,1,0,0,0,1,1,1,0,0,0,0,0,1,5,1,5,['Coinbase' 'Circle' 'Blockchain' 'Electrum'],Coinbase,0,0,1,0,0,0,0,1,1,0,0,0,0,1,0,0,0,1,1
192,Circle,0,0,1,1,4,1,0,0,0,1,1,1,1,0,0,1,0,1,0,1,1,1,3,5,['Blockchain' 'Coinbase' 'Circle' 'Electrum'],Blockchain,1,0,0,0,0,0,1,0,0,0,0,1,0,1,0,0,1,0,1
193,Coinbase,0,0,1,1,2,0,0,1,1,1,1,0,0,1,0,0,0,1,0,1,0,4,2,3,['Blockchain' 'Coinbase' 'Circle' 'Electrum'],Blockchain,1,0,0,0,0,0,1,0,0,0,0,1,0,1,0,0,1,0,1
194,Blockchain,1,0,0,0,3,0,1,1,1,1,0,1,1,1,1,1,0,0,0,0,0,3,4,4,['Electrum' 'Coinbase' 'Blockchain' 'Circle'],Electrum,0,1,0,0,0,0,1,0,1,0,0,0,0,0,0,1,1,0,0
195,Circle,0,0,1,1,2,1,1,0,1,0,0,0,0,0,1,0,1,0,0,1,1,4,1,3,['Coinbase' 'Electrum' 'Blockchain' 'Circle'],Coinbase,0,0,1,0,0,1,0,0,1,0,0,0,0,0,0,1,0,1,1
196,Circle,0,0,1,1,1,0,1,1,1,1,1,0,0,0,0,1,1,1,0,0,0,4,1,1,['Blockchain' 'Electrum' 'Circle' 'Coinbase'],Blockchain,1,0,0,0,0,1,0,0,0,0,0,1,0,0,1,0,1,0,1
197,Blockchain,1,0,0,0,3,1,0,1,1,1,0,1,0,1,0,0,0,1,1,0,0,5,5,3,['Circle' 'Coinbase' 'Electrum' 'Blockchain'],Circle,0,0,0,1,0,0,1,0,0,1,0,0,1,0,0,0,0,1,1
198,Coinbase,0,0,1,1,1,0,0,1,0,1,0,0,0,0,1,0,1,0,0,1,1,3,1,2,['Electrum' 'Coinbase' 'Blockchain' 'Circle'],Electrum,0,1,0,0,0,0,1,0,1,0,0,0,0,0,0,1,1,0,0
199,Electrum,1,1,0,0,4,1,0,0,0,1,1,1,1,1,1,0,1,1,0,0,0,4,1,4,['Electrum' 'Blockchain' 'Circle' 'Coinbase'],Electrum,0,1,0,0,1,0,0,0,0,0,0,1,0,0,1,0,1,0,0
200,Coinbase,0,0,1,1,3,1,1,0,1,0,0,0,1,0,0,0,0,0,0,1,1,2,3,3,['Electrum' 'Circle' 'Coinbase' 'Blockchain'],Electrum,0,1,0,0,0,0,0,1,0,0,1,0,1,0,0,0,1,0,0
201,Electrum,1,1,0,0,3,1,1,0,0,0,0,1,0,0,0,0,1,1,1,1,1,4,3,5,['Blockchain' 'Circle' 'Electrum' 'Coinbase'],Blockchain,1,0,0,0,0,0,0,1,0,1,0,0,0,0,1,0,1,0,1
202,Electrum,1,1,0,0,4,1,1,0,0,0,1,0,1,1,1,1,0,0,1,0,0,4,4,2,['Coinbase' 'Circle' 'Blockchain' 'Electrum'],Coinbase,0,0,1,0,0,0,0,1,1,0,0,0,0,1,0,0,0,1,1
203,Coinbase,0,0,1,1,1,1,0,1,1,0,1,1,0,0,1,0,1,1,1,1,1,5,2,2,['Blockchain' 'Circle' 'Coinbase' 'Electrum'],Blockchain,1,0,0,0,0,0,0,1,0,0,1,0,0,1,0,0,1,0,1
204,Electrum,1,1,0,0,2,1,1,1,1,0,1,0,1,0,1,0,1,0,1,1,0,2,3,2,['Electrum' 'Blockchain' 'Coinbase' 'Circle'],Electrum,0,1,0,0,1,0,0,0,0,0,1,0,0,0,0,1,1,0,0
205,Electrum,1,1,0,0,4,0,1,1,1,0,1,0,0,0,1,1,0,0,0,0,0,4,2,5,['Coinbase' 'Electrum' 'Circle' 'Blockchain'],Coinbase,0,0,1,0,0,1,0,0,0,0,0,1,1,0,0,0,0,1,1
206,Coinbase,0,0,1,1,3,0,1,1,0,0,0,0,1,1,1,1,0,0,0,1,1,1,4,2,['Circle' 'Blockchain' 'Coinbase' 'Electrum'],Circle,0,0,0,1,1,0,0,0,0,0,1,0,0,1,0,0,0,1,1
207,Blockchain,1,0,0,0,2,1,0,0,0,1,0,0,0,0,0,0,0,0,0,0,1,1,1,3,['Circle' 'Electrum' 'Coinbase' 'Blockchain'],Circle,0,0,0,1,0,1,0,0,0,0,1,0,1,0,0,0,0,1,1
208,Blockchain,1,0,0,0,2,0,0,1,0,1,0,1,0,1,0,0,1,0,1,1,1,4,5,5,['Circle' 'Electrum' 'Blockchain' 'Coinbase'],Circle,0,0,0,1,0,1,0,0,1,0,0,0,0,0,1,0,0,1,1
209,Coinbase,0,0,1,1,1,0,1,0,0,0,1,1,0,0,1,1,0,0,0,1,0,4,3,2,['Electrum' 'Blockchain' 'Circle' 'Coinbase'],Electrum,0,1,0,0,1,0,0,0,0,0,0,1,0,0,1,0,1,0,0
210,Electrum,1,1,0,0,3,0,1,0,1,0,0,0,1,0,1,0,1,0,1,0,0,1,5,2,['Circle' 'Blockchain' 'Coinbase' 'Electrum'],Circle,0,0,0,1,1,0,0,0,0,0,1,0,0,1,0,0,0,1,1
211,Electrum,1,1,0,0,2,0,0,0,0,1,0,0,1,1,1,0,0,1,1,1,0,2,2,5,['Circle' 'Coinbase' 'Blockchain' 'Electrum'],Circle,0,0,0,1,0,0,1,0,1,0,0,0,0,1,0,0,0,1,1
212,Blockchain,1,0,0,0,4,1,1,0,0,0,0,1,1,1,1,1,1,0,0,1,1,3,1,2,['Blockchain' 'Coinbase' 'Electrum' 'Circle'],Blockchain,1,0,0,0,0,0,1,0,0,1,0,0,0,0,0,1,1,0,1
213,Coinbase,0,0,1,1,3,1,0,0,0,1,1,1,1,0,1,1,1,1,1,0,0,4,5,4,['Circle' 'Coinbase' 'Electrum' 'Blockchain'],Circle,0,0,0,1,0,0,1,0,0,1,0,0,1,0,0,0,0,1,1
214,Electrum,1,1,0,0,2,0,0,0,1,0,1,1,1,1,0,1,0,1,0,0,1,4,1,1,['Electrum' 'Coinbase' 'Circle' 'Blockchain'],Electrum,0,1,0,0,0,0,1,0,0,0,0,1,1,0,0,0,1,0,0
215,Circle,0,0,1,1,3,0,1,1,0,1,0,0,1,0,1,1,1,1,1,1,0,1,5,5,['Circle' 'Coinbase' 'Blockchain' 'Electrum'],Circle,0,0,0,1,0,0,1,0,1,0,0,0,0,1,0,0,0,1,1
216,Coinbase,0,0,1,1,3,0,0,0,1,0,0,0,0,1,1,1,1,1,1,0,1,5,5,5,['Circle' 'Electrum' 'Blockchain' 'Coinbase'],Circle,0,0,0,1,0,1,0,0,1,0,0,0,0,0,1,0,0,1,1
217,Blockchain,1,0,0,0,1,1,0,0,1,0,0,0,1,0,1,0,1,0,0,1,0,3,5,4,['Blockchain' 'Electrum' 'Circle' 'Coinbase'],Blockchain,1,0,0,0,0,1,0,0,0,0,0,1,0,0,1,0,1,0,1
218,Blockchain,1,0,0,0,2,1,0,0,0,1,0,0,1,1,0,0,0,1,0,1,0,5,2,5,['Blockchain' 'Coinbase' 'Circle' 'Electrum'],Blockchain,1,0,0,0,0,0,1,0,0,0,0,1,0,1,0,0,1,0,1
219,Coinbase,0,0,1,1,3,0,1,1,1,0,0,1,0,0,1,1,1,0,0,1,0,4,4,4,['Coinbase' 'Circle' 'Blockchain' 'Electrum'],Coinbase,0,0,1,0,0,0,0,1,1,0,0,0,0,1,0,0,0,1,1
220,Electrum,1,1,0,0,3,0,0,1,0,1,1,1,0,0,0,1,0,0,0,1,1,3,1,5,['Electrum' 'Blockchain' 'Coinbase' 'Circle'],Electrum,0,1,0,0,1,0,0,0,0,0,1,0,0,0,0,1,1,0,0
221,Blockchain,1,0,0,0,3,0,1,1,0,0,1,1,0,1,1,1,0,0,1,0,0,4,4,3,['Circle' 'Coinbase' 'Electrum' 'Blockchain'],Circle,0,0,0,1,0,0,1,0,0,1,0,0,1,0,0,0,0,1,1
222,Blockchain,1,0,0,0,1,0,0,0,1,0,1,1,0,0,1,1,1,1,0,0,0,2,2,4,['Coinbase' 'Circle' 'Electrum' 'Blockchain'],Coinbase,0,0,1,0,0,0,0,1,0,1,0,0,1,0,0,0,0,1,1
223,Electrum,1,1,0,0,2,1,0,0,1,1,1,1,1,0,1,0,1,0,0,0,1,1,3,3,['Electrum' 'Blockchain' 'Circle' 'Coinbase'],Electrum,0,1,0,0,1,0,0,0,0,0,0,1,0,0,1,0,1,0,0
224,Coinbase,0,0,1,1,2,1,1,0,0,0,0,1,0,0,1,0,1,0,0,0,0,5,2,3,['Electrum' 'Circle' 'Coinbase' 'Blockchain'],Electrum,0,1,0,0,0,0,0,1,0,0,1,0,1,0,0,0,1,0,0
225,Electrum,1,1,0,0,4,1,1,0,1,1,1,1,1,0,0,1,0,1,1,1,0,5,5,5,['Circle' 'Electrum' 'Blockchain' 'Coinbase'],Circle,0,0,0,1,0,1,0,0,1,0,0,0,0,0,1,0,0,1,1
226,Circle,0,0,1,1,3,1,0,0,1,1,1,1,0,0,0,1,0,0,1,0,1,4,2,2,['Coinbase' 'Circle' 'Blockchain' 'Electrum'],Coinbase,0,0,1,0,0,0,0,1,1,0,0,0,0,1,0,0,0,1,1
227,Electrum,1,1,0,0,2,0,0,1,1,0,0,1,1,1,0,1,0,0,0,1,0,5,2,5,['Electrum' 'Circle' 'Blockchain' 'Coinbase'],Electrum,0,1,0,0,0,0,0,1,1,0,0,0,0,0,1,0,1,0,0
228,Blockchain,1,0,0,0,4,1,1,1,1,0,1,0,0,0,1,1,1,1,1,1,0,4,2,3,['Blockchain' 'Circle' 'Coinbase' 'Electrum'],Blockchain,1,0,0,0,0,0,0,1,0,0,1,0,0,1,0,0,1,0,1
229,Circle,0,0,1,1,4,1,0,0,0,0,1,1,0,1,1,1,0,1,1,0,1,3,5,1,['Electrum' 'Coinbase' 'Circle' 'Blockchain'],Electrum,0,1,0,0,0,0,1,0,0,0,0,1,1,0,0,0,1,0,0
230,Blockchain,1,0,0,0,1,1,0,0,0,0,1,0,0,1,1,0,0,0,0,1,1,4,1,2,['Electrum' 'Blockchain' 'Circle' 'Coinbase'],Electrum,0,1,0,0,1,0,0,0,0,0,0,1,0,0,1,0,1,0,0
231,Coinbase,0,0,1,1,1,0,0,0,1,1,0,1,0,1,0,0,1,1,1,0,0,4,4,2,['Circle' 'Coinbase' 'Blockchain' 'Electrum'],Circle,0,0,0,1,0,0,1,0,1,0,0,0,0,1,0,0,0,1,1
232,Circle,0,0,1,1,1,1,1,1,1,1,1,0,1,1,1,0,1,1,0,0,1,3,3,3,['Coinbase' 'Blockchain' 'Circle' 'Electrum'],Coinbase,0,0,1,0,1,0,0,0,0,0,0,1,0,1,0,0,0,1,1
233,Blockchain,1,0,0,0,3,0,0,0,1,1,1,1,0,1,1,0,0,1,1,0,1,1,5,2,['Electrum' 'Coinbase' 'Circle' 'Blockchain'],Electrum,0,1,0,0,0,0,1,0,0,0,0,1,1,0,0,0,1,0,0
234,Circle,0,0,1,1,1,0,1,0,1,0,1,0,0,0,1,1,0,1,1,1,0,3,2,3,['Circle' 'Blockchain' 'Coinbase' 'Electrum'],Circle,0,0,0,1,1,0,0,0,0,0,1,0,0,1,0,0,0,1,1
235,Coinbase,0,0,1,1,2,0,1,0,1,1,0,1,1,1,1,1,1,1,1,0,0,5,3,2,['Coinbase' 'Electrum' 'Blockchain' 'Circle'],Coinbase,0,0,1,0,0,1,0,0,1,0,0,0,0,0,0,1,0,1,1
236,Blockchain,1,0,0,0,2,0,0,0,0,1,1,1,1,1,0,1,1,0,0,1,1,5,3,4,['Coinbase' 'Blockchain' 'Circle' 'Electrum'],Coinbase,0,0,1,0,1,0,0,0,0,0,0,1,0,1,0,0,0,1,1
237,Electrum,1,1,0,0,2,1,1,1,0,0,1,0,0,1,0,0,0,1,1,0,1,2,5,5,['Coinbase' 'Circle' 'Electrum' 'Blockchain'],Coinbase,0,0,1,0,0,0,0,1,0,1,0,0,1,0,0,0,0,1,1
238,Circle,0,0,1,1,1,0,1,0,0,0,1,0,0,0,0,0,1,0,0,0,1,2,3,4,['Electrum' 'Blockchain' 'Coinbase' 'Circle'],Electrum,0,1,0,0,1,0,0,0,0,0,1,0,0,0,0,1,1,0,0
239,Coinbase,0,0,1,1,1,0,1,0,1,1,0,0,0,0,1,0,0,0,0,1,0,2,4,1,['Blockchain' 'Circle' 'Electrum' 'Coinbase'],Blockchain,1,0,0,0,0,0,0,1,0,1,0,0,0,0,1,0,1,0,1
240,Circle,0,0,1,1,4,0,1,0,0,1,1,1,1,1,1,0,0,1,0,0,0,1,1,2,['Coinbase' 'Circle' 'Blockchain' 'Electrum'],Coinbase,0,0,1,0,0,0,0,1,1,0,0,0,0,1,0,0,0,1,1
241,Electrum,1,1,0,0,4,0,0,1,0,1,0,0,0,0,0,1,1,0,0,1,0,3,5,5,['Blockchain' 'Electrum' 'Circle' 'Coinbase'],Blockchain,1,0,0,0,0,1,0,0,0,0,0,1,0,0,1,0,1,0,1
242,Coinbase,0,0,1,1,3,0,0,0,1,1,1,1,0,0,0,1,0,1,0,0,1,3,3,1,['Electrum' 'Circle' 'Blockchain' 'Coinbase'],Electrum,0,1,0,0,0,0,0,1,1,0,0,0,0,0,1,0,1,0,0
243,Coinbase,0,0,1,1,3,1,1,1,1,1,0,1,1,0,1,0,0,1,1,1,0,4,5,3,['Coinbase' 'Circle' 'Electrum' 'Blockchain'],Coinbase,0,0,1,0,0,0,0,1,0,1,0,0,1,0,0,0,0,1,1
244,Circle,0,0,1,1,4,0,0,0,1,0,1,1,0,1,0,1,0,1,1,0,0,3,4,1,['Circle' 'Electrum' 'Coinbase' 'Blockchain'],Circle,0,0,0,1,0,1,0,0,0,0,1,0,1,0,0,0,0,1,1
245,Electrum,1,1,0,0,4,0,0,0,0,0,0,1,0,1,0,1,0,0,0,1,0,4,2,3,['Electrum' 'Blockchain' 'Circle' 'Coinbase'],Electrum,0,1,0,0,1,0,0,0,0,0,0,1,0,0,1,0,1,0,0
246,Electrum,1,1,0,0,2,0,0,1,0,0,1,1,1,0,1,0,1,0,0,1,0,4,5,2,['Circle' 'Electrum' 'Blockchain' 'Coinbase'],Circle,0,0,0,1,0,1,0,0,1,0,0,0,0,0,1,0,0,1,1
247,Electrum,1,1,0,0,3,1,0,1,1,1,1,0,0,0,1,0,0,0,1,1,1,5,4,3,['Coinbase' 'Circle' 'Blockchain' 'Electrum'],Coinbase,0,0,1,0,0,0,0,1,1,0,0,0,0,1,0,0,0,1,1
248,Blockchain,1,0,0,0,4,1,1,0,1,0,1,0,0,1,1,0,1,0,0,0,0,4,5,1,['Coinbase' 'Blockchain' 'Electrum' 'Circle'],Coinbase,0,0,1,0,1,0,0,0,0,1,0,0,0,0,0,1,0,1,1
249,Blockchain,1,0,0,0,3,1,1,1,1,0,1,1,0,0,0,1,1,0,0,1,0,1,3,4,['Blockchain' 'Circle' 'Electrum' 'Coinbase'],Blockchain,1,0,0,0,0,0,0,1,0,1,0,0,0,0,1,0,1,0,1
250,Circle,0,0,1,1,1,0,0,1,1,0,0,0,0,0,1,0,0,0,0,0,0,2,1,1,['Blockchain' 'Coinbase' 'Circle' 'Electrum'],Blockchain,1,0,0,0,0,0,1,0,0,0,0,1,0,1,0,0,1,0,1
251,Blockchain,1,0,0,0,2,0,1,0,0,1,0,1,0,1,1,0,0,1,1,1,1,4,1,5,['Circle' 'Blockchain' 'Electrum' 'Coinbase'],Circle,0,0,0,1,1,0,0,0,0,1,0,0,0,0,1,0,0,1,1
252,Electrum,1,1,0,0,2,1,1,0,1,1,0,1,1,0,0,1,1,0,0,1,1,2,4,4,['Electrum' 'Coinbase' 'Circle' 'Blockchain'],Electrum,0,1,0,0,0,0,1,0,0,0,0,1,1,0,0,0,1,0,0
253,Blockchain,1,0,0,0,1,0,1,1,0,1,0,0,0,0,0,1,0,0,1,0,1,3,2,3,['Coinbase' 'Blockchain' 'Electrum' 'Circle'],Coinbase,0,0,1,0,1,0,0,0,0,1,0,0,0,0,0,1,0,1,1
254,Circle,0,0,1,1,3,0,1,0,0,1,0,0,1,0,0,1,1,1,1,1,0,5,4,3,['Blockchain' 'Electrum' 'Coinbase' 'Circle'],Blockchain,1,0,0,0,0,1,0,0,0,0,1,0,0,0,0,1,1,0,1
255,Coinbase,0,0,1,1,2,0,1,1,1,1,1,1,0,0,1,0,0,1,1,1,0,1,1,1,['Electrum' 'Circle' 'Blockchain' 'Coinbase'],Electrum,0,1,0,0,0,0,0,1,1,0,0,0,0,0,1,0,1,0,0
256,Blockchain,1,0,0,0,4,0,0,0,1,0,0,0,0,0,0,1,0,1,1,0,1,2,4,3,['Electrum' 'Circle' 'Coinbase' 'Blockchain'],Electrum,0,1,0,0,0,0,0,1,0,0,1,0,1,0,0,0,1,0,0
257,Coinbase,0,0,1,1,3,1,0,0,1,1,1,1,1,1,1,0,0,1,0,1,0,2,2,5,['Coinbase' 'Electrum' 'Circle' 'Blockchain'],Coinbase,0,0,1,0,0,1,0,0,0,0,0,1,1,0,0,0,0,1,1
258,Circle,0,0,1,1,3,0,1,0,0,0,0,0,0,0,1,0,1,1,1,0,0,2,3,4,['Circle' 'Electrum' 'Blockchain' 'Coinbase'],Circle,0,0,0,1,0,1,0,0,1,0,0,0,0,0,1,0,0,1,1
259,Blockchain,1,0,0,0,3,1,1,0,1,1,1,1,1,0,0,0,0,1,1,1,1,2,2,2,['Electrum' 'Circle' 'Coinbase' 'Blockchain'],Electrum,0,1,0,0,0,0,0,1,0,0,1,0,1,0,0,0,1,0,0
260,Blockchain,1,0,0,0,4,0,1,0,0,0,0,0,1,0,0,1,0,1,0,0,0,3,1,2,['Circle' 'Coinbase' 'Electrum' 'Blockchain'],Circle,0,0,0,1,0,0,1,0,0,1,0,0,1,0,0,0,0,1,1
261,Electrum,1,1,0,0,4,0,0,1,0,1,1,0,1,0,0,0,0,0,1,0,1,1,4,1,['Circle' 'Blockchain' 'Coinbase' 'Electrum'],Circle,0,0,0,1,1,0,0,0,0,0,1,0,0,1,0,0,0,1,1
262,Coinbase,0,0,1,1,3,1,1,1,1,0,0,1,0,0,0,0,1,1,1,1,0,1,3,4,['Blockchain' 'Coinbase' 'Circle' 'Electrum'],Blockchain,1,0,0,0,0,0,1,0,0,0,0,1,0,1,0,0,1,0,1
263,Coinbase,0,0,1,1,2,1,1,0,0,0,1,0,1,0,1,0,0,1,0,0,1,2,3,1,['Blockchain' 'Circle' 'Electrum' 'Coinbase'],Blockchain,1,0,0,0,0,0,0,1,0,1,0,0,0,0,1,0,1,0,1
264,Coinbase,0,0,1,1,3,0,0,0,0,1,0,0,1,1,0,1,0,0,1,0,0,2,3,5,['Electrum' 'Coinbase' 'Circle' 'Blockchain'],Electrum,0,1,0,0,0,0,1,0,0,0,0,1,1,0,0,0,1,0,0
265,Circle,0,0,1,1,3,1,1,1,0,1,0,0,0,1,1,0,0,1,0,1,0,2,5,5,['Coinbase' 'Circle' 'Blockchain' 'Electrum'],Coinbase,0,0,1,0,0,0,0,1,1,0,0,0,0,1,0,0,0,1,1
266,Coinbase,0,0,1,1,1,0,0,1,1,0,1,0,1,0,1,1,0,1,1,1,1,4,1,2,['Coinbase' 'Electrum' 'Circle' 'Blockchain'],Coinbase,0,0,1,0,0,1,0,0,0,0,0,1,1,0,0,0,0,1,1
267,Electrum,1,1,0,0,3,0,0,1,1,0,0,0,0,0,0,1,1,0,1,1,1,1,5,2,['Electrum' 'Blockchain' 'Circle' 'Coinbase'],Electrum,0,1,0,0,1,0,0,0,0,0,0,1,0,0,1,0,1,0,0
268,Circle,0,0,1,1,4,1,0,1,1,0,0,0,0,0,0,0,1,0,1,1,1,3,1,1,['Blockchain' 'Coinbase' 'Circle' 'Electrum'],Blockchain,1,0,0,0,0,0,1,0,0,0,0,1,0,1,0,0,1,0,1
269,Coinbase,0,0,1,1,4,1,1,1,1,0,1,0,1,0,1,0,0,1,1,1,1,4,3,4,['Electrum' 'Blockchain' 'Coinbase' 'Circle'],Electrum,0,1,0,0,1,0,0,0,0,0,1,0,0,0,0,1,1,0,0
270,Circle,0,0,1,1,2,1,0,0,1,0,0,0,1,0,1,1,1,1,0,1,0,4,1,3,['Electrum' 'Coinbase' 'Blockchain' 'Circle'],Electrum,0,1,0,0,0,0,1,0,1,0,0,0,0,0,0,1,1,0,0
271,Coinbase,0,0,1,1,2,0,1,1,0,0,1,1,1,0,1,0,0,0,1,0,1,3,3,3,['Electrum' 'Coinbase' 'Circle' 'Blockchain'],Electrum,0,1,0,0,0,0,1,0,0,0,0,1,1,0,0,0,1,0,0
272,Electrum,1,1,0,0,2,1,1,0,0,1,1,1,0,0,0,0,0,0,1,1,1,2,4,4,['Blockchain' 'Coinbase' 'Electrum' 'Circle'],Blockchain,1,0,0,0,0,0,1,0,0,1,0,0,0,0,0,1,1,0,1
273,Coinbase,0,0,1,1,3,1,0,1,0,0,0,1,1,0,1,1,1,0,0,0,0,5,5,2,['Coinbase' 'Blockchain' 'Circle' 'Electrum'],Coinbase,0,0,1,0,1,0,0,0,0,0,0,1,0,1,0,0,0,1,1
274,Coinbase,0,0,1,1,2,0,0,0,1,0,0,1,1,0,0,0,1,1,1,0,0,5,2,1,['Coinbase' 'Electrum' 'Circle' 'Blockchain'],Coinbase,0,0,1,0,0,1,0,0,0,0,0,1,1,0,0,0,0,1,1
275,Circle,0,0,1,1,4,0,1,1,1,0,1,0,0,1,1,1,0,0,1,0,1,1,1,2,['Electrum' 'Circle' 'Coinbase' 'Blockchain'],Electrum,0,1,0,0,0,0,0,1,0,0,1,0,1,0,0,0,1,0,0
276,Electrum,1,1,0,0,3,1,1,0,0,0,1,0,1,0,1,0,1,1,0,1,1,3,5,1,['Electrum' 'Blockchain' 'Coinbase' 'Circle'],Electrum,0,1,0,0,1,0,0,0,0,0,1,0,0,0,0,1,1,0,0
277,Coinbase,0,0,1,1,4,0,1,1,1,0,1,0,1,0,0,1,0,0,0,1,0,2,1,4,['Electrum' 'Blockchain' 'Coinbase' 'Circle'],Electrum,0,1,0,0,1,0,0,0,0,0,1,0,0,0,0,1,1,0,0
278,Electrum,1,1,0,0,4,1,0,1,0,0,0,1,0,0,0,0,1,0,0,1,0,1,5,2,['Blockchain' 'Electrum' 'Circle' 'Coinbase'],Blockchain,1,0,0,0,0,1,0,0,0,0,0,1,0,0,1,0,1,0,1
279,Circle,0,0,1,1,4,1,0,0,0,0,1,1,1,0,0,1,0,1,1,0,1,2,1,3,['Electrum' 'Coinbase' 'Circle' 'Blockchain'],Electrum,0,1,0,0,0,0,1,0,0,0,0,1,1,0,0,0,1,0,0
280,Coinbase,0,0,1,1,3,0,1,0,0,0,0,1,1,0,1,1,0,1,0,0,0,1,3,5,['Electrum' 'Coinbase' 'Circle' 'Blockchain'],Electrum,0,1,0,0,0,0,1,0,0,0,0,1,1,0,0,0,1,0,0
281,Coinbase,0,0,1,1,1,0,1,1,1,0,1,0,1,1,0,0,1,0,1,1,1,1,1,3,['Electrum' 'Circle' 'Blockchain' 'Coinbase'],Electrum,0,1,0,0,0,0,0,1,1,0,0,0,0,0,1,0,1,0,0
282,Circle,0,0,1,1,3,1,0,1,0,0,0,0,0,1,1,0,0,0,1,0,1,4,3,5,['Circle' 'Electrum' 'Blockchain' 'Coinbase'],Circle,0,0,0,1,0,1,0,0,1,0,0,0,0,0,1,0,0,1,1
283,Electrum,1,1,0,0,1,0,0,0,0,0,1,1,0,1,1,0,1,0,1,0,0,4,5,5,['Blockchain' 'Coinbase' 'Electrum' 'Circle'],Blockchain,1,0,0,0,0,0,1,0,0,1,0,0,0,0,0,1,1,0,1
284,Blockchain,1,0,0,0,2,0,0,0,0,1,0,1,1,0,0,1,1,1,0,1,1,3,3,2,['Blockchain' 'Coinbase' 'Electrum' 'Circle'],Blockchain,1,0,0,0,0,0,1,0,0,1,0,0,0,0,0,1,1,0,1
285,Circle,0,0,1,1,4,0,1,0,0,0,1,1,1,1,0,0,0,0,0,0,1,4,1,1,['Circle' 'Electrum' 'Coinbase' 'Blockchain'],Circle,0,0,0,1,0,1,0,0,0,0,1,0,1,0,0,0,0,1,1
286,Blockchain,1,0,0,0,1,0,0,1,0,0,1,1,1,0,1,0,0,0,1,1,1,2,3,5,['Coinbase' 'Blockchain' 'Circle' 'Electrum'],Coinbase,0,0,1,0,1,0,0,0,0,0,0,1,0,1,0,0,0,1,1
287,Coinbase,0,0,1,1,3,0,1,1,1,1,1,1,0,0,0,1,0,0,0,1,0,4,3,5,['Circle' 'Coinbase' 'Blockchain' 'Electrum'],Circle,0,0,0,1,0,0,1,0,1,0,0,0,0,1,0,0,0,1,1
288,Coinbase,0,0,1,1,1,0,0,1,1,0,0,1,0,1,0,0,1,1,0,1,1,5,1,3,['Blockchain' 'Electrum' 'Coinbase' 'Circle'],Blockchain,1,0,0,0,0,1,0,0,0,0,1,0,0,0,0,1,1,0,1
289,Coinbase,0,0,1,1,4,1,0,0,0,1,0,0,1,1,1,1,0,1,1,1,0,1,3,2,['Coinbase' 'Electrum' 'Circle' 'Blockchain'],Coinbase,0,0,1,0,0,1,0,0,0,0,0,1,1,0,0,0,0,1,1
290,Circle,0,0,1,1,4,1,0,0,0,0,0,1,1,0,0,1,0,1,1,1,1,5,5,4,['Coinbase' 'Circle' 'Blockchain' 'Electrum'],Coinbase,0,0,1,0,0,0,0,1,1,0,0,0,0,1,0,0,0,1,1
291,Electrum,1,1,0,0,4,1,0,0,0,1,0,1,1,0,0,0,0,0,1,1,1,4,2,2,['Blockchain' 'Electrum' 'Coinbase' 'Circle'],Blockchain,1,0,0,0,0,1,0,0,0,0,1,0,0,0,0,1,1,0,1
292,Circle,0,0,1,1,2,0,1,0,1,0,0,0,1,0,1,1,1,0,1,1,0,4,3,3,['Blockchain' 'Electrum' 'Circle' 'Coinbase'],Blockchain,1,0,0,0,0,1,0,0,0,0,0,1,0,0,1,0,1,0,1
293,Electrum,1,1,0,0,1,1,1,1,1,1,0,0,0,0,1,1,1,1,1,0,0,3,4,3,['Blockchain' 'Electrum' 'Coinbase' 'Circle'],Blockchain,1,0,0,0,0,1,0,0,0,0,1,0,0,0,0,1,1,0,1
294,Coinbase,0,0,1,1,4,1,1,1,0,0,1,1,0,0,1,1,0,0,1,0,1,5,1,2,['Electrum' 'Blockchain' 'Circle' 'Coinbase'],Electrum,0,1,0,0,1,0,0,0,0,0,0,1,0,0,1,0,1,0,0
295,Coinbase,0,0,1,1,3,0,1,0,1,1,1,1,1,1,0,1,1,0,1,1,0,1,2,1,['Coinbase' 'Circle' 'Electrum' 'Blockchain'],Coinbase,0,0,1,0,0,0,0,1,0,1,0,0,1,0,0,0,0,1,1
296,Coinbase,0,0,1,1,2,1,0,1,1,0,0,1,1,0,0,0,0,1,1,0,1,4,5,2,['Circle' 'Blockchain' 'Coinbase' 'Electrum'],Circle,0,0,0,1,1,0,0,0,0,0,1,0,0,1,0,0,0,1,1
297,Coinbase,0,0,1,1,3,0,1,0,0,1,0,0,0,0,1,1,1,1,1,1,0,3,4,2,['Electrum' 'Blockchain' 'Circle' 'Coinbase'],Electrum,0,1,0,0,1,0,0,0,0,0,0,1,0,0,1,0,1,0,0
298,Circle,0,0,1,1,3,1,1,1,1,0,0,0,0,0,1,0,1,1,0,1,0,2,5,4,['Blockchain' 'Circle' 'Coinbase' 'Electrum'],Blockchain,1,0,0,0,0,0,0,1,0,0,1,0,0,1,0,0,1,0,1
299,Blockchain,1,0,0,0,4,0,1,1,0,1,1,0,1,1,0,1,0,1,1,1,0,4,4,1,['Electrum' 'Blockchain' 'Coinbase' 'Circle'],Electrum,0,1,0,0,1,0,0,0,0,0,1,0,0,0,0,1,1,0,0
300,Blockchain,1,0,0,0,1,0,0,0,0,1,0,0,1,0,1,0,0,1,1,0,0,3,4,4,['Coinbase' 'Circle' 'Blockchain' 'Electrum'],Coinbase,0,0,1,0,0,0,0,1,1,0,0,0,0,1,0,0,0,1,1
301,Electrum,1,1,0,0,4,0,1,1,1,0,0,1,0,1,0,0,1,1,1,1,1,1,1,1,['Electrum' 'Circle' 'Blockchain' 'Coinbase'],Electrum,0,1,0,0,0,0,0,1,1,0,0,0,0,0,1,0,1,0,0
302,Coinbase,0,0,1,1,4,0,0,0,1,1,1,1,1,0,0,1,1,1,0,1,1,3,1,5,['Electrum' 'Circle' 'Blockchain' 'Coinbase'],Electrum,0,1,0,0,0,0,0,1,1,0,0,0,0,0,1,0,1,0,0
303,Blockchain,1,0,0,0,2,0,1,0,0,1,0,0,1,1,1,1,0,1,0,1,0,3,2,5,['Blockchain' 'Circle' 'Coinbase' 'Electrum'],Blockchain,1,0,0,0,0,0,0,1,0,0,1,0,0,1,0,0,1,0,1
304,Coinbase,0,0,1,1,3,1,0,1,0,0,1,1,0,0,0,0,0,0,1,1,1,4,1,1,['Coinbase' 'Blockchain' 'Circle' 'Electrum'],Coinbase,0,0,1,0,1,0,0,0,0,0,0,1,0,1,0,0,0,1,1
305,Blockchain,1,0,0,0,2,0,1,1,0,0,0,1,0,1,1,1,1,0,1,1,0,4,2,3,['Coinbase' 'Blockchain' 'Electrum' 'Circle'],Coinbase,0,0,1,0,1,0,0,0,0,1,0,0,0,0,0,1,0,1,1
306,Coinbase,0,0,1,1,4,0,1,0,1,0,0,0,0,1,0,0,1,0,1,1,0,3,3,4,['Blockchain' 'Coinbase' 'Electrum' 'Circle'],Blockchain,1,0,0,0,0,0,1,0,0,1,0,0,0,0,0,1,1,0,1
307,Coinbase,0,0,1,1,2,1,1,0,0,0,0,1,1,0,1,1,1,1,1,1,1,3,2,1,['Electrum' 'Coinbase' 'Blockchain' 'Circle'],Electrum,0,1,0,0,0,0,1,0,1,0,0,0,0,0,0,1,1,0,0
308,Blockchain,1,0,0,0,1,0,0,1,0,0,1,0,1,0,1,1,0,1,0,1,1,2,4,2,['Blockchain' 'Electrum' 'Coinbase' 'Circle'],Blockchain,1,0,0,0,0,1,0,0,0,0,1,0,0,0,0,1,1,0,1
309,Circle,0,0,1,1,3,0,0,1,0,1,1,0,1,0,0,0,0,0,0,0,0,2,1,4,['Electrum' 'Blockchain' 'Coinbase' 'Circle'],Electrum,0,1,0,0,1,0,0,0,0,0,1,0,0,0,0,1,1,0,0
310,Circle,0,0,1,1,4,0,1,1,1,0,0,0,0,1,1,1,1,0,0,0,0,1,5,2,['Circle' 'Electrum' 'Blockchain' 'Coinbase'],Circle,0,0,0,1,0,1,0,0,1,0,0,0,0,0,1,0,0,1,1
311,Circle,0,0,1,1,1,1,0,0,0,0,1,1,0,0,0,0,1,0,0,0,0,4,5,2,['Circle' 'Blockchain' 'Electrum' 'Coinbase'],Circle,0,0,0,1,1,0,0,0,0,1,0,0,0,0,1,0,0,1,1
312,Blockchain,1,0,0,0,1,1,1,1,0,1,0,1,1,0,0,1,0,0,0,1,0,2,4,4,['Blockchain' 'Electrum' 'Coinbase' 'Circle'],Blockchain,1,0,0,0,0,1,0,0,0,0,1,0,0,0,0,1,1,0,1
313,Blockchain,1,0,0,0,1,0,0,0,1,0,1,0,1,1,1,1,1,0,0,0,0,1,5,4,['Electrum' 'Blockchain' 'Coinbase' 'Circle'],Electrum,0,1,0,0,1,0,0,0,0,0,1,0,0,0,0,1,1,0,0
314,Circle,0,0,1,1,4,1,1,1,1,1,1,0,1,0,0,1,1,1,0,0,0,2,1,1,['Electrum' 'Circle' 'Coinbase' 'Blockchain'],Electrum,0,1,0,0,0,0,0,1,0,0,1,0,1,0,0,0,1,0,0
315,Blockchain,1,0,0,0,2,1,1,1,0,0,1,1,1,0,1,1,0,1,1,1,0,3,1,2,['Blockchain' 'Electrum' 'Circle' 'Coinbase'],Blockchain,1,0,0,0,0,1,0,0,0,0,0,1,0,0,1,0,1,0,1
316,Blockchain,1,0,0,0,2,0,1,1,0,0,0,1,0,0,0,1,0,0,1,1,1,1,4,5,['Electrum' 'Coinbase' 'Blockchain' 'Circle'],Electrum,0,1,0,0,0,0,1,0,1,0,0,0,0,0,0,1,1,0,0
317,Coinbase,0,0,1,1,1,1,1,0,0,0,0,0,1,1,0,1,1,0,0,1,0,4,1,5,['Circle' 'Coinbase' 'Electrum' 'Blockchain'],Circle,0,0,0,1,0,0,1,0,0,1,0,0,1,0,0,0,0,1,1
318,Electrum,1,1,0,0,4,1,1,0,1,1,0,1,0,1,0,0,0,1,1,0,1,2,4,5,['Coinbase' 'Circle' 'Electrum' 'Blockchain'],Coinbase,0,0,1,0,0,0,0,1,0,1,0,0,1,0,0,0,0,1,1
319,Electrum,1,1,0,0,1,0,1,1,1,0,1,0,0,0,1,0,0,0,0,0,0,2,5,3,['Electrum' 'Blockchain' 'Circle' 'Coinbase'],Electrum,0,1,0,0,1,0,0,0,0,0,0,1,0,0,1,0,1,0,0
320,Electrum,1,1,0,0,4,0,1,1,1,0,1,0,1,1,0,0,1,1,1,0,0,5,2,3,['Coinbase' 'Circle' 'Electrum' 'Blockchain'],Coinbase,0,0,1,0,0,0,0,1,0,1,0,0,1,0,0,0,0,1,1
321,Coinbase,0,0,1,1,3,0,0,1,0,0,1,0,0,0,0,0,0,1,1,0,1,4,1,1,['Blockchain' 'Electrum' 'Circle' 'Coinbase'],Blockchain,1,0,0,0,0,1,0,0,0,0,0,1,0,0,1,0,1,0,1
322,Electrum,1,1,0,0,4,1,1,0,1,0,1,0,0,1,0,1,1,0,1,1,1,2,2,5,['Coinbase' 'Circle' 'Blockchain' 'Electrum'],Coinbase,0,0,1,0,0,0,0,1,1,0,0,0,0,1,0,0,0,1,1
323,Electrum,1,1,0,0,1,0,0,1,1,1,1,0,1,1,1,1,0,0,1,1,0,1,4,4,['Coinbase' 'Circle' 'Blockchain' 'Electrum'],Coinbase,0,0,1,0,0,0,0,1,1,0,0,0,0,1,0,0,0,1,1
324,Blockchain,1,0,0,0,2,1,1,1,1,0,0,0,0,1,0,0,0,1,1,0,1,5,2,3,['Blockchain' 'Coinbase' 'Electrum' 'Circle'],Blockchain,1,0,0,0,0,0,1,0,0,1,0,0,0,0,0,1,1,0,1
325,Circle,0,0,1,1,1,0,0,1,1,1,0,0,1,0,1,0,0,0,1,0,0,4,2,3,['Circle' 'Electrum' 'Blockchain' 'Coinbase'],Circle,0,0,0,1,0,1,0,0,1,0,0,0,0,0,1,0,0,1,1
326,Circle,0,0,1,1,4,0,0,0,1,1,0,1,1,0,0,0,0,1,0,1,1,4,2,5,['Coinbase' 'Circle' 'Blockchain' 'Electrum'],Coinbase,0,0,1,0,0,0,0,1,1,0,0,0,0,1,0,0,0,1,1
327,Circle,0,0,1,1,3,1,0,1,0,1,0,0,1,1,0,0,1,1,1,1,0,5,4,5,['Blockchain' 'Coinbase' 'Circle' 'Electrum'],Blockchain,1,0,0,0,0,0,1,0,0,0,0,1,0,1,0,0,1,0,1
328,Electrum,1,1,0,0,4,1,0,1,1,0,1,0,0,0,0,1,0,0,0,1,1,2,4,2,['Electrum' 'Blockchain' 'Coinbase' 'Circle'],Electrum,0,1,0,0,1,0,0,0,0,0,1,0,0,0,0,1,1,0,0
329,Blockchain,1,0,0,0,4,0,0,0,1,0,0,1,0,1,0,1,1,0,1,1,1,1,5,3,['Blockchain' 'Coinbase' 'Circle' 'Electrum'],Blockchain,1,0,0,0,0,0,1,0,0,0,0,1,0,1,0,0,1,0,1
330,Coinbase,0,0,1,1,2,0,0,1,0,0,0,1,0,0,0,0,1,1,1,0,0,2,2,3,['Electrum' 'Circle' 'Coinbase' 'Blockchain'],Electrum,0,1,0,0,0,0,0,1,0,0,1,0,1,0,0,0,1,0,0
331,Circle,0,0,1,1,3,0,0,1,1,1,0,1,1,0,1,0,1,1,0,0,1,2,1,2,['Coinbase' 'Circle' 'Electrum' 'Blockchain'],Coinbase,0,0,1,0,0,0,0,1,0,1,0,0,1,0,0,0,0,1,1
332,Blockchain,1,0,0,0,1,1,1,1,0,1,0,1,1,1,1,0,1,1,0,1,1,1,1,4,['Coinbase' 'Electrum' 'Circle' 'Blockchain'],Coinbase,0,0,1,0,0,1,0,0,0,0,0,1,1,0,0,0,0,1,1
333,Circle,0,0,1,1,3,0,0,0,0,1,0,0,0,0,0,0,1,1,0,1,0,5,1,2,['Coinbase' 'Electrum' 'Circle' 'Blockchain'],Coinbase,0,0,1,0,0,1,0,0,0,0,0,1,1,0,0,0,0,1,1
334,Coinbase,0,0,1,1,4,1,1,0,0,1,0,0,1,0,0,1,1,1,1,0,0,4,2,5,['Electrum' 'Coinbase' 'Circle' 'Blockchain'],Electrum,0,1,0,0,0,0,1,0,0,0,0,1,1,0,0,0,1,0,0
335,Circle,0,0,1,1,2,0,1,0,1,0,0,0,0,1,0,0,0,0,1,0,0,1,4,4,['Coinbase' 'Circle' 'Electrum' 'Blockchain'],Coinbase,0,0,1,0,0,0,0,1,0,1,0,0,1,0,0,0,0,1,1
336,Coinbase,0,0,1,1,2,1,1,1,1,1,0,1,1,1,0,1,1,1,1,1,0,2,5,1,['Blockchain' 'Electrum' 'Circle' 'Coinbase'],Blockchain,1,0,0,0,0,1,0,0,0,0,0,1,0,0,1,0,1,0,1
337,Coinbase,0,0,1,1,1,1,1,1,0,0,0,1,1,1,0,1,1,0,1,1,0,2,3,4,['Coinbase' 'Circle' 'Electrum' 'Blockchain'],Coinbase,0,0,1,0,0,0,0,1,0,1,0,0,1,0,0,0,0,1,1
338,Electrum,1,1,0,0,2,0,0,1,0,0,1,1,0,0,0,0,1,0,0,0,1,4,4,1,['Electrum' 'Circle' 'Blockchain' 'Coinbase'],Electrum,0,1,0,0,0,0,0,1,1,0,0,0,0,0,1,0,1,0,0
339,Blockchain,1,0,0,0,2,1,1,1,0,1,1,1,1,0,0,1,1,1,1,0,0,2,3,2,['Electrum' 'Blockchain' 'Coinbase' 'Circle'],Electrum,0,1,0,0,1,0,0,0,0,0,1,0,0,0,0,1,1,0,0
340,Electrum,1,1,0,0,3,1,1,1,1,0,0,0,1,1,1,1,0,1,1,1,1,1,4,3,['Electrum' 'Coinbase' 'Circle' 'Blockchain'],Electrum,0,1,0,0,0,0,1,0,0,0,0,1,1,0,0,0,1,0,0
341,Circle,0,0,1,1,4,1,0,1,1,0,0,0,1,1,1,0,1,0,0,0,1,5,2,3,['Circle' 'Blockchain' 'Coinbase' 'Electrum'],Circle,0,0,0,1,1,0,0,0,0,0,1,0,0,1,0,0,0,1,1
342,Blockchain,1,0,0,0,2,1,0,0,0,1,0,1,0,1,0,0,1,1,0,0,1,3,2,5,['Coinbase' 'Circle' 'Electrum' 'Blockchain'],Coinbase,0,0,1,0,0,0,0,1,0,1,0,0,1,0,0,0,0,1,1
343,Circle,0,0,1,1,4,0,0,1,0,0,1,1,0,1,0,0,1,1,1,1,0,5,4,3,['Blockchain' 'Coinbase' 'Electrum' 'Circle'],Blockchain,1,0,0,0,0,0,1,0,0,1,0,0,0,0,0,1,1,0,1
344,Circle,0,0,1,1,1,0,1,1,0,1,1,0,0,1,0,0,0,1,0,1,0,4,2,3,['Circle' 'Electrum' 'Coinbase' 'Blockchain'],Circle,0,0,0,1,0,1,0,0,0,0,1,0,1,0,0,0,0,1,1
345,Circle,0,0,1,1,4,0,0,1,1,1,1,0,1,0,1,1,0,1,1,0,0,3,4,3,['Circle' 'Blockchain' 'Coinbase' 'Electrum'],Circle,0,0,0,1,1,0,0,0,0,0,1,0,0,1,0,0,0,1,1
346,Blockchain,1,0,0,0,2,0,0,1,1,1,0,1,1,1,1,1,1,1,0,1,1,1,2,4,['Circle' 'Electrum' 'Coinbase' 'Blockchain'],Circle,0,0,0,1,0,1,0,0,0,0,1,0,1,0,0,0,0,1,1
347,Electrum,1,1,0,0,1,0,1,0,1,1,0,1,1,1,1,1,0,1,1,1,0,2,3,4,['Blockchain' 'Electrum' 'Coinbase' 'Circle'],Blockchain,1,0,0,0,0,1,0,0,0,0,1,0,0,0,0,1,1,0,1
348,Coinbase,0,0,1,1,4,0,0,1,0,0,0,1,1,1,1,1,1,0,1,1,0,3,2,3,['Circle' 'Electrum' 'Coinbase' 'Blockchain'],Circle,0,0,0,1,0,1,0,0,0,0,1,0,1,0,0,0,0,1,1
349,Coinbase,0,0,1,1,4,0,1,0,0,1,1,1,0,1,1,0,0,1,1,1,1,1,5,5,['Circle' 'Electrum' 'Coinbase' 'Blockchain'],Circle,0,0,0,1,0,1,0,0,0,0,1,0,1,0,0,0,0,1,1
350,Electrum,1,1,0,0,1,0,1,0,0,0,1,0,1,1,1,1,1,0,0,0,0,3,2,2,['Coinbase' 'Blockchain' 'Circle' 'Electrum'],Coinbase,0,0,1,0,1,0,0,0,0,0,0,1,0,1,0,0,0,1,1
351,Blockchain,1,0,0,0,1,0,0,0,0,0,0,1,1,1,0,1,0,1,0,0,1,2,2,2,['Blockchain' 'Circle' 'Electrum' 'Coinbase'],Blockchain,1,0,0,0,0,0,0,1,0,1,0,0,0,0,1,0,1,0,1
352,Blockchain,1,0,0,0,4,1,0,0,1,1,0,0,0,0,1,0,0,1,1,0,1,1,2,5,['Circle' 'Coinbase' 'Blockchain' 'Electrum'],Circle,0,0,0,1,0,0,1,0,1,0,0,0,0,1,0,0,0,1,1
353,Circle,0,0,1,1,3,1,0,0,1,1,1,0,1,1,1,1,1,0,0,1,0,1,2,2,['Blockchain' 'Circle' 'Coinbase' 'Electrum'],Blockchain,1,0,0,0,0,0,0,1,0,0,1,0,0,1,0,0,1,0,1
354,Electrum,1,1,0,0,2,0,1,0,0,1,1,0,0,1,1,1,1,1,1,0,1,3,5,2,['Coinbase' 'Blockchain' 'Circle' 'Electrum'],Coinbase,0,0,1,0,1,0,0,0,0,0,0,1,0,1,0,0,0,1,1
355,Coinbase,0,0,1,1,4,0,0,0,0,1,1,1,0,0,0,1,1,1,1,0,1,3,3,3,['Electrum' 'Circle' 'Blockchain' 'Coinbase'],Electrum,0,1,0,0,0,0,0,1,1,0,0,0,0,0,1,0,1,0,0
356,Blockchain,1,0,0,0,4,1,1,1,1,0,0,0,1,1,0,1,1,0,1,1,0,1,2,4,['Circle' 'Coinbase' 'Electrum' 'Blockchain'],Circle,0,0,0,1,0,0,1,0,0,1,0,0,1,0,0,0,0,1,1
357,Blockchain,1,0,0,0,3,0,0,0,0,0,1,0,1,0,1,0,0,1,0,0,0,2,2,3,['Circle' 'Electrum' 'Coinbase' 'Blockchain'],Circle,0,0,0,1,0,1,0,0,0,0,1,0,1,0,0,0,0,1,1
358,Coinbase,0,0,1,1,4,0,1,0,1,0,1,0,0,0,0,0,1,0,1,0,0,2,2,5,['Electrum' 'Blockchain' 'Circle' 'Coinbase'],Electrum,0,1,0,0,1,0,0,0,0,0,0,1,0,0,1,0,1,0,0
359,Blockchain,1,0,0,0,2,1,0,1,1,0,0,1,0,0,1,0,0,1,1,0,1,5,1,5,['Circle' 'Electrum' 'Coinbase' 'Blockchain'],Circle,0,0,0,1,0,1,0,0,0,0,1,0,1,0,0,0,0,1,1
360,Blockchain,1,0,0,0,2,0,1,1,1,1,0,1,0,0,1,0,1,1,1,1,1,3,1,2,['Circle' 'Electrum' 'Coinbase' 'Blockchain'],Circle,0,0,0,1,0,1,0,0,0,0,1,0,1,0,0,0,0,1,1
361,Circle,0,0,1,1,1,1,0,0,0,0,0,0,1,0,0,0,1,0,0,1,0,5,5,2,['Circle' 'Electrum' 'Coinbase' 'Blockchain'],Circle,0,0,0,1,0,1,0,0,0,0,1,0,1,0,0,0,0,1,1
362,Electrum,1,1,0,0,1,0,0,0,1,0,0,0,1,1,1,0,1,0,1,1,0,3,2,1,['Coinbase' 'Circle' 'Blockchain' 'Electrum'],Coinbase,0,0,1,0,0,0,0,1,1,0,0,0,0,1,0,0,0,1,1
363,Coinbase,0,0,1,1,3,1,1,0,1,0,1,1,0,1,1,1,0,1,1,0,1,2,5,3,['Coinbase' 'Blockchain' 'Electrum' 'Circle'],Coinbase,0,0,1,0,1,0,0,0,0,1,0,0,0,0,0,1,0,1,1
364,Electrum,1,1,0,0,2,0,1,1,1,0,1,1,0,0,1,1,0,0,0,0,1,1,5,5,['Blockchain' 'Circle' 'Coinbase' 'Electrum'],Blockchain,1,0,0,0,0,0,0,1,0,0,1,0,0,1,0,0,1,0,1
365,Electrum,1,1,0,0,3,1,0,1,0,0,1,0,1,0,0,1,1,1,0,0,0,1,3,5,['Coinbase' 'Circle' 'Blockchain' 'Electrum'],Coinbase,0,0,1,0,0,0,0,1,1,0,0,0,0,1,0,0,0,1,1
366,Blockchain,1,0,0,0,2,0,0,0,0,1,0,0,1,1,1,1,1,1,1,0,1,5,5,4,['Electrum' 'Coinbase' 'Circle' 'Blockchain'],Electrum,0,1,0,0,0,0,1,0,0,0,0,1,1,0,0,0,1,0,0
367,Electrum,1,1,0,0,2,0,0,0,1,0,1,1,1,1,0,0,0,1,0,0,0,3,2,2,['Blockchain' 'Electrum' 'Circle' 'Coinbase'],Blockchain,1,0,0,0,0,1,0,0,0,0,0,1,0,0,1,0,1,0,1
368,Blockchain,1,0,0,0,4,0,1,1,0,1,0,0,1,0,0,1,1,0,1,0,0,1,1,3,['Electrum' 'Coinbase' 'Blockchain' 'Circle'],Electrum,0,1,0,0,0,0,1,0,1,0,0,0,0,0,0,1,1,0,0
369,Electrum,1,1,0,0,4,1,1,1,1,1,0,0,1,1,0,0,0,0,1,1,0,3,5,5,['Circle' 'Blockchain' 'Coinbase' 'Electrum'],Circle,0,0,0,1,1,0,0,0,0,0,1,0,0,1,0,0,0,1,1
370,Blockchain,1,0,0,0,2,1,1,1,1,0,1,1,0,1,0,0,0,0,1,1,0,3,3,2,['Electrum' 'Circle' 'Coinbase' 'Blockchain'],Electrum,0,1,0,0,0,0,0,1,0,0,1,0,1,0,0,0,1,0,0
371,Circle,0,0,1,1,4,0,1,1,1,1,1,1,0,1,0,0,1,1,0,1,0,2,4,5,['Blockchain' 'Electrum' 'Circle' 'Coinbase'],Blockchain,1,0,0,0,0,1,0,0,0,0,0,1,0,0,1,0,1,0,1
372,Circle,0,0,1,1,2,1,1,0,0,1,1,0,0,1,0,1,0,0,1,0,1,2,3,2,['Circle' 'Blockchain' 'Electrum' 'Coinbase'],Circle,0,0,0,1,1,0,0,0,0,1,0,0,0,0,1,0,0,1,1
373,Electrum,1,1,0,0,1,0,1,0,1,1,1,0,0,1,0,0,1,1,0,1,0,1,5,5,['Blockchain' 'Coinbase' 'Electrum' 'Circle'],Blockchain,1,0,0,0,0,0,1,0,0,1,0,0,0,0,0,1,1,0,1
374,Electrum,1,1,0,0,3,1,1,1,1,1,0,0,0,0,1,1,0,1,0,0,0,2,1,1,['Coinbase' 'Blockchain' 'Electrum' 'Circle'],Coinbase,0,0,1,0,1,0,0,0,0,1,0,0,0,0,0,1,0,1,1
375,Circle,0,0,1,1,1,1,1,1,1,0,1,0,0,1,1,1,1,0,0,1,1,5,2,5,['Blockchain' 'Circle' 'Electrum' 'Coinbase'],Blockchain,1,0,0,0,0,0,0,1,0,1,0,0,0,0,1,0,1,0,1
376,Electrum,1,1,0,0,2,0,0,1,1,0,0,0,0,0,1,0,1,0,0,1,1,3,1,1,['Blockchain' 'Coinbase' 'Circle' 'Electrum'],Blockchain,1,0,0,0,0,0,1,0,0,0,0,1,0,1,0,0,1,0,1
377,Circle,0,0,1,1,3,0,1,1,0,0,1,0,1,0,1,1,0,0,0,1,0,2,5,2,['Circle' 'Blockchain' 'Electrum' 'Coinbase'],Circle,0,0,0,1,1,0,0,0,0,1,0,0,0,0,1,0,0,1,1
378,Blockchain,1,0,0,0,2,0,0,1,1,1,0,0,0,0,1,0,0,1,0,1,0,1,2,2,['Electrum' 'Coinbase' 'Blockchain' 'Circle'],Electrum,0,1,0,0,0,0,1,0,1,0,0,0,0,0,0,1,1,0,0
379,Electrum,1,1,0,0,4,0,1,1,0,0,1,1,1,1,0,0,0,0,0,1,0,4,2,4,['Electrum' 'Coinbase' 'Blockchain' 'Circle'],Electrum,0,1,0,0,0,0,1,0,1,0,0,0,0,0,0,1,1,0,0
380,Circle,0,0,1,1,2,0,0,1,0,1,0,0,0,0,1,1,1,0,0,0,0,2,3,4,['Coinbase' 'Blockchain' 'Circle' 'Electrum'],Coinbase,0,0,1,0,1,0,0,0,0,0,0,1,0,1,0,0,0,1,1
381,Circle,0,0,1,1,1,0,0,1,0,0,0,0,1,0,1,1,0,1,1,1,0,4,1,1,['Circle' 'Electrum' 'Coinbase' 'Blockchain'],Circle,0,0,0,1,0,1,0,0,0,0,1,0,1,0,0,0,0,1,1
382,Circle,0,0,1,1,4,1,0,1,1,0,0,1,0,0,0,1,0,0,0,1,0,4,5,2,['Coinbase' 'Circle' 'Blockchain' 'Electrum'],Coinbase,0,0,1,0,0,0,0,1,1,0,0,0,0,1,0,0,0,1,1
383,Blockchain,1,0,0,0,4,1,0,1,0,1,1,0,1,0,1,1,1,1,1,1,1,5,5,5,['Coinbase' 'Circle' 'Blockchain' 'Electrum'],Coinbase,0,0,1,0,0,0,0,1,1,0,0,0,0,1,0,0,0,1,1
384,Circle,0,0,1,1,2,0,1,0,0,1,0,1,0,1,0,1,0,1,0,1,0,5,1,5,['Blockchain' 'Circle' 'Electrum' 'Coinbase'],Blockchain,1,0,0,0,0,0,0,1,0,1,0,0,0,0,1,0,1,0,1
385,Coinbase,0,0,1,1,2,1,1,0,1,1,0,0,0,0,0,0,1,1,1,1,1,3,5,2,['Electrum' 'Circle' 'Blockchain' 'Coinbase'],Electrum,0,1,0,0,0,0,0,1,1,0,0,0,0,0,1,0,1,0,0
386,Electrum,1,1,0,0,4,1,0,1,0,1,1,1,0,0,0,0,0,1,1,1,0,2,1,1,['Circle' 'Electrum' 'Coinbase' 'Blockchain'],Circle,0,0,0,1,0,1,0,0,0,0,1,0,1,0,0,0,0,1,1
387,Blockchain,1,0,0,0,3,0,0,1,0,1,1,1,1,0,0,0,1,1,0,1,0,5,4,4,['Coinbase' 'Circle' 'Electrum' 'Blockchain'],Coinbase,0,0,1,0,0,0,0,1,0,1,0,0,1,0,0,0,0,1,1
388,Coinbase,0,0,1,1,4,0,0,0,0,0,0,0,1,1,0,0,1,0,0,1,1,4,4,3,['Blockchain' 'Coinbase' 'Electrum' 'Circle'],Blockchain,1,0,0,0,0,0,1,0,0,1,0,0,0,0,0,1,1,0,1
389,Blockchain,1,0,0,0,1,1,0,0,1,0,1,1,1,0,1,0,0,1,1,1,1,2,2,4,['Electrum' 'Coinbase' 'Blockchain' 'Circle'],Electrum,0,1,0,0,0,0,1,0,1,0,0,0,0,0,0,1,1,0,0
390,Circle,0,0,1,1,3,1,0,0,1,1,0,0,0,1,1,1,0,1,0,1,1,1,1,2,['Blockchain' 'Electrum' 'Circle' 'Coinbase'],Blockchain,1,0,0,0,0,1,0,0,0,0,0,1,0,0,1,0,1,0,1
391,Circle,0,0,1,1,2,0,0,1,0,0,0,0,0,0,1,0,0,1,1,1,0,4,4,4,['Blockchain' 'Electrum' 'Coinbase' 'Circle'],Blockchain,1,0,0,0,0,1,0,0,0,0,1,0,0,0,0,1,1,0,1
392,Blockchain,1,0,0,0,4,0,1,1,1,1,0,0,1,1,1,1,1,1,1,1,1,1,5,2,['Circle' 'Electrum' 'Blockchain' 'Coinbase'],Circle,0,0,0,1,0,1,0,0,1,0,0,0,0,0,1,0,0,1,1
393,Coinbase,0,0,1,1,4,0,0,1,1,0,1,1,0,0,1,1,0,0,0,0,0,2,3,1,['Coinbase' 'Circle' 'Blockchain' 'Electrum'],Coinbase,0,0,1,0,0,0,0,1,1,0,0,0,0,1,0,0,0,1,1
394,Circle,0,0,1,1,1,0,1,1,0,1,1,1,0,0,1,0,0,1,0,0,0,4,2,5,['Coinbase' 'Circle' 'Electrum' 'Blockchain'],Coinbase,0,0,1,0,0,0,0,1,0,1,0,0,1,0,0,0,0,1,1
395,Circle,0,0,1,1,3,0,1,0,0,1,1,1,0,0,1,1,1,0,0,1,0,5,2,1,['Circle' 'Blockchain' 'Coinbase' 'Electrum'],Circle,0,0,0,1,1,0,0,0,0,0,1,0,0,1,0,0,0,1,1
396,Blockchain,1,0,0,0,1,1,0,1,0,0,0,1,1,0,1,0,1,1,1,1,1,1,4,5,['Blockchain' 'Circle' 'Electrum' 'Coinbase'],Blockchain,1,0,0,0,0,0,0,1,0,1,0,0,0,0,1,0,1,0,1
397,Circle,0,0,1,1,4,1,0,1,0,0,0,1,0,1,1,0,1,0,1,0,1,3,5,4,['Electrum' 'Blockchain' 'Coinbase' 'Circle'],Electrum,0,1,0,0,1,0,0,0,0,0,1,0,0,0,0,1,1,0,0
398,Circle,0,0,1,1,4,0,0,1,1,1,0,1,0,1,1,0,1,1,0,0,0,4,1,4,['Circle' 'Blockchain' 'Electrum' 'Coinbase'],Circle,0,0,0,1,1,0,0,0,0,1,0,0,0,0,1,0,0,1,1
399,Circle,0,0,1,1,1,0,1,0,1,1,1,0,1,0,1,1,1,0,0,1,1,4,4,5,['Circle' 'Electrum' 'Coinbase' 'Blockchain'],Circle,0,0,0,1,0,1,0,0,0,0,1,0,1,0,0,0,0,1,1
400,Electrum,1,1,0,0,3,1,0,0,0,1,0,1,0,0,0,1,1,1,0,0,1,4,2,5,['Electrum' 'Circle' 'Coinbase' 'Blockchain'],Electrum,0,1,0,0,0,0,0,1,0,0,1,0,1,0,0,0,1,0,0
401,Blockchain,1,0,0,0,4,1,1,1,1,0,1,0,1,1,0,0,1,1,1,0,0,2,4,1,['Circle' 'Coinbase' 'Blockchain' 'Electrum'],Circle,0,0,0,1,0,0,1,0,1,0,0,0,0,1,0,0,0,1,1
402,Coinbase,0,0,1,1,3,1,1,1,0,0,0,1,1,0,1,1,1,1,1,1,0,1,3,1,['Coinbase' 'Circle' 'Blockchain' 'Electrum'],Coinbase,0,0,1,0,0,0,0,1,1,0,0,0,0,1,0,0,0,1,1
403,Blockchain,1,0,0,0,3,0,1,0,1,0,1,1,0,0,0,0,1,0,1,0,0,3,5,2,['Circle' 'Electrum' 'Coinbase' 'Blockchain'],Circle,0,0,0,1,0,1,0,0,0,0,1,0,1,0,0,0,0,1,1
404,Coinbase,0,0,1,1,2,1,1,1,0,0,0,1,1,1,1,0,1,1,1,1,0,1,1,5,['Blockchain' 'Coinbase' 'Circle' 'Electrum'],Blockchain,1,0,0,0,0,0,1,0,0,0,0,1,0,1,0,0,1,0,1
405,Coinbase,0,0,1,1,2,1,1,1,0,1,1,0,1,0,1,1,0,1,1,0,1,1,1,3,['Blockchain' 'Electrum' 'Circle' 'Coinbase'],Blockchain,1,0,0,0,0,1,0,0,0,0,0,1,0,0,1,0,1,0,1
406,Circle,0,0,1,1,3,1,0,0,1,1,0,1,1,1,1,0,0,1,0,1,0,1,4,4,['Circle' 'Electrum' 'Coinbase' 'Blockchain'],Circle,0,0,0,1,0,1,0,0,0,0,1,0,1,0,0,0,0,1,1
407,Circle,0,0,1,1,4,1,1,0,0,1,0,1,1,0,0,0,0,1,0,0,0,2,3,4,['Blockchain' 'Electrum' 'Circle' 'Coinbase'],Blockchain,1,0,0,0,0,1,0,0,0,0,0,1,0,0,1,0,1,0,1
408,Electrum,1,1,0,0,3,0,0,1,0,0,0,1,1,0,1,0,0,1,1,0,1,5,1,3,['Coinbase' 'Electrum' 'Circle' 'Blockchain'],Coinbase,0,0,1,0,0,1,0,0,0,0,0,1,1,0,0,0,0,1,1
409,Coinbase,0,0,1,1,2,0,1,0,0,1,1,0,1,1,0,1,0,1,1,0,1,5,1,5,['Blockchain' 'Coinbase' 'Circle' 'Electrum'],Blockchain,1,0,0,0,0,0,1,0,0,0,0,1,0,1,0,0,1,0,1
410,Circle,0,0,1,1,3,1,1,0,0,1,1,1,1,1,1,1,0,0,1,0,0,2,4,3,['Coinbase' 'Circle' 'Blockchain' 'Electrum'],Coinbase,0,0,1,0,0,0,0,1,1,0,0,0,0,1,0,0,0,1,1
411,Circle,0,0,1,1,2,1,0,0,0,0,1,1,0,1,0,0,0,1,0,1,0,1,5,1,['Circle' 'Coinbase' 'Electrum' 'Blockchain'],Circle,0,0,0,1,0,0,1,0,0,1,0,0,1,0,0,0,0,1,1
412,Blockchain,1,0,0,0,1,1,1,0,0,0,0,1,1,1,1,0,0,0,0,0,0,5,5,1,['Blockchain' 'Circle' 'Electrum' 'Coinbase'],Blockchain,1,0,0,0,0,0,0,1,0,1,0,0,0,0,1,0,1,0,1
413,Coinbase,0,0,1,1,1,0,1,0,1,1,1,1,1,0,0,0,0,1,1,1,0,5,1,3,['Coinbase' 'Electrum' 'Circle' 'Blockchain'],Coinbase,0,0,1,0,0,1,0,0,0,0,0,1,1,0,0,0,0,1,1
414,Electrum,1,1,0,0,3,1,1,1,0,1,0,1,1,1,1,0,1,1,1,1,0,4,3,4,['Blockchain' 'Electrum' 'Coinbase' 'Circle'],Blockchain,1,0,0,0,0,1,0,0,0,0,1,0,0,0,0,1,1,0,1
415,Circle,0,0,1,1,2,0,0,1,1,0,1,1,1,1,1,1,1,0,0,0,1,4,4,1,['Coinbase' 'Electrum' 'Blockchain' 'Circle'],Coinbase,0,0,1,0,0,1,0,0,1,0,0,0,0,0,0,1,0,1,1
416,Circle,0,0,1,1,1,1,1,1,0,1,0,1,0,0,0,0,0,1,1,0,1,3,3,2,['Coinbase' 'Circle' 'Blockchain' 'Electrum'],Coinbase,0,0,1,0,0,0,0,1,1,0,0,0,0,1,0,0,0,1,1
417,Blockchain,1,0,0,0,4,0,1,0,1,0,0,0,1,0,0,1,0,0,0,1,0,3,3,2,['Coinbase' 'Electrum' 'Blockchain' 'Circle'],Coinbase,0,0,1,0,0,1,0,0,1,0,0,0,0,0,0,1,0,1,1
418,Coinbase,0,0,1,1,1,1,1,1,0,1,1,0,1,1,1,0,0,1,0,0,0,4,5,4,['Circle' 'Electrum' 'Coinbase' 'Blockchain'],Circle,0,0,0,1,0,1,0,0,0,0,1,0,1,0,0,0,0,1,1
419,Electrum,1,1,0,0,3,0,0,1,1,0,1,0,1,0,1,1,1,0,0,1,1,3,3,5,['Electrum' 'Blockchain' 'Circle' 'Coinbase'],Electrum,0,1,0,0,1,0,0,0,0,0,0,1,0,0,1,0,1,0,0
420,Blockchain,1,0,0,0,1,1,1,1,0,1,0,1,1,0,1,1,1,0,1,0,0,2,2,4,['Electrum' 'Circle' 'Coinbase' 'Blockchain'],Electrum,0,1,0,0,0,0,0,1,0,0,1,0,1,0,0,0,1,0,0
421,Blockchain,1,0,0,0,2,0,1,1,1,0,0,1,0,0,1,1,1,1,1,1,1,4,4,4,['Electrum' 'Blockchain' 'Coinbase' 'Circle'],Electrum,0,1,0,0,1,0,0,0,0,0,1,0,0,0,0,1,1,0,0
422,Blockchain,1,0,0,0,2,0,0,0,1,1,1,0,0,1,0,1,0,0,0,1,0,5,2,4,['Electrum' 'Circle' 'Coinbase' 'Blockchain'],Electrum,0,1,0,0,0,0,0,1,0,0,1,0,1,0,0,0,1,0,0
423,Electrum,1,1,0,0,3,0,1,0,0,1,0,0,0,0,1,0,1,0,1,0,1,1,4,1,['Circle' 'Coinbase' 'Blockchain' 'Electrum'],Circle,0,0,0,1,0,0,1,0,1,0,0,0,0,1,0,0,0,1,1
424,Electrum,1,1,0,0,2,0,1,1,1,1,1,1,1,1,0,1,1,1,0,0,0,2,3,4,['Coinbase' 'Electrum' 'Circle' 'Blockchain'],Coinbase,0,0,1,0,0,1,0,0,0,0,0,1,1,0,0,0,0,1,1
425,Blockchain,1,0,0,0,1,1,0,0,0,0,1,0,1,0,0,0,0,1,1,0,1,1,4,2,['Blockchain' 'Electrum' 'Coinbase' 'Circle'],Blockchain,1,0,0,0,0,1,0,0,0,0,1,0,0,0,0,1,1,0,1
426,Circle,0,0,1,1,2,1,1,0,0,0,0,1,0,0,1,1,1,1,1,1,1,1,3,3,['Blockchain' 'Coinbase' 'Electrum' 'Circle'],Blockchain,1,0,0,0,0,0,1,0,0,1,0,0,0,0,0,1,1,0,1
427,Blockchain,1,0,0,0,3,0,1,1,1,0,1,1,1,1,0,0,1,1,0,1,0,5,2,1,['Coinbase' 'Blockchain' 'Circle' 'Electrum'],Coinbase,0,0,1,0,1,0,0,0,0,0,0,1,0,1,0,0,0,1,1
428,Electrum,1,1,0,0,2,0,1,1,0,1,0,1,1,0,0,0,0,1,0,0,0,5,2,1,['Circle' 'Blockchain' 'Coinbase' 'Electrum'],Circle,0,0,0,1,1,0,0,0,0,0,1,0,0,1,0,0,0,1,1
429,Blockchain,1,0,0,0,2,0,0,1,0,0,1,0,0,0,1,0,0,0,0,0,1,4,3,5,['Blockchain' 'Electrum' 'Coinbase' 'Circle'],Blockchain,1,0,0,0,0,1,0,0,0,0,1,0,0,0,0,1,1,0,1
430,Electrum,1,1,0,0,4,0,1,1,0,0,1,1,1,0,0,1,0,1,0,0,0,5,4,5,['Blockchain' 'Coinbase' 'Circle' 'Electrum'],Blockchain,1,0,0,0,0,0,1,0,0,0,0,1,0,1,0,0,1,0,1
431,Circle,0,0,1,1,2,1,0,1,1,0,1,1,1,1,0,0,0,1,0,1,1,2,1,3,['Electrum' 'Circle' 'Blockchain' 'Coinbase'],Electrum,0,1,0,0,0,0,0,1,1,0,0,0,0,0,1,0,1,0,0
432,Electrum,1,1,0,0,2,0,0,1,1,1,0,0,1,1,1,1,0,1,1,1,1,3,3,4,['Blockchain' 'Coinbase' 'Electrum' 'Circle'],Blockchain,1,0,0,0,0,0,1,0,0,1,0,0,0,0,0,1,1,0,1
433,Electrum,1,1,0,0,1,0,1,1,1,1,0,1,0,1,1,1,0,1,1,0,1,4,5,1,['Coinbase' 'Electrum' 'Blockchain' 'Circle'],Coinbase,0,0,1,0,0,1,0,0,1,0,0,0,0,0,0,1,0,1,1
434,Electrum,1,1,0,0,3,0,0,1,0,1,1,0,0,0,1,1,1,0,0,0,1,4,4,4,['Coinbase' 'Electrum' 'Blockchain' 'Circle'],Coinbase,0,0,1,0,0,1,0,0,1,0,0,0,0,0,0,1,0,1,1
435,Electrum,1,1,0,0,2,0,1,1,0,1,1,1,1,0,1,0,0,1,1,0,1,2,2,1,['Electrum' 'Coinbase' 'Circle' 'Blockchain'],Electrum,0,1,0,0,0,0,1,0,0,0,0,1,1,0,0,0,1,0,0
436,Coinbase,0,0,1,1,3,0,0,0,1,1,1,0,1,1,0,1,1,0,1,0,1,1,3,1,['Electrum' 'Blockchain' 'Coinbase' 'Circle'],Electrum,0,1,0,0,1,0,0,0,0,0,1,0,0,0,0,1,1,0,0
437,Circle,0,0,1,1,4,1,1,1,0,0,0,0,1,1,0,0,0,0,0,0,0,4,1,4,['Electrum' 'Blockchain' 'Circle' 'Coinbase'],Electrum,0,1,0,0,1,0,0,0,0,0,0,1,0,0,1,0,1,0,0
438,Circle,0,0,1,1,1,1,1,1,1,1,0,1,1,0,0,1,0,1,0,1,1,3,5,5,['Coinbase' 'Blockchain' 'Electrum' 'Circle'],Coinbase,0,0,1,0,1,0,0,0,0,1,0,0,0,0,0,1,0,1,1
439,Coinbase,0,0,1,1,1,0,1,0,1,0,1,0,1,0,0,0,0,0,1,0,1,4,3,1,['Blockchain' 'Coinbase' 'Electrum' 'Circle'],Blockchain,1,0,0,0,0,0,1,0,0,1,0,0,0,0,0,1,1,0,1
440,Coinbase,0,0,1,1,2,1,1,1,0,1,1,0,1,0,0,1,0,1,0,1,1,4,2,3,['Coinbase' 'Electrum' 'Blockchain' 'Circle'],Coinbase,0,0,1,0,0,1,0,0,1,0,0,0,0,0,0,1,0,1,1
441,Coinbase,0,0,1,1,4,0,1,1,1,1,0,0,0,1,0,0,0,0,1,1,1,4,4,4,['Electrum' 'Blockchain' 'Coinbase' 'Circle'],Electrum,0,1,0,0,1,0,0,0,0,0,1,0,0,0,0,1,1,0,0
442,Coinbase,0,0,1,1,3,1,0,1,0,1,1,1,1,0,0,1,1,1,0,0,0,2,5,1,['Circle' 'Electrum' 'Coinbase' 'Blockchain'],Circle,0,0,0,1,0,1,0,0,0,0,1,0,1,0,0,0,0,1,1
443,Electrum,1,1,0,0,3,0,0,1,0,1,0,1,1,0,0,0,1,0,1,0,1,5,1,3,['Coinbase' 'Circle' 'Blockchain' 'Electrum'],Coinbase,0,0,1,0,0,0,0,1,1,0,0,0,0,1,0,0,0,1,1
444,Circle,0,0,1,1,2,0,1,1,0,0,0,1,0,0,1,0,0,1,1,0,0,2,2,1,['Coinbase' 'Circle' 'Blockchain' 'Electrum'],Coinbase,0,0,1,0,0,0,0,1,1,0,0,0,0,1,0,0,0,1,1
445,Coinbase,0,0,1,1,4,0,1,1,0,0,0,0,0,0,1,0,1,1,1,0,1,5,5,2,['Coinbase' 'Blockchain' 'Circle' 'Electrum'],Coinbase,0,0,1,0,1,0,0,0,0,0,0,1,0,1,0,0,0,1,1
446,Coinbase,0,0,1,1,4,0,1,0,1,0,0,0,0,0,0,0,0,1,1,0,1,2,3,2,['Electrum' 'Blockchain' 'Coinbase' 'Circle'],Electrum,0,1,0,0,1,0,0,0,0,0,1,0,0,0,0,1,1,0,0
447,Circle,0,0,1,1,4,0,1,1,0,0,0,1,0,1,1,0,1,0,0,1,1,2,5,1,['Electrum' 'Circle' 'Blockchain' 'Coinbase'],Electrum,0,1,0,0,0,0,0,1,1,0,0,0,0,0,1,0,1,0,0
448,Circle,0,0,1,1,1,0,0,0,0,0,1,0,1,1,0,0,0,1,1,1,0,3,4,1,['Blockchain' 'Circle' 'Coinbase' 'Electrum'],Blockchain,1,0,0,0,0,0,0,1,0,0,1,0,0,1,0,0,1,0,1
449,Circle,0,0,1,1,2,0,1,1,1,1,1,0,1,1,1,1,1,0,1,0,1,3,2,1,['Blockchain' 'Coinbase' 'Circle' 'Electrum'],Blockchain,1,0,0,0,0,0,1,0,0,0,0,1,0,1,0,0,1,0,1
450,Blockchain,1,0,0,0,3,0,1,1,0,0,0,1,0,1,1,1,1,0,1,1,0,4,4,4,['Coinbase' 'Circle' 'Electrum' 'Blockchain'],Coinbase,0,0,1,0,0,0,0,1,0,1,0,0,1,0,0,0,0,1,1
451,Circle,0,0,1,1,2,0,0,1,0,0,1,1,1,0,0,1,0,0,0,0,1,3,5,2,['Electrum' 'Circle' 'Blockchain' 'Coinbase'],Electrum,0,1,0,0,0,0,0,1,1,0,0,0,0,0,1,0,1,0,0
452,Blockchain,1,0,0,0,1,1,1,0,1,1,1,0,0,1,0,0,1,0,1,0,0,4,3,3,['Coinbase' 'Electrum' 'Blockchain' 'Circle'],Coinbase,0,0,1,0,0,1,0,0,1,0,0,0,0,0,0,1,0,1,1
453,Circle,0,0,1,1,4,0,1,1,0,0,1,0,0,0,1,1,0,1,1,0,1,2,5,2,['Circle' 'Electrum' 'Blockchain' 'Coinbase'],Circle,0,0,0,1,0,1,0,0,1,0,0,0,0,0,1,0,0,1,1
454,Coinbase,0,0,1,1,1,1,0,0,1,1,0,1,0,0,1,0,1,0,1,1,0,5,1,5,['Circle' 'Coinbase' 'Electrum' 'Blockchain'],Circle,0,0,0,1,0,0,1,0,0,1,0,0,1,0,0,0,0,1,1
455,Coinbase,0,0,1,1,4,0,0,0,0,1,0,1,0,0,0,1,0,1,0,0,0,2,5,2,['Electrum' 'Blockchain' 'Coinbase' 'Circle'],Electrum,0,1,0,0,1,0,0,0,0,0,1,0,0,0,0,1,1,0,0
456,Coinbase,0,0,1,1,1,1,0,0,0,0,1,1,1,0,1,0,0,0,1,1,0,5,1,3,['Electrum' 'Coinbase' 'Blockchain' 'Circle'],Electrum,0,1,0,0,0,0,1,0,1,0,0,0,0,0,0,1,1,0,0
457,Blockchain,1,0,0,0,2,0,1,0,0,0,1,0,0,1,0,0,0,1,1,0,0,4,1,5,['Blockchain' 'Coinbase' 'Circle' 'Electrum'],Blockchain,1,0,0,0,0,0,1,0,0,0,0,1,0,1,0,0,1,0,1
458,Electrum,1,1,0,0,3,0,1,1,0,1,1,0,0,1,0,0,1,1,0,0,0,1,1,3,['Blockchain' 'Coinbase' 'Circle' 'Electrum'],Blockchain,1,0,0,0,0,0,1,0,0,0,0,1,0,1,0,0,1,0,1
459,Circle,0,0,1,1,4,0,0,1,0,0,1,0,1,0,0,1,0,1,1,1,1,4,1,5,['Blockchain' 'Coinbase' 'Electrum' 'Circle'],Blockchain,1,0,0,0,0,0,1,0,0,1,0,0,0,0,0,1,1,0,1
460,Blockchain,1,0,0,0,2,1,0,0,0,0,1,0,0,1,1,0,1,1,1,1,0,5,4,3,['Blockchain' 'Coinbase' 'Electrum' 'Circle'],Blockchain,1,0,0,0,0,0,1,0,0,1,0,0,0,0,0,1,1,0,1
461,Circle,0,0,1,1,4,0,1,0,0,0,1,1,0,1,0,0,0,0,1,1,0,2,2,1,['Coinbase' 'Electrum' 'Blockchain' 'Circle'],Coinbase,0,0,1,0,0,1,0,0,1,0,0,0,0,0,0,1,0,1,1
462,Circle,0,0,1,1,1,0,1,1,1,0,1,0,0,1,1,1,1,0,0,1,1,5,3,2,['Blockchain' 'Circle' 'Coinbase' 'Electrum'],Blockchain,1,0,0,0,0,0,0,1,0,0,1,0,0,1,0,0,1,0,1
463,Electrum,1,1,0,0,2,0,1,1,0,0,0,1,0,0,0,0,0,0,0,1,1,2,5,5,['Blockchain' 'Circle' 'Electrum' 'Coinbase'],Blockchain,1,0,0,0,0,0,0,1,0,1,0,0,0,0,1,0,1,0,1
464,Electrum,1,1,0,0,3,0,0,1,1,0,1,1,1,0,0,0,0,0,0,0,1,3,4,4,['Coinbase' 'Electrum' 'Circle' 'Blockchain'],Coinbase,0,0,1,0,0,1,0,0,0,0,0,1,1,0,0,0,0,1,1
465,Circle,0,0,1,1,1,1,0,1,0,1,1,1,1,0,0,0,1,0,1,1,0,3,5,4,['Circle' 'Blockchain' 'Electrum' 'Coinbase'],Circle,0,0,0,1,1,0,0,0,0,1,0,0,0,0,1,0,0,1,1
466,Circle,0,0,1,1,4,0,1,0,0,1,1,1,0,1,1,1,0,1,1,1,1,3,1,3,['Blockchain' 'Circle' 'Electrum' 'Coinbase'],Blockchain,1,0,0,0,0,0,0,1,0,1,0,0,0,0,1,0,1,0,1
467,Electrum,1,1,0,0,1,1,0,0,1,1,1,1,1,0,0,1,0,0,1,1,1,2,2,5,['Electrum' 'Circle' 'Coinbase' 'Blockchain'],Electrum,0,1,0,0,0,0,0,1,0,0,1,0,1,0,0,0,1,0,0
468,Electrum,1,1,0,0,4,0,0,0,1,1,0,1,1,0,0,0,1,0,1,0,1,3,2,2,['Coinbase' 'Electrum' 'Blockchain' 'Circle'],Coinbase,0,0,1,0,0,1,0,0,1,0,0,0,0,0,0,1,0,1,1
469,Circle,0,0,1,1,3,1,1,0,0,1,1,0,1,0,1,1,1,0,1,0,0,5,2,3,['Blockchain' 'Coinbase' 'Circle' 'Electrum'],Blockchain,1,0,0,0,0,0,1,0,0,0,0,1,0,1,0,0,1,0,1
470,Coinbase,0,0,1,1,3,0,1,1,0,0,1,1,1,1,0,1,1,1,0,0,0,1,4,4,['Blockchain' 'Electrum' 'Circle' 'Coinbase'],Blockchain,1,0,0,0,0,1,0,0,0,0,0,1,0,0,1,0,1,0,1
471,Circle,0,0,1,1,1,1,0,1,1,0,1,1,0,0,0,0,0,1,0,0,0,4,3,1,['Blockchain' 'Coinbase' 'Circle' 'Electrum'],Blockchain,1,0,0,0,0,0,1,0,0,0,0,1,0,1,0,0,1,0,1
472,Circle,0,0,1,1,2,1,1,1,1,0,1,1,1,0,1,0,1,0,1,1,0,5,2,5,['Coinbase' 'Circle' 'Electrum' 'Blockchain'],Coinbase,0,0,1,0,0,0,0,1,0,1,0,0,1,0,0,0,0,1,1
473,Coinbase,0,0,1,1,3,0,0,0,0,0,1,0,1,1,0,1,1,1,1,0,1,1,5,3,['Circle' 'Blockchain' 'Electrum' 'Coinbase'],Circle,0,0,0,1,1,0,0,0,0,1,0,0,0,0,1,0,0,1,1
474,Blockchain,1,0,0,0,4,1,0,1,1,1,0,0,1,1,0,0,0,0,1,0,0,2,3,5,['Circle' 'Coinbase' 'Blockchain' 'Electrum'],Circle,0,0,0,1,0,0,1,0,1,0,0,0,0,1,0,0,0,1,1
475,Blockchain,1,0,0,0,2,0,0,0,1,1,1,0,0,0,1,1,0,1,0,1,0,3,3,2,['Coinbase' 'Circle' 'Blockchain' 'Electrum'],Coinbase,0,0,1,0,0,0,0,1,1,0,0,0,0,1,0,0,0,1,1
476,Blockchain,1,0,0,0,3,1,1,1,0,0,0,1,0,1,0,0,0,0,1,0,0,3,1,2,['Electrum' 'Coinbase' 'Blockchain' 'Circle'],Electrum,0,1,0,0,0,0,1,0,1,0,0,0,0,0,0,1,1,0,0
477,Blockchain,1,0,0,0,1,0,1,0,1,1,1,0,1,0,0,1,1,1,0,1,0,2,4,2,['Circle' 'Electrum' 'Blockchain' 'Coinbase'],Circle,0,0,0,1,0,1,0,0,1,0,0,0,0,0,1,0,0,1,1
478,Blockchain,1,0,0,0,4,1,0,0,1,1,1,0,1,1,1,1,1,1,0,1,0,5,2,4,['Blockchain' 'Electrum' 'Coinbase' 'Circle'],Blockchain,1,0,0,0,0,1,0,0,0,0,1,0,0,0,0,1,1,0,1
479,Circle,0,0,1,1,3,0,0,0,1,0,1,1,0,1,0,1,0,0,0,0,1,3,1,3,['Blockchain' 'Electrum' 'Circle' 'Coinbase'],Blockchain,1,0,0,0,0,1,0,0,0,0,0,1,0,0,1,0,1,0,1
480,Circle,0,0,1,1,2,0,1,1,1,1,0,0,0,0,0,0,0,1,0,1,0,2,3,4,['Blockchain' 'Circle' 'Coinbase' 'Electrum'],Blockchain,1,0,0,0,0,0,0,1,0,0,1,0,0,1,0,0,1,0,1
481,Electrum,1,1,0,0,4,0,1,1,1,1,1,0,1,1,1,1,1,1,1,1,0,2,1,2,['Circle' 'Blockchain' 'Electrum' 'Coinbase'],Circle,0,0,0,1,1,0,0,0,0,1,0,0,0,0,1,0,0,1,1
482,Coinbase,0,0,1,1,3,0,1,1,0,0,0,0,1,1,0,0,0,1,0,1,0,3,2,3,['Coinbase' 'Circle' 'Blockchain' 'Electrum'],Coinbase,0,0,1,0,0,0,0,1,1,0,0,0,0,1,0,0,0,1,1
483,Blockchain,1,0,0,0,4,1,1,1,1,1,1,0,1,0,0,0,1,1,0,0,1,1,3,2,['Electrum' 'Circle' 'Blockchain' 'Coinbase'],Electrum,0,1,0,0,0,0,0,1,1,0,0,0,0,0,1,0,1,0,0
484,Circle,0,0,1,1,4,0,0,1,0,1,1,1,1,1,0,0,0,0,0,0,0,3,2,5,['Electrum' 'Blockchain' 'Coinbase' 'Circle'],Electrum,0,1,0,0,1,0,0,0,0,0,1,0,0,0,0,1,1,0,0
485,Electrum,1,1,0,0,2,0,0,0,1,0,1,1,0,1,1,1,0,1,1,1,1,3,3,1,['Coinbase' 'Blockchain' 'Circle' 'Electrum'],Coinbase,0,0,1,0,1,0,0,0,0,0,0,1,0,1,0,0,0,1,1
486,Coinbase,0,0,1,1,3,0,0,0,0,1,0,1,0,1,0,0,0,0,0,0,1,1,4,3,['Electrum' 'Circle' 'Blockchain' 'Coinbase'],Electrum,0,1,0,0,0,0,0,1,1,0,0,0,0,0,1,0,1,0,0
487,Blockchain,1,0,0,0,1,1,1,0,1,0,0,0,0,0,0,1,0,1,1,0,1,1,5,5,['Circle' 'Blockchain' 'Coinbase' 'Electrum'],Circle,0,0,0,1,1,0,0,0,0,0,1,0,0,1,0,0,0,1,1
488,Blockchain,1,0,0,0,1,1,0,0,0,1,1,1,1,1,1,1,1,0,0,1,1,4,5,2,['Electrum' 'Circle' 'Coinbase' 'Blockchain'],Electrum,0,1,0,0,0,0,0,1,0,0,1,0,1,0,0,0,1,0,0
489,Coinbase,0,0,1,1,3,1,0,1,1,0,1,0,0,0,1,0,0,1,1,1,0,3,2,4,['Electrum' 'Blockchain' 'Coinbase' 'Circle'],Electrum,0,1,0,0,1,0,0,0,0,0,1,0,0,0,0,1,1,0,0
490,Circle,0,0,1,1,1,1,0,0,0,1,0,0,0,0,0,0,0,1,0,0,1,3,4,5,['Circle' 'Electrum' 'Coinbase' 'Blockchain'],Circle,0,0,0,1,0,1,0,0,0,0,1,0,1,0,0,0,0,1,1
491,Coinbase,0,0,1,1,4,0,1,1,0,0,1,1,1,1,0,1,0,0,1,0,0,3,3,4,['Circle' 'Coinbase' 'Electrum' 'Blockchain'],Circle,0,0,0,1,0,0,1,0,0,1,0,0,1,0,0,0,0,1,1
492,Blockchain,1,0,0,0,4,0,0,0,1,0,1,1,0,1,1,1,1,0,1,0,0,3,3,4,['Blockchain' 'Circle' 'Electrum' 'Coinbase'],Blockchain,1,0,0,0,0,0,0,1,0,1,0,0,0,0,1,0,1,0,1
493,Circle,0,0,1,1,1,1,1,1,1,1,1,1,1,0,0,1,1,1,1,1,0,3,2,3,['Circle' 'Electrum' 'Coinbase' 'Blockchain'],Circle,0,0,0,1,0,1,0,0,0,0,1,0,1,0,0,0,0,1,1
494,Blockchain,1,0,0,0,2,1,0,0,1,1,0,1,0,1,0,1,0,1,1,1,1,3,1,4,['Electrum' 'Circle' 'Blockchain' 'Coinbase'],Electrum,0,1,0,0,0,0,0,1,1,0,0,0,0,0,1,0,1,0,0
495,Coinbase,0,0,1,1,4,1,0,0,1,1,0,0,0,1,0,0,1,0,1,1,1,4,5,4,['Electrum' 'Circle' 'Blockchain' 'Coinbase'],Electrum,0,1,0,0,0,0,0,1,1,0,0,0,0,0,1,0,1,0,0
496,Circle,0,0,1,1,4,1,1,0,0,1,1,1,0,0,1,1,0,1,1,1,0,2,5,2,['Blockchain' 'Electrum' 'Circle' 'Coinbase'],Blockchain,1,0,0,0,0,1,0,0,0,0,0,1,0,0,1,0,1,0,1
497,Electrum,1,1,0,0,1,1,1,0,0,1,0,0,0,0,1,0,1,1,1,0,1,4,3,1,['Blockchain' 'Circle' 'Electrum' 'Coinbase'],Blockchain,1,0,0,0,0,0,0,1,0,1,0,0,0,0,1,0,1,0,1
498,Blockchain,1,0,0,0,4,0,1,0,0,1,1,0,1,1,1,1,0,1,1,0,0,4,1,5,['Electrum' 'Blockchain' 'Coinbase' 'Circle'],Electrum,0,1,0,0,1,0,0,0,0,0,1,0,0,0,0,1,1,0,0
499,Coinbase,0,0,1,1,4,0,0,1,0,0,0,0,1,1,0,1,0,0,0,0,1,5,5,4,['Electrum' 'Coinbase' 'Circle' 'Blockchain'],Electrum,0,1,0,0,0,0,1,0,0,0,0,1,1,0,0,0,1,0,0
500,Electrum,1,1,0,0,4,1,0,1,1,1,0,0,0,1,1,0,1,1,0,1,1,4,1,2,['Electrum' 'Circle' 'Coinbase' 'Blockchain'],Electrum,0,1,0,0,0,0,0,1,0,0,1,0,1,0,0,0,1,0,0
501,Coinbase,0,0,1,1,1,1,1,1,1,0,0,1,1,0,0,1,1,0,1,0,0,1,5,3,['Blockchain' 'Circle' 'Coinbase' 'Electrum'],Blockchain,1,0,0,0,0,0,0,1,0,0,1,0,0,1,0,0,1,0,1
502,Coinbase,0,0,1,1,4,1,0,0,0,0,0,1,0,1,1,0,0,0,1,0,1,2,2,1,['Blockchain' 'Electrum' 'Coinbase' 'Circle'],Blockchain,1,0,0,0,0,1,0,0,0,0,1,0,0,0,0,1,1,0,1
503,Circle,0,0,1,1,3,0,1,0,0,1,1,1,1,0,0,1,0,0,1,0,1,2,1,1,['Coinbase' 'Circle' 'Electrum' 'Blockchain'],Coinbase,0,0,1,0,0,0,0,1,0,1,0,0,1,0,0,0,0,1,1
504,Coinbase,0,0,1,1,1,1,1,1,0,0,1,1,1,0,0,1,0,0,0,0,0,3,3,2,['Blockchain' 'Electrum' 'Coinbase' 'Circle'],Blockchain,1,0,0,0,0,1,0,0,0,0,1,0,0,0,0,1,1,0,1
505,Circle,0,0,1,1,1,1,1,0,1,1,0,1,1,0,0,0,0,0,1,0,1,1,4,3,['Circle' 'Coinbase' 'Electrum' 'Blockchain'],Circle,0,0,0,1,0,0,1,0,0,1,0,0,1,0,0,0,0,1,1
506,Blockchain,1,0,0,0,2,0,1,0,1,1,1,0,0,0,0,1,0,1,1,0,1,2,3,3,['Blockchain' 'Circle' 'Electrum' 'Coinbase'],Blockchain,1,0,0,0,0,0,0,1,0,1,0,0,0,0,1,0,1,0,1
507,Electrum,1,1,0,0,3,0,0,0,1,0,0,1,1,0,1,0,0,1,0,1,0,4,5,2,['Coinbase' 'Blockchain' 'Circle' 'Electrum'],Coinbase,0,0,1,0,1,0,0,0,0,0,0,1,0,1,0,0,0,1,1
508,Blockchain,1,0,0,0,1,0,0,0,1,1,0,1,0,0,1,1,0,0,0,1,1,5,3,1,['Electrum' 'Circle' 'Coinbase' 'Blockchain'],Electrum,0,1,0,0,0,0,0,1,0,0,1,0,1,0,0,0,1,0,0
509,Circle,0,0,1,1,2,1,0,0,0,1,0,1,0,1,0,0,0,0,1,0,0,1,4,2,['Electrum' 'Circle' 'Coinbase' 'Blockchain'],Electrum,0,1,0,0,0,0,0,1,0,0,1,0,1,0,0,0,1,0,0
510,Circle,0,0,1,1,3,0,0,1,0,1,0,1,0,1,1,1,0,0,1,0,1,1,1,2,['Circle' 'Coinbase' 'Blockchain' 'Electrum'],Circle,0,0,0,1,0,0,1,0,1,0,0,0,0,1,0,0,0,1,1
511,Coinbase,0,0,1,1,2,0,1,1,1,1,0,1,1,1,1,1,0,0,0,1,1,1,2,3,['Circle' 'Coinbase' 'Electrum' 'Blockchain'],Circle,0,0,0,1,0,0,1,0,0,1,0,0,1,0,0,0,0,1,1
512,Blockchain,1,0,0,0,3,1,1,0,1,1,0,1,0,1,0,1,1,0,1,0,1,3,4,5,['Blockchain' 'Coinbase' 'Electrum' 'Circle'],Blockchain,1,0,0,0,0,0,1,0,0,1,0,0,0,0,0,1,1,0,1
513,Circle,0,0,1,1,4,1,0,0,0,0,1,0,1,1,1,0,1,1,0,1,0,4,2,1,['Circle' 'Blockchain' 'Electrum' 'Coinbase'],Circle,0,0,0,1,1,0,0,0,0,1,0,0,0,0,1,0,0,1,1
514,Blockchain,1,0,0,0,2,0,1,0,1,1,1,0,1,1,0,0,1,0,1,0,1,3,1,1,['Blockchain' 'Circle' 'Coinbase' 'Electrum'],Blockchain,1,0,0,0,0,0,0,1,0,0,1,0,0,1,0,0,1,0,1
515,Blockchain,1,0,0,0,3,1,1,1,1,1,0,1,0,1,1,1,0,1,1,0,1,2,5,1,['Blockchain' 'Circle' 'Electrum' 'Coinbase'],Blockchain,1,0,0,0,0,0,0,1,0,1,0,0,0,0,1,0,1,0,1
516,Circle,0,0,1,1,4,0,1,1,0,1,1,0,1,1,1,1,1,1,0,0,1,3,4,5,['Electrum' 'Coinbase' 'Blockchain' 'Circle'],Electrum,0,1,0,0,0,0,1,0,1,0,0,0,0,0,0,1,1,0,0
517,Coinbase,0,0,1,1,3,0,0,0,0,1,1,0,1,0,1,0,1,0,1,0,0,1,1,2,['Coinbase' 'Blockchain' 'Electrum' 'Circle'],Coinbase,0,0,1,0,1,0,0,0,0,1,0,0,0,0,0,1,0,1,1
518,Circle,0,0,1,1,1,1,0,0,1,0,0,0,0,1,0,1,1,1,1,0,0,1,4,1,['Circle' 'Coinbase' 'Electrum' 'Blockchain'],Circle,0,0,0,1,0,0,1,0,0,1,0,0,1,0,0,0,0,1,1
519,Coinbase,0,0,1,1,3,1,1,1,0,0,1,1,0,1,0,0,0,0,1,0,1,2,1,5,['Circle' 'Blockchain' 'Coinbase' 'Electrum'],Circle,0,0,0,1,1,0,0,0,0,0,1,0,0,1,0,0,0,1,1
520,Coinbase,0,0,1,1,4,0,1,0,0,1,0,0,1,1,0,1,0,1,1,1,1,5,3,5,['Coinbase' 'Circle' 'Electrum' 'Blockchain'],Coinbase,0,0,1,0,0,0,0,1,0,1,0,0,1,0,0,0,0,1,1
521,Blockchain,1,0,0,0,1,1,0,0,1,1,0,0,0,0,0,1,0,1,1,1,0,3,5,2,['Circle' 'Blockchain' 'Electrum' 'Coinbase'],Circle,0,0,0,1,1,0,0,0,0,1,0,0,0,0,1,0,0,1,1
522,Blockchain,1,0,0,0,3,1,0,1,0,1,0,1,0,0,0,0,0,0,1,1,1,1,5,2,['Circle' 'Coinbase' 'Electrum' 'Blockchain'],Circle,0,0,0,1,0,0,1,0,0,1,0,0,1,0,0,0,0,1,1
523,Blockchain,1,0,0,0,1,1,1,0,1,0,1,0,0,1,0,0,0,1,1,0,0,1,1,1,['Blockchain' 'Coinbase' 'Circle' 'Electrum'],Blockchain,1,0,0,0,0,0,1,0,0,0,0,1,0,1,0,0,1,0,1
524,Blockchain,1,0,0,0,4,1,1,0,0,0,1,0,0,0,0,0,1,1,0,0,1,2,5,1,['Electrum' 'Circle' 'Coinbase' 'Blockchain'],Electrum,0,1,0,0,0,0,0,1,0,0,1,0,1,0,0,0,1,0,0
525,Blockchain,1,0,0,0,1,1,1,0,0,1,0,1,1,0,0,0,1,0,1,0,1,2,1,4,['Coinbase' 'Blockchain' 'Electrum' 'Circle'],Coinbase,0,0,1,0,1,0,0,0,0,1,0,0,0,0,0,1,0,1,1
526,Circle,0,0,1,1,1,0,1,1,0,0,1,0,1,1,1,1,1,1,0,0,1,3,4,4,['Circle' 'Electrum' 'Blockchain' 'Coinbase'],Circle,0,0,0,1,0,1,0,0,1,0,0,0,0,0,1,0,0,1,1
527,Circle,0,0,1,1,2,1,0,0,1,0,0,0,1,1,1,0,1,0,0,1,1,5,3,3,['Circle' 'Electrum' 'Blockchain' 'Coinbase'],Circle,0,0,0,1,0,1,0,0,1,0,0,0,0,0,1,0,0,1,1
528,Circle,0,0,1,1,3,0,0,0,0,0,1,1,0,1,0,0,1,0,0,0,0,1,4,2,['Coinbase' 'Blockchain' 'Circle' 'Electrum'],Coinbase,0,0,1,0,1,0,0,0,0,0,0,1,0,1,0,0,0,1,1
529,Coinbase,0,0,1,1,3,0,0,1,0,0,1,0,0,0,1,0,1,1,0,1,1,3,5,3,['Circle' 'Blockchain' 'Coinbase' 'Electrum'],Circle,0,0,0,1,1,0,0,0,0,0,1,0,0,1,0,0,0,1,1
530,Blockchain,1,0,0,0,3,0,1,1,1,0,0,1,1,1,0,0,1,1,1,0,1,5,2,3,['Coinbase' 'Electrum' 'Blockchain' 'Circle'],Coinbase,0,0,1,0,0,1,0,0,1,0,0,0,0,0,0,1,0,1,1
531,Blockchain,1,0,0,0,4,1,0,1,1,1,1,0,0,1,0,0,1,1,0,1,0,4,1,3,['Circle' 'Blockchain' 'Coinbase' 'Electrum'],Circle,0,0,0,1,1,0,0,0,0,0,1,0,0,1,0,0,0,1,1
532,Circle,0,0,1,1,1,0,1,0,0,0,0,0,0,0,1,0,1,0,0,0,1,2,3,1,['Electrum' 'Coinbase' 'Circle' 'Blockchain'],Electrum,0,1,0,0,0,0,1,0,0,0,0,1,1,0,0,0,1,0,0
533,Circle,0,0,1,1,2,1,1,1,1,1,1,1,1,1,0,1,0,1,1,1,1,5,2,3,['Blockchain' 'Circle' 'Electrum' 'Coinbase'],Blockchain,1,0,0,0,0,0,0,1,0,1,0,0,0,0,1,0,1,0,1
534,Blockchain,1,0,0,0,2,1,0,1,1,1,1,0,0,1,1,0,1,1,0,1,0,4,2,3,['Coinbase' 'Blockchain' 'Electrum' 'Circle'],Coinbase,0,0,1,0,1,0,0,0,0,1,0,0,0,0,0,1,0,1,1
535,Electrum,1,1,0,0,1,0,1,1,0,0,0,0,1,1,1,0,0,0,0,0,0,1,2,1,['Electrum' 'Blockchain' 'Circle' 'Coinbase'],Electrum,0,1,0,0,1,0,0,0,0,0,0,1,0,0,1,0,1,0,0
536,Blockchain,1,0,0,0,3,1,0,1,1,0,0,0,1,1,0,1,0,0,1,1,0,1,2,2,['Blockchain' 'Coinbase' 'Electrum' 'Circle'],Blockchain,1,0,0,0,0,0,1,0,0,1,0,0,0,0,0,1,1,0,1
537,Coinbase,0,0,1,1,1,1,0,0,0,1,1,1,0,1,0,0,1,0,1,0,1,4,2,2,['Electrum' 'Coinbase' 'Blockchain' 'Circle'],Electrum,0,1,0,0,0,0,1,0,1,0,0,0,0,0,0,1,1,0,0
538,Circle,0,0,1,1,4,1,0,1,0,0,1,0,1,0,1,1,1,1,0,0,0,5,5,4,['Circle' 'Coinbase' 'Blockchain' 'Electrum'],Circle,0,0,0,1,0,0,1,0,1,0,0,0,0,1,0,0,0,1,1
539,Electrum,1,1,0,0,2,1,1,0,1,1,0,0,0,0,1,1,1,0,1,0,1,5,1,4,['Electrum' 'Blockchain' 'Circle' 'Coinbase'],Electrum,0,1,0,0,1,0,0,0,0,0,0,1,0,0,1,0,1,0,0
540,Electrum,1,1,0,0,4,0,1,0,0,0,1,1,0,0,1,0,1,0,0,0,1,3,1,2,['Coinbase' 'Electrum' 'Circle' 'Blockchain'],Coinbase,0,0,1,0,0,1,0,0,0,0,0,1,1,0,0,0,0,1,1
541,Electrum,1,1,0,0,1,1,0,0,0,0,0,0,0,1,1,1,0,1,0,1,1,5,2,3,['Electrum' 'Circle' 'Coinbase' 'Blockchain'],Electrum,0,1,0,0,0,0,0,1,0,0,1,0,1,0,0,0,1,0,0
542,Circle,0,0,1,1,2,0,0,0,1,1,0,0,0,1,0,0,1,1,0,0,1,1,1,1,['Coinbase' 'Circle' 'Blockchain' 'Electrum'],Coinbase,0,0,1,0,0,0,0,1,1,0,0,0,0,1,0,0,0,1,1
543,Blockchain,1,0,0,0,3,1,1,0,1,0,0,0,1,1,1,1,0,0,1,0,0,1,3,1,['Circle' 'Blockchain' 'Coinbase' 'Electrum'],Circle,0,0,0,1,1,0,0,0,0,0,1,0,0,1,0,0,0,1,1
544,Coinbase,0,0,1,1,1,1,0,1,0,1,0,1,1,0,1,0,1,1,0,1,0,5,3,5,['Coinbase' 'Blockchain' 'Circle' 'Electrum'],Coinbase,0,0,1,0,1,0,0,0,0,0,0,1,0,1,0,0,0,1,1
545,Circle,0,0,1,1,4,0,1,0,0,0,0,1,1,1,1,0,0,1,1,1,1,3,2,3,['Electrum' 'Coinbase' 'Circle' 'Blockchain'],Electrum,0,1,0,0,0,0,1,0,0,0,0,1,1,0,0,0,1,0,0
546,Circle,0,0,1,1,2,1,0,0,0,1,0,0,1,1,0,0,1,1,1,1,1,3,5,4,['Coinbase' 'Electrum' 'Circle' 'Blockchain'],Coinbase,0,0,1,0,0,1,0,0,0,0,0,1,1,0,0,0,0,1,1
547,Coinbase,0,0,1,1,3,0,1,1,1,1,1,1,0,0,1,0,1,1,0,0,1,3,2,4,['Circle' 'Blockchain' 'Coinbase' 'Electrum'],Circle,0,0,0,1,1,0,0,0,0,0,1,0,0,1,0,0,0,1,1
548,Electrum,1,1,0,0,2,0,0,1,0,0,0,0,1,0,1,0,1,0,0,0,0,3,2,3,['Blockchain' 'Circle' 'Coinbase' 'Electrum'],Blockchain,1,0,0,0,0,0,0,1,0,0,1,0,0,1,0,0,1,0,1
549,Coinbase,0,0,1,1,4,0,0,1,1,1,1,1,0,1,0,1,0,1,1,1,1,2,2,2,['Blockchain' 'Circle' 'Electrum' 'Coinbase'],Blockchain,1,0,0,0,0,0,0,1,0,1,0,0,0,0,1,0,1,0,1
550,Circle,0,0,1,1,1,1,0,1,0,1,1,1,0,1,0,1,0,0,1,1,0,1,5,2,['Blockchain' 'Electrum' 'Circle' 'Coinbase'],Blockchain,1,0,0,0,0,1,0,0,0,0,0,1,0,0,1,0,1,0,1
551,Electrum,1,1,0,0,3,1,1,0,1,0,1,0,0,0,1,1,0,1,0,1,1,3,3,3,['Coinbase' 'Circle' 'Blockchain' 'Electrum'],Coinbase,0,0,1,0,0,0,0,1,1,0,0,0,0,1,0,0,0,1,1
552,Circle,0,0,1,1,2,1,0,0,0,1,0,1,1,1,1,0,0,1,1,0,1,2,4,2,['Blockchain' 'Coinbase' 'Circle' 'Electrum'],Blockchain,1,0,0,0,0,0,1,0,0,0,0,1,0,1,0,0,1,0,1
553,Electrum,1,1,0,0,1,0,0,1,1,0,1,0,0,1,1,0,1,1,1,1,0,5,2,4,['Blockchain' 'Coinbase' 'Circle' 'Electrum'],Blockchain,1,0,0,0,0,0,1,0,0,0,0,1,0,1,0,0,1,0,1
554,Electrum,1,1,0,0,2,1,0,1,0,0,0,0,0,0,1,0,0,1,1,0,1,3,1,4,['Blockchain' 'Coinbase' 'Electrum' 'Circle'],Blockchain,1,0,0,0,0,0,1,0,0,1,0,0,0,0,0,1,1,0,1
555,Blockchain,1,0,0,0,4,1,1,0,0,1,1,0,0,0,0,1,0,0,0,0,0,2,2,5,['Circle' 'Blockchain' 'Electrum' 'Coinbase'],Circle,0,0,0,1,1,0,0,0,0,1,0,0,0,0,1,0,0,1,1
556,Electrum,1,1,0,0,1,1,1,0,1,1,0,1,1,0,1,1,0,1,1,1,1,1,3,2,['Coinbase' 'Blockchain' 'Circle' 'Electrum'],Coinbase,0,0,1,0,1,0,0,0,0,0,0,1,0,1,0,0,0,1,1
557,Circle,0,0,1,1,3,1,1,1,1,0,1,1,0,1,0,1,1,0,0,1,0,3,3,2,['Coinbase' 'Blockchain' 'Electrum' 'Circle'],Coinbase,0,0,1,0,1,0,0,0,0,1,0,0,0,0,0,1,0,1,1
558,Electrum,1,1,0,0,3,0,1,1,1,1,1,0,1,1,1,0,0,0,0,1,0,4,1,4,['Blockchain' 'Circle' 'Electrum' 'Coinbase'],Blockchain,1,0,0,0,0,0,0,1,0,1,0,0,0,0,1,0,1,0,1
559,Electrum,1,1,0,0,1,1,1,1,0,0,1,1,0,1,1,1,1,0,1,0,1,3,5,4,['Electrum' 'Coinbase' 'Blockchain' 'Circle'],Electrum,0,1,0,0,0,0,1,0,1,0,0,0,0,0,0,1,1,0,0
560,Blockchain,1,0,0,0,4,0,0,1,1,0,1,0,1,0,1,1,1,0,0,1,0,3,5,2,['Blockchain' 'Electrum' 'Circle' 'Coinbase'],Blockchain,1,0,0,0,0,1,0,0,0,0,0,1,0,0,1,0,1,0,1
561,Blockchain,1,0,0,0,4,0,0,0,1,1,0,1,0,1,0,1,1,0,1,1,1,3,2,5,['Circle' 'Coinbase' 'Blockchain' 'Electrum'],Circle,0,0,0,1,0,0,1,0,1,0,0,0,0,1,0,0,0,1,1
562,Coinbase,0,0,1,1,1,0,1,0,0,1,0,0,0,0,0,1,0,1,1,1,0,5,3,1,['Circle' 'Blockchain' 'Coinbase' 'Electrum'],Circle,0,0,0,1,1,0,0,0,0,0,1,0,0,1,0,0,0,1,1
563,Coinbase,0,0,1,1,4,0,1,1,1,0,1,0,0,0,1,1,1,0,1,1,1,3,1,1,['Coinbase' 'Electrum' 'Blockchain' 'Circle'],Coinbase,0,0,1,0,0,1,0,0,1,0,0,0,0,0,0,1,0,1,1
564,Circle,0,0,1,1,1,0,0,1,0,0,1,0,0,1,1,0,1,1,1,1,1,3,2,3,['Blockchain' 'Circle' 'Coinbase' 'Electrum'],Blockchain,1,0,0,0,0,0,0,1,0,0,1,0,0,1,0,0,1,0,1
565,Blockchain,1,0,0,0,4,1,1,0,1,0,1,1,0,1,1,1,0,0,1,0,0,1,3,3,['Blockchain' 'Circle' 'Coinbase' 'Electrum'],Blockchain,1,0,0,0,0,0,0,1,0,0,1,0,0,1,0,0,1,0,1
566,Electrum,1,1,0,0,2,1,0,1,1,1,0,1,0,1,0,1,1,1,1,0,1,5,5,3,['Coinbase' 'Blockchain' 'Circle' 'Electrum'],Coinbase,0,0,1,0,1,0,0,0,0,0,0,1,0,1,0,0,0,1,1
567,Circle,0,0,1,1,3,0,1,1,0,0,1,1,0,0,0,1,1,0,0,0,1,2,4,2,['Blockchain' 'Circle' 'Electrum' 'Coinbase'],Blockchain,1,0,0,0,0,0,0,1,0,1,0,0,0,0,1,0,1,0,1
568,Blockchain,1,0,0,0,2,0,0,0,1,0,0,1,0,1,0,1,0,0,1,1,1,2,5,2,['Circle' 'Electrum' 'Blockchain' 'Coinbase'],Circle,0,0,0,1,0,1,0,0,1,0,0,0,0,0,1,0,0,1,1
569,Blockchain,1,0,0,0,4,1,1,0,0,1,0,0,0,0,1,0,0,1,1,0,0,5,3,1,['Electrum' 'Circle' 'Blockchain' 'Coinbase'],Electrum,0,1,0,0,0,0,0,1,1,0,0,0,0,0,1,0,1,0,0
570,Coinbase,0,0,1,1,1,0,1,1,1,0,0,1,1,1,1,1,1,0,1,1,1,5,1,4,['Circle' 'Coinbase' 'Blockchain' 'Electrum'],Circle,0,0,0,1,0,0,1,0,1,0,0,0,0,1,0,0,0,1,1
571,Coinbase,0,0,1,1,4,1,1,0,0,1,1,0,1,1,1,0,0,0,1,0,1,3,4,3,['Coinbase' 'Blockchain' 'Circle' 'Electrum'],Coinbase,0,0,1,0,1,0,0,0,0,0,0,1,0,1,0,0,0,1,1
572,Coinbase,0,0,1,1,1,0,1,0,0,0,0,1,1,1,1,0,1,1,1,1,1,4,4,2,['Blockchain' 'Coinbase' 'Circle' 'Electrum'],Blockchain,1,0,0,0,0,0,1,0,0,0,0,1,0,1,0,0,1,0,1
573,Electrum,1,1,0,0,2,0,1,0,1,0,0,1,1,0,1,1,1,1,1,0,1,3,4,1,['Electrum' 'Coinbase' 'Circle' 'Blockchain'],Electrum,0,1,0,0,0,0,1,0,0,0,0,1,1,0,0,0,1,0,0
574,Electrum,1,1,0,0,3,0,0,1,1,0,1,1,0,1,0,1,0,1,0,1,0,1,4,1,['Circle' 'Coinbase' 'Electrum' 'Blockchain'],Circle,0,0,0,1,0,0,1,0,0,1,0,0,1,0,0,0,0,1,1
575,Circle,0,0,1,1,3,0,1,0,1,0,0,1,0,0,0,1,1,0,0,1,1,4,5,1,['Electrum' 'Circle' 'Coinbase' 'Blockchain'],Electrum,0,1,0,0,0,0,0,1,0,0,1,0,1,0,0,0,1,0,0
576,Coinbase,0,0,1,1,2,0,0,1,0,1,1,1,1,1,1,0,1,1,0,1,0,1,2,1,['Blockchain' 'Coinbase' 'Circle' 'Electrum'],Blockchain,1,0,0,0,0,0,1,0,0,0,0,1,0,1,0,0,1,0,1
577,Circle,0,0,1,1,2,1,1,0,1,0,0,1,0,0,1,0,0,1,1,0,1,1,3,5,['Blockchain' 'Electrum' 'Coinbase' 'Circle'],Blockchain,1,0,0,0,0,1,0,0,0,0,1,0,0,0,0,1,1,0,1
578,Electrum,1,1,0,0,2,1,0,1,0,0,0,1,1,0,0,1,1,1,0,0,1,4,4,1,['Circle' 'Coinbase' 'Blockchain' 'Electrum'],Circle,0,0,0,1,0,0,1,0,1,0,0,0,0,1,0,0,0,1,1
579,Circle,0,0,1,1,1,0,1,1,1,0,0,0,1,1,1,0,1,0,1,0,0,4,4,3,['Blockchain' 'Coinbase' 'Circle' 'Electrum'],Blockchain,1,0,0,0,0,0,1,0,0,0,0,1,0,1,0,0,1,0,1
580,Circle,0,0,1,1,1,1,1,0,0,0,0,0,0,0,1,0,0,0,0,1,0,4,1,2,['Coinbase' 'Blockchain' 'Electrum' 'Circle'],Coinbase,0,0,1,0,1,0,0,0,0,1,0,0,0,0,0,1,0,1,1
581,Electrum,1,1,0,0,2,1,1,1,1,0,1,1,1,1,1,0,0,0,0,0,1,3,3,5,['Coinbase' 'Circle' 'Blockchain' 'Electrum'],Coinbase,0,0,1,0,0,0,0,1,1,0,0,0,0,1,0,0,0,1,1
582,Circle,0,0,1,1,2,1,1,1,1,0,1,0,0,0,0,0,0,0,0,0,0,2,5,5,['Blockchain' 'Coinbase' 'Electrum' 'Circle'],Blockchain,1,0,0,0,0,0,1,0,0,1,0,0,0,0,0,1,1,0,1
583,Blockchain,1,0,0,0,2,0,1,1,1,0,1,1,0,1,0,1,0,1,1,1,1,1,3,2,['Circle' 'Coinbase' 'Electrum' 'Blockchain'],Circle,0,0,0,1,0,0,1,0,0,1,0,0,1,0,0,0,0,1,1
584,Electrum,1,1,0,0,2,1,0,1,0,0,0,1,0,1,1,1,1,0,1,0,1,2,5,4,['Coinbase' 'Electrum' 'Circle' 'Blockchain'],Coinbase,0,0,1,0,0,1,0,0,0,0,0,1,1,0,0,0,0,1,1
585,Coinbase,0,0,1,1,2,1,1,1,1,1,1,1,0,0,0,0,1,1,1,0,1,5,5,3,['Electrum' 'Blockchain' 'Coinbase' 'Circle'],Electrum,0,1,0,0,1,0,0,0,0,0,1,0,0,0,0,1,1,0,0
586,Circle,0,0,1,1,2,1,0,0,0,0,1,0,0,0,1,1,1,1,1,0,0,5,5,3,['Coinbase' 'Blockchain' 'Circle' 'Electrum'],Coinbase,0,0,1,0,1,0,0,0,0,0,0,1,0,1,0,0,0,1,1
587,Circle,0,0,1,1,3,1,0,1,0,1,1,0,1,0,1,0,0,0,1,1,1,1,3,2,['Blockchain' 'Circle' 'Electrum' 'Coinbase'],Blockchain,1,0,0,0,0,0,0,1,0,1,0,0,0,0,1,0,1,0,1
588,Blockchain,1,0,0,0,1,0,0,0,0,1,1,1,0,1,0,0,0,1,0,0,1,4,4,4,['Circle' 'Blockchain' 'Coinbase' 'Electrum'],Circle,0,0,0,1,1,0,0,0,0,0,1,0,0,1,0,0,0,1,1
589,Circle,0,0,1,1,3,1,0,0,0,0,0,1,1,0,0,1,0,1,0,0,0,5,2,3,['Coinbase' 'Blockchain' 'Electrum' 'Circle'],Coinbase,0,0,1,0,1,0,0,0,0,1,0,0,0,0,0,1,0,1,1
590,Coinbase,0,0,1,1,3,1,1,0,0,0,0,0,0,1,0,1,1,1,0,1,1,4,4,4,['Blockchain' 'Circle' 'Electrum' 'Coinbase'],Blockchain,1,0,0,0,0,0,0,1,0,1,0,0,0,0,1,0,1,0,1
591,Coinbase,0,0,1,1,3,0,1,0,1,0,0,0,1,1,1,0,1,0,1,0,1,1,1,5,['Coinbase' 'Electrum' 'Circle' 'Blockchain'],Coinbase,0,0,1,0,0,1,0,0,0,0,0,1,1,0,0,0,0,1,1
592,Blockchain,1,0,0,0,3,0,0,1,0,1,1,0,1,1,0,0,1,1,1,0,1,1,4,2,['Circle' 'Blockchain' 'Electrum' 'Coinbase'],Circle,0,0,0,1,1,0,0,0,0,1,0,0,0,0,1,0,0,1,1
593,Electrum,1,1,0,0,1,1,0,1,1,1,1,1,1,1,1,0,1,1,1,1,0,5,5,5,['Electrum' 'Circle' 'Coinbase' 'Blockchain'],Electrum,0,1,0,0,0,0,0,1,0,0,1,0,1,0,0,0,1,0,0
594,Blockchain,1,0,0,0,1,0,0,0,0,1,0,1,1,0,0,0,1,1,0,1,0,4,2,4,['Coinbase' 'Blockchain' 'Circle' 'Electrum'],Coinbase,0,0,1,0,1,0,0,0,0,0,0,1,0,1,0,0,0,1,1
595,Electrum,1,1,0,0,1,0,0,0,1,1,0,0,0,1,1,0,1,1,0,1,0,5,4,2,['Electrum' 'Blockchain' 'Coinbase' 'Circle'],Electrum,0,1,0,0,1,0,0,0,0,0,1,0,0,0,0,1,1,0,0
596,Blockchain,1,0,0,0,2,0,0,1,0,0,0,0,1,1,0,1,1,1,0,1,1,3,3,5,['Electrum' 'Coinbase' 'Blockchain' 'Circle'],Electrum,0,1,0,0,0,0,1,0,1,0,0,0,0,0,0,1,1,0,0
597,Electrum,1,1,0,0,3,0,1,1,1,1,1,1,1,0,1,1,1,1,0,0,1,3,1,3,['Circle' 'Coinbase' 'Electrum' 'Blockchain'],Circle,0,0,0,1,0,0,1,0,0,1,0,0,1,0,0,0,0,1,1
598,Circle,0,0,1,1,1,0,0,1,0,1,1,1,0,0,0,1,0,1,0,1,1,3,5,2,['Blockchain' 'Circle' 'Electrum' 'Coinbase'],Blockchain,1,0,0,0,0,0,0,1,0,1,0,0,0,0,1,0,1,0,1
599,Electrum,1,1,0,0,3,1,1,1,0,0,1,1,0,1,1,1,1,0,1,0,0,4,3,3,['Electrum' 'Blockchain' 'Circle' 'Coinbase'],Electrum,0,1,0,0,1,0,0,0,0,0,0,1,0,0,1,0,1,0,0
600,Electrum,1,1,0,0,3,1,1,0,0,0,0,0,1,1,0,0,0,1,0,0,0,5,2,2,['Coinbase' 'Circle' 'Electrum' 'Blockchain'],Coinbase,0,0,1,0,0,0,0,1,0,1,0,0,1,0,0,0,0,1,1
601,Electrum,1,1,0,0,4,1,0,0,1,0,1,1,0,0,0,1,1,1,0,0,1,3,2,1,['Circle' 'Blockchain' 'Coinbase' 'Electrum'],Circle,0,0,0,1,1,0,0,0,0,0,1,0,0,1,0,0,0,1,1
602,Coinbase,0,0,1,1,3,0,0,0,0,0,1,0,1,1,1,0,1,1,1,1,1,4,4,3,['Circle' 'Electrum' 'Coinbase' 'Blockchain'],Circle,0,0,0,1,0,1,0,0,0,0,1,0,1,0,0,0,0,1,1
603,Coinbase,0,0,1,1,3,1,0,1,1,0,1,0,1,1,1,1,0,0,0,0,0,5,2,3,['Electrum' 'Blockchain' 'Circle' 'Coinbase'],Electrum,0,1,0,0,1,0,0,0,0,0,0,1,0,0,1,0,1,0,0
604,Coinbase,0,0,1,1,4,1,0,0,1,0,0,0,1,0,1,0,0,0,1,1,0,5,5,3,['Coinbase' 'Blockchain' 'Electrum' 'Circle'],Coinbase,0,0,1,0,1,0,0,0,0,1,0,0,0,0,0,1,0,1,1
605,Coinbase,0,0,1,1,1,0,1,1,1,1,1,1,1,1,0,1,1,1,1,0,0,1,1,2,['Blockchain' 'Circle' 'Coinbase' 'Electrum'],Blockchain,1,0,0,0,0,0,0,1,0,0,1,0,0,1,0,0,1,0,1
606,Coinbase,0,0,1,1,2,0,1,0,0,1,0,1,0,0,0,0,1,0,0,1,0,4,1,4,['Blockchain' 'Coinbase' 'Circle' 'Electrum'],Blockchain,1,0,0,0,0,0,1,0,0,0,0,1,0,1,0,0,1,0,1
607,Circle,0,0,1,1,4,1,1,1,1,1,0,1,0,1,1,0,0,0,0,1,0,3,3,4,['Electrum' 'Coinbase' 'Blockchain' 'Circle'],Electrum,0,1,0,0,0,0,1,0,1,0,0,0,0,0,0,1,1,0,0
608,Coinbase,0,0,1,1,3,0,1,1,0,1,0,1,0,1,1,1,1,1,0,0,0,2,2,1,['Blockchain' 'Coinbase' 'Circle' 'Electrum'],Blockchain,1,0,0,0,0,0,1,0,0,0,0,1,0,1,0,0,1,0,1
609,Coinbase,0,0,1,1,4,1,1,0,1,1,1,0,0,0,1,1,1,0,1,1,0,1,1,2,['Electrum' 'Circle' 'Blockchain' 'Coinbase'],Electrum,0,1,0,0,0,0,0,1,1,0,0,0,0,0,1,0,1,0,0
610,Circle,0,0,1,1,1,1,1,1,0,0,0,0,1,1,0,1,1,0,0,0,1,4,3,1,['Electrum' 'Circle' 'Blockchain' 'Coinbase'],Electrum,0,1,0,0,0,0,0,1,1,0,0,0,0,0,1,0,1,0,0
611,Coinbase,0,0,1,1,2,1,0,0,0,0,1,0,1,0,1,0,1,0,0,0,0,2,2,4,['Electrum' 'Circle' 'Coinbase' 'Blockchain'],Electrum,0,1,0,0,0,0,0,1,0,0,1,0,1,0,0,0,1,0,0
612,Circle,0,0,1,1,3,1,0,0,0,1,1,1,0,0,0,0,0,1,1,0,1,1,1,4,['Coinbase' 'Circle' 'Electrum' 'Blockchain'],Coinbase,0,0,1,0,0,0,0,1,0,1,0,0,1,0,0,0,0,1,1
613,Electrum,1,1,0,0,4,1,1,1,1,1,0,1,1,0,0,1,1,1,0,0,0,5,2,1,['Electrum' 'Coinbase' 'Circle' 'Blockchain'],Electrum,0,1,0,0,0,0,1,0,0,0,0,1,1,0,0,0,1,0,0
614,Electrum,1,1,0,0,2,0,0,1,0,1,0,0,1,1,1,1,1,1,1,1,1,4,2,2,['Circle' 'Electrum' 'Coinbase' 'Blockchain'],Circle,0,0,0,1,0,1,0,0,0,0,1,0,1,0,0,0,0,1,1
615,Blockchain,1,0,0,0,4,0,0,0,0,1,0,0,1,1,1,1,0,0,0,0,0,5,3,5,['Circle' 'Coinbase' 'Electrum' 'Blockchain'],Circle,0,0,0,1,0,0,1,0,0,1,0,0,1,0,0,0,0,1,1
616,Electrum,1,1,0,0,3,0,0,0,0,0,0,0,0,0,0,1,1,0,1,1,1,4,3,2,['Blockchain' 'Circle' 'Electrum' 'Coinbase'],Blockchain,1,0,0,0,0,0,0,1,0,1,0,0,0,0,1,0,1,0,1
617,Electrum,1,1,0,0,3,1,1,0,0,0,0,0,1,1,1,0,0,1,1,0,0,4,5,1,['Blockchain' 'Electrum' 'Circle' 'Coinbase'],Blockchain,1,0,0,0,0,1,0,0,0,0,0,1,0,0,1,0,1,0,1
618,Coinbase,0,0,1,1,4,1,1,0,0,0,0,1,1,1,0,0,1,1,1,0,0,3,2,3,['Circle' 'Blockchain' 'Coinbase' 'Electrum'],Circle,0,0,0,1,1,0,0,0,0,0,1,0,0,1,0,0,0,1,1
619,Coinbase,0,0,1,1,1,0,1,0,1,0,1,0,0,0,1,1,0,0,1,1,1,1,3,4,['Electrum' 'Circle' 'Blockchain' 'Coinbase'],Electrum,0,1,0,0,0,0,0,1,1,0,0,0,0,0,1,0,1,0,0
620,Circle,0,0,1,1,1,0,0,1,0,1,0,0,1,1,0,1,0,0,1,0,0,3,3,2,['Circle' 'Blockchain' 'Electrum' 'Coinbase'],Circle,0,0,0,1,1,0,0,0,0,1,0,0,0,0,1,0,0,1,1
621,Coinbase,0,0,1,1,3,0,0,1,1,0,0,1,0,1,1,1,0,1,0,1,1,5,5,1,['Coinbase' 'Blockchain' 'Circle' 'Electrum'],Coinbase,0,0,1,0,1,0,0,0,0,0,0,1,0,1,0,0,0,1,1
622,Electrum,1,1,0,0,4,0,1,0,1,0,1,1,1,1,0,0,0,1,1,0,0,1,4,1,['Coinbase' 'Blockchain' 'Circle' 'Electrum'],Coinbase,0,0,1,0,1,0,0,0,0,0,0,1,0,1,0,0,0,1,1
623,Electrum,1,1,0,0,1,0,0,0,1,1,0,0,1,0,0,1,1,1,0,0,0,3,4,4,['Circle' 'Blockchain' 'Electrum' 'Coinbase'],Circle,0,0,0,1,1,0,0,0,0,1,0,0,0,0,1,0,0,1,1
624,Coinbase,0,0,1,1,2,1,1,0,1,1,0,0,0,1,1,0,1,1,1,0,1,3,4,3,['Coinbase' 'Blockchain' 'Circle' 'Electrum'],Coinbase,0,0,1,0,1,0,0,0,0,0,0,1,0,1,0,0,0,1,1
625,Circle,0,0,1,1,2,0,1,0,0,1,0,0,1,1,0,0,0,0,1,0,1,5,4,1,['Blockchain' 'Circle' 'Coinbase' 'Electrum'],Blockchain,1,0,0,0,0,0,0,1,0,0,1,0,0,1,0,0,1,0,1
626,Blockchain,1,0,0,0,3,0,0,0,0,0,0,0,0,0,0,1,0,1,0,0,0,5,4,4,['Coinbase' 'Blockchain' 'Electrum' 'Circle'],Coinbase,0,0,1,0,1,0,0,0,0,1,0,0,0,0,0,1,0,1,1
627,Blockchain,1,0,0,0,3,1,1,0,0,0,0,1,1,0,0,0,0,0,0,1,0,5,3,5,['Electrum' 'Circle' 'Coinbase' 'Blockchain'],Electrum,0,1,0,0,0,0,0,1,0,0,1,0,1,0,0,0,1,0,0
628,Coinbase,0,0,1,1,4,0,1,1,0,0,1,0,1,0,0,0,1,1,0,0,1,3,3,5,['Blockchain' 'Electrum' 'Circle' 'Coinbase'],Blockchain,1,0,0,0,0,1,0,0,0,0,0,1,0,0,1,0,1,0,1
629,Electrum,1,1,0,0,3,0,1,0,1,1,0,0,1,1,1,0,0,1,1,1,0,5,2,4,['Electrum' 'Blockchain' 'Circle' 'Coinbase'],Electrum,0,1,0,0,1,0,0,0,0,0,0,1,0,0,1,0,1,0,0
630,Blockchain,1,0,0,0,4,0,1,1,1,1,1,1,0,1,0,0,0,0,1,1,1,2,1,5,['Electrum' 'Circle' 'Blockchain' 'Coinbase'],Electrum,0,1,0,0,0,0,0,1,1,0,0,0,0,0,1,0,1,0,0
631,Circle,0,0,1,1,2,0,1,0,0,0,0,0,0,0,1,1,0,1,0,1,1,1,5,3,['Electrum' 'Circle' 'Blockchain' 'Coinbase'],Electrum,0,1,0,0,0,0,0,1,1,0,0,0,0,0,1,0,1,0,0
632,Blockchain,1,0,0,0,4,0,0,1,1,1,0,0,0,0,1,1,1,0,1,0,1,3,2,3,['Circle' 'Coinbase' 'Blockchain' 'Electrum'],Circle,0,0,0,1,0,0,1,0,1,0,0,0,0,1,0,0,0,1,1
633,Blockchain,1,0,0,0,4,0,0,1,0,1,0,0,1,0,0,1,0,0,1,1,1,1,2,3,['Circle' 'Electrum' 'Blockchain' 'Coinbase'],Circle,0,0,0,1,0,1,0,0,1,0,0,0,0,0,1,0,0,1,1
634,Electrum,1,1,0,0,2,0,0,1,1,1,1,0,0,0,0,1,1,1,0,1,1,4,3,2,['Coinbase' 'Electrum' 'Circle' 'Blockchain'],Coinbase,0,0,1,0,0,1,0,0,0,0,0,1,1,0,0,0,0,1,1
635,Electrum,1,1,0,0,3,0,0,1,1,1,1,1,0,0,1,1,1,0,0,1,0,4,4,3,['Blockchain' 'Circle' 'Electrum' 'Coinbase'],Blockchain,1,0,0,0,0,0,0,1,0,1,0,0,0,0,1,0,1,0,1
636,Blockchain,1,0,0,0,3,1,0,1,1,0,0,0,0,0,0,1,1,0,0,0,1,2,1,4,['Blockchain' 'Circle' 'Coinbase' 'Electrum'],Blockchain,1,0,0,0,0,0,0,1,0,0,1,0,0,1,0,0,1,0,1
637,Coinbase,0,0,1,1,3,0,1,0,1,0,1,0,1,1,0,0,0,1,0,1,0,3,2,2,['Electrum' 'Circle' 'Coinbase' 'Blockchain'],Electrum,0,1,0,0,0,0,0,1,0,0,1,0,1,0,0,0,1,0,0
638,Blockchain,1,0,0,0,3,0,1,1,0,1,1,1,1,0,1,0,0,1,1,0,1,3,4,1,['Circle' 'Electrum' 'Blockchain' 'Coinbase'],Circle,0,0,0,1,0,1,0,0,1,0,0,0,0,0,1,0,0,1,1
639,Electrum,1,1,0,0,1,1,1,0,1,1,1,0,1,1,0,0,1,1,1,0,1,3,5,5,['Circle' 'Blockchain' 'Coinbase' 'Electrum'],Circle,0,0,0,1,1,0,0,0,0,0,1,0,0,1,0,0,0,1,1
640,Blockchain,1,0,0,0,2,1,0,1,1,1,0,1,1,1,0,1,0,0,0,1,1,2,3,2,['Electrum' 'Coinbase' 'Circle' 'Blockchain'],Electrum,0,1,0,0,0,0,1,0,0,0,0,1,1,0,0,0,1,0,0
641,Circle,0,0,1,1,1,0,1,0,0,0,0,1,0,1,0,1,1,0,0,0,0,1,1,1,['Coinbase' 'Circle' 'Blockchain' 'Electrum'],Coinbase,0,0,1,0,0,0,0,1,1,0,0,0,0,1,0,0,0,1,1
642,Electrum,1,1,0,0,3,1,1,1,1,1,0,0,0,0,1,1,1,0,0,0,1,4,4,2,['Circle' 'Blockchain' 'Coinbase' 'Electrum'],Circle,0,0,0,1,1,0,0,0,0,0,1,0,0,1,0,0,0,1,1
643,Electrum,1,1,0,0,2,0,1,1,0,1,1,0,1,1,1,1,1,1,1,1,1,4,4,3,['Circle' 'Coinbase' 'Electrum' 'Blockchain'],Circle,0,0,0,1,0,0,1,0,0,1,0,0,1,0,0,0,0,1,1
644,Coinbase,0,0,1,1,4,0,0,0,1,0,0,1,0,0,1,1,1,0,1,0,0,5,5,4,['Electrum' 'Blockchain' 'Coinbase' 'Circle'],Electrum,0,1,0,0,1,0,0,0,0,0,1,0,0,0,0,1,1,0,0
645,Circle,0,0,1,1,2,1,0,1,1,0,1,1,0,0,0,1,1,1,1,1,1,1,2,2,['Blockchain' 'Circle' 'Electrum' 'Coinbase'],Blockchain,1,0,0,0,0,0,0,1,0,1,0,0,0,0,1,0,1,0,1
646,Circle,0,0,1,1,1,0,0,0,1,0,1,0,1,0,0,0,1,1,1,0,0,1,2,1,['Circle' 'Blockchain' 'Electrum' 'Coinbase'],Circle,0,0,0,1,1,0,0,0,0,1,0,0,0,0,1,0,0,1,1
647,Electrum,1,1,0,0,1,0,0,1,1,1,0,0,1,1,0,0,1,1,0,1,1,5,2,5,['Electrum' 'Coinbase' 'Blockchain' 'Circle'],Electrum,0,1,0,0,0,0,1,0,1,0,0,0,0,0,0,1,1,0,0
648,Blockchain,1,0,0,0,3,1,1,0,1,1,0,1,0,0,1,0,1,1,0,0,1,2,2,3,['Electrum' 'Blockchain' 'Coinbase' 'Circle'],Electrum,0,1,0,0,1,0,0,0,0,0,1,0,0,0,0,1,1,0,0
649,Blockchain,1,0,0,0,4,1,1,1,1,0,0,1,1,0,0,1,1,0,1,0,1,3,1,5,['Blockchain' 'Electrum' 'Circle' 'Coinbase'],Blockchain,1,0,0,0,0,1,0,0,0,0,0,1,0,0,1,0,1,0,1
650,Electrum,1,1,0,0,1,1,0,0,1,1,1,0,0,1,0,0,1,1,1,0,0,3,2,1,['Blockchain' 'Electrum' 'Circle' 'Coinbase'],Blockchain,1,0,0,0,0,1,0,0,0,0,0,1,0,0,1,0,1,0,1
651,Circle,0,0,1,1,3,0,1,0,1,1,1,1,1,0,0,1,1,0,1,1,1,5,4,2,['Electrum' 'Coinbase' 'Blockchain' 'Circle'],Electrum,0,1,0,0,0,0,1,0,1,0,0,0,0,0,0,1,1,0,0
652,Blockchain,1,0,0,0,4,1,1,0,0,0,1,1,1,0,0,0,0,1,1,0,1,3,5,1,['Electrum' 'Circle' 'Coinbase' 'Blockchain'],Electrum,0,1,0,0,0,0,0,1,0,0,1,0,1,0,0,0,1,0,0
653,Electrum,1,1,0,0,4,0,1,0,0,0,0,1,0,0,0,0,0,0,0,0,0,5,1,5,['Circle' 'Coinbase' 'Electrum' 'Blockchain'],Circle,0,0,0,1,0,0,1,0,0,1,0,0,1,0,0,0,0,1,1
654,Circle,0,0,1,1,2,1,1,0,1,1,1,0,0,1,1,1,0,0,1,0,0,4,3,3,['Blockchain' 'Circle' 'Coinbase' 'Electrum'],Blockchain,1,0,0,0,0,0,0,1,0,0,1,0,0,1,0,0,1,0,1
655,Electrum,1,1,0,0,1,1,0,1,1,0,1,0,1,1,0,1,1,1,1,0,1,3,4,4,['Coinbase' 'Circle' 'Blockchain' 'Electrum'],Coinbase,0,0,1,0,0,0,0,1,1,0,0,0,0,1,0,0,0,1,1
656,Coinbase,0,0,1,1,2,1,0,0,1,1,1,1,0,0,0,1,0,0,0,0,0,3,3,1,['Electrum' 'Circle' 'Blockchain' 'Coinbase'],Electrum,0,1,0,0,0,0,0,1,1,0,0,0,0,0,1,0,1,0,0
657,Blockchain,1,0,0,0,4,0,0,1,1,0,1,1,1,1,0,1,1,0,1,1,0,2,2,4,['Electrum' 'Blockchain' 'Coinbase' 'Circle'],Electrum,0,1,0,0,1,0,0,0,0,0,1,0,0,0,0,1,1,0,0
658,Electrum,1,1,0,0,2,0,0,1,0,1,0,1,1,0,0,0,0,0,1,0,0,4,2,3,['Blockchain' 'Coinbase' 'Electrum' 'Circle'],Blockchain,1,0,0,0,0,0,1,0,0,1,0,0,0,0,0,1,1,0,1
659,Electrum,1,1,0,0,1,1,1,1,0,0,1,1,1,1,1,0,0,0,1,1,0,5,5,1,['Electrum' 'Circle' 'Coinbase' 'Blockchain'],Electrum,0,1,0,0,0,0,0,1,0,0,1,0,1,0,0,0,1,0,0
660,Coinbase,0,0,1,1,2,1,1,0,0,1,0,1,0,1,1,0,0,1,1,0,0,2,3,1,['Electrum' 'Circle' 'Coinbase' 'Blockchain'],Electrum,0,1,0,0,0,0,0,1,0,0,1,0,1,0,0,0,1,0,0
661,Blockchain,1,0,0,0,1,0,1,0,0,0,0,1,0,0,1,1,1,1,0,0,0,2,4,5,['Circle' 'Coinbase' 'Electrum' 'Blockchain'],Circle,0,0,0,1,0,0,1,0,0,1,0,0,1,0,0,0,0,1,1
662,Blockchain,1,0,0,0,3,0,0,0,0,0,1,0,0,1,1,0,1,1,1,0,0,5,1,1,['Blockchain' 'Electrum' 'Circle' 'Coinbase'],Blockchain,1,0,0,0,0,1,0,0,0,0,0,1,0,0,1,0,1,0,1
663,Circle,0,0,1,1,2,1,0,0,0,0,1,1,0,0,0,0,1,0,0,0,0,1,2,3,['Electrum' 'Circle' 'Coinbase' 'Blockchain'],Electrum,0,1,0,0,0,0,0,1,0,0,1,0,1,0,0,0,1,0,0
664,Coinbase,0,0,1,1,3,1,0,0,0,0,1,0,0,1,0,1,1,0,0,1,0,2,3,2,['Electrum' 'Coinbase' 'Circle' 'Blockchain'],Electrum,0,1,0,0,0,0,1,0,0,0,0,1,1,0,0,0,1,0,0
665,Blockchain,1,0,0,0,2,0,1,1,0,0,1,0,0,1,1,0,1,0,0,0,1,1,3,2,['Coinbase' 'Blockchain' 'Circle' 'Electrum'],Coinbase,0,0,1,0,1,0,0,0,0,0,0,1,0,1,0,0,0,1,1
666,Blockchain,1,0,0,0,3,0,1,0,0,1,0,1,1,0,1,0,1,1,0,0,1,3,1,4,['Electrum' 'Coinbase' 'Circle' 'Blockchain'],Electrum,0,1,0,0,0,0,1,0,0,0,0,1,1,0,0,0,1,0,0
667,Blockchain,1,0,0,0,1,1,1,1,1,0,1,0,0,1,1,0,0,1,1,0,0,3,1,3,['Coinbase' 'Blockchain' 'Circle' 'Electrum'],Coinbase,0,0,1,0,1,0,0,0,0,0,0,1,0,1,0,0,0,1,1
668,Circle,0,0,1,1,3,0,0,1,0,1,0,0,1,0,1,1,1,1,1,0,1,4,4,2,['Blockchain' 'Circle' 'Electrum' 'Coinbase'],Blockchain,1,0,0,0,0,0,0,1,0,1,0,0,0,0,1,0,1,0,1
669,Circle,0,0,1,1,2,0,0,1,0,0,0,0,0,0,0,0,0,1,0,0,1,4,5,1,['Circle' 'Blockchain' 'Coinbase' 'Electrum'],Circle,0,0,0,1,1,0,0,0,0,0,1,0,0,1,0,0,0,1,1
670,Coinbase,0,0,1,1,3,1,1,0,1,1,1,1,1,0,1,0,0,0,1,0,1,5,4,4,['Coinbase' 'Electrum' 'Blockchain' 'Circle'],Coinbase,0,0,1,0,0,1,0,0,1,0,0,0,0,0,0,1,0,1,1
671,Coinbase,0,0,1,1,2,1,0,0,0,1,0,0,1,0,1,0,1,1,0,1,1,3,4,4,['Circle' 'Electrum' 'Coinbase' 'Blockchain'],Circle,0,0,0,1,0,1,0,0,0,0,1,0,1,0,0,0,0,1,1
672,Circle,0,0,1,1,4,1,1,1,0,0,0,1,0,0,0,0,1,1,0,0,1,5,1,2,['Circle' 'Electrum' 'Blockchain' 'Coinbase'],Circle,0,0,0,1,0,1,0,0,1,0,0,0,0,0,1,0,0,1,1
673,Electrum,1,1,0,0,3,0,1,1,0,1,1,1,0,0,1,1,1,1,0,1,1,2,2,2,['Coinbase' 'Circle' 'Blockchain' 'Electrum'],Coinbase,0,0,1,0,0,0,0,1,1,0,0,0,0,1,0,0,0,1,1
674,Coinbase,0,0,1,1,4,1,0,1,1,0,1,0,1,1,0,1,0,1,1,0,0,5,5,4,['Circle' 'Coinbase' 'Blockchain' 'Electrum'],Circle,0,0,0,1,0,0,1,0,1,0,0,0,0,1,0,0,0,1,1
675,Blockchain,1,0,0,0,2,0,1,0,0,1,0,0,1,0,0,1,1,0,0,1,1,1,5,2,['Electrum' 'Coinbase' 'Blockchain' 'Circle'],Electrum,0,1,0,0,0,0,1,0,1,0,0,0,0,0,0,1,1,0,0
676,Coinbase,0,0,1,1,2,1,0,0,0,0,1,0,1,1,1,1,1,0,0,0,0,3,1,2,['Circle' 'Electrum' 'Blockchain' 'Coinbase'],Circle,0,0,0,1,0,1,0,0,1,0,0,0,0,0,1,0,0,1,1
677,Electrum,1,1,0,0,2,1,0,0,0,1,1,1,0,0,0,0,0,0,0,0,0,4,2,2,['Blockchain' 'Circle' 'Electrum' 'Coinbase'],Blockchain,1,0,0,0,0,0,0,1,0,1,0,0,0,0,1,0,1,0,1
678,Circle,0,0,1,1,4,1,1,1,1,1,0,0,1,1,0,0,0,0,0,0,0,5,2,2,['Electrum' 'Blockchain' 'Coinbase' 'Circle'],Electrum,0,1,0,0,1,0,0,0,0,0,1,0,0,0,0,1,1,0,0
679,Circle,0,0,1,1,4,0,0,0,0,0,1,0,0,1,1,1,0,0,1,1,1,2,4,3,['Circle' 'Coinbase' 'Blockchain' 'Electrum'],Circle,0,0,0,1,0,0,1,0,1,0,0,0,0,1,0,0,0,1,1
680,Circle,0,0,1,1,4,0,1,1,0,0,0,1,0,0,1,1,0,0,1,0,0,1,3,5,['Coinbase' 'Circle' 'Electrum' 'Blockchain'],Coinbase,0,0,1,0,0,0,0,1,0,1,0,0,1,0,0,0,0,1,1
681,Electrum,1,1,0,0,2,1,1,1,0,1,0,0,0,1,1,1,1,0,1,1,0,4,1,5,['Circle' 'Electrum' 'Coinbase' 'Blockchain'],Circle,0,0,0,1,0,1,0,0,0,0,1,0,1,0,0,0,0,1,1
682,Circle,0,0,1,1,3,1,0,1,1,1,0,1,0,0,0,1,0,1,0,0,0,4,1,5,['Coinbase' 'Circle' 'Blockchain' 'Electrum'],Coinbase,0,0,1,0,0,0,0,1,1,0,0,0,0,1,0,0,0,1,1
683,Blockchain,1,0,0,0,1,1,0,1,1,1,1,0,0,0,1,1,1,1,0,1,1,5,1,5,['Coinbase' 'Circle' 'Blockchain' 'Electrum'],Coinbase,0,0,1,0,0,0,0,1,1,0,0,0,0,1,0,0,0,1,1
684,Coinbase,0,0,1,1,1,1,1,1,0,1,1,0,1,0,1,0,0,1,1,1,1,2,1,1,['Blockchain' 'Circle' 'Coinbase' 'Electrum'],Blockchain,1,0,0,0,0,0,0,1,0,0,1,0,0,1,0,0,1,0,1
685,Coinbase,0,0,1,1,1,1,1,0,1,0,1,1,0,1,0,0,0,1,1,0,1,3,4,2,['Circle' 'Coinbase' 'Electrum' 'Blockchain'],Circle,0,0,0,1,0,0,1,0,0,1,0,0,1,0,0,0,0,1,1
686,Electrum,1,1,0,0,1,0,0,1,0,0,0,0,1,0,0,0,0,1,0,1,0,5,5,4,['Circle' 'Coinbase' 'Electrum' 'Blockchain'],Circle,0,0,0,1,0,0,1,0,0,1,0,0,1,0,0,0,0,1,1
687,Circle,0,0,1,1,4,0,1,1,0,0,0,0,1,0,0,0,0,0,0,1,1,2,3,5,['Electrum' 'Circle' 'Coinbase' 'Blockchain'],Electrum,0,1,0,0,0,0,0,1,0,0,1,0,1,0,0,0,1,0,0
688,Coinbase,0,0,1,1,3,1,1,1,1,0,1,1,1,1,0,0,0,0,0,1,0,2,4,2,['Blockchain' 'Circle' 'Coinbase' 'Electrum'],Blockchain,1,0,0,0,0,0,0,1,0,0,1,0,0,1,0,0,1,0,1
689,Blockchain,1,0,0,0,3,1,1,1,1,1,0,0,1,1,0,1,1,0,0,0,0,3,3,5,['Blockchain' 'Circle' 'Electrum' 'Coinbase'],Blockchain,1,0,0,0,0,0,0,1,0,1,0,0,0,0,1,0,1,0,1
690,Electrum,1,1,0,0,4,1,0,0,1,0,0,1,1,0,1,0,0,1,1,0,1,5,2,2,['Circle' 'Coinbase' 'Electrum' 'Blockchain'],Circle,0,0,0,1,0,0,1,0,0,1,0,0,1,0,0,0,0,1,1
691,Coinbase,0,0,1,1,2,1,1,0,0,0,0,0,0,1,0,1,1,0,0,0,0,1,2,3,['Electrum' 'Circle' 'Coinbase' 'Blockchain'],Electrum,0,1,0,0,0,0,0,1,0,0,1,0,1,0,0,0,1,0,0
692,Blockchain,1,0,0,0,4,1,0,0,1,0,1,0,0,0,1,0,1,0,1,1,1,3,5,3,['Electrum' 'Coinbase' 'Blockchain' 'Circle'],Electrum,0,1,0,0,0,0,1,0,1,0,0,0,0,0,0,1,1,0,0
693,Circle,0,0,1,1,1,0,0,1,1,0,1,0,0,0,0,1,0,0,0,1,1,4,5,2,['Blockchain' 'Coinbase' 'Circle' 'Electrum'],Blockchain,1,0,0,0,0,0,1,0,0,0,0,1,0,1,0,0,1,0,1
694,Coinbase,0,0,1,1,3,1,1,0,0,0,1,0,1,0,0,0,0,1,1,1,0,4,4,1,['Circle' 'Coinbase' 'Blockchain' 'Electrum'],Circle,0,0,0,1,0,0,1,0,1,0,0,0,0,1,0,0,0,1,1
695,Coinbase,0,0,1,1,3,0,1,1,0,0,0,0,1,1,0,0,0,1,0,0,1,4,2,4,['Circle' 'Coinbase' 'Blockchain' 'Electrum'],Circle,0,0,0,1,0,0,1,0,1,0,0,0,0,1,0,0,0,1,1
696,Circle,0,0,1,1,3,1,0,0,1,0,1,0,0,0,0,0,1,1,0,1,0,1,4,5,['Circle' 'Blockchain' 'Electrum' 'Coinbase'],Circle,0,0,0,1,1,0,0,0,0,1,0,0,0,0,1,0,0,1,1
697,Coinbase,0,0,1,1,2,0,1,0,0,0,0,0,1,1,0,1,0,1,1,0,1,2,3,3,['Coinbase' 'Electrum' 'Circle' 'Blockchain'],Coinbase,0,0,1,0,0,1,0,0,0,0,0,1,1,0,0,0,0,1,1
698,Blockchain,1,0,0,0,2,1,1,0,1,1,0,1,0,0,0,0,1,1,0,0,0,5,3,3,['Electrum' 'Blockchain' 'Circle' 'Coinbase'],Electrum,0,1,0,0,1,0,0,0,0,0,0,1,0,0,1,0,1,0,0
699,Blockchain,1,0,0,0,4,0,0,1,1,1,0,0,0,0,0,1,0,0,0,0,0,1,4,3,['Blockchain' 'Circle' 'Coinbase' 'Electrum'],Blockchain,1,0,0,0,0,0,0,1,0,0,1,0,0,1,0,0,1,0,1
700,Blockchain,1,0,0,0,2,1,1,0,1,1,1,1,0,1,1,1,0,1,1,0,0,5,4,3,['Coinbase' 'Electrum' 'Circle' 'Blockchain'],Coinbase,0,0,1,0,0,1,0,0,0,0,0,1,1,0,0,0,0,1,1
701,Coinbase,0,0,1,1,2,0,1,1,1,0,0,1,1,1,1,1,0,0,1,1,0,4,1,3,['Circle' 'Electrum' 'Coinbase' 'Blockchain'],Circle,0,0,0,1,0,1,0,0,0,0,1,0,1,0,0,0,0,1,1
702,Blockchain,1,0,0,0,1,0,0,1,1,1,1,0,0,0,1,0,0,0,1,1,1,5,4,3,['Coinbase' 'Circle' 'Electrum' 'Blockchain'],Coinbase,0,0,1,0,0,0,0,1,0,1,0,0,1,0,0,0,0,1,1
703,Coinbase,0,0,1,1,2,1,0,1,1,0,0,1,1,0,0,0,0,1,0,0,0,1,3,3,['Electrum' 'Coinbase' 'Circle' 'Blockchain'],Electrum,0,1,0,0,0,0,1,0,0,0,0,1,1,0,0,0,1,0,0
704,Electrum,1,1,0,0,1,0,0,0,1,1,0,1,1,0,0,1,1,0,1,0,1,4,3,1,['Circle' 'Electrum' 'Coinbase' 'Blockchain'],Circle,0,0,0,1,0,1,0,0,0,0,1,0,1,0,0,0,0,1,1
705,Electrum,1,1,0,0,1,0,1,1,1,1,1,0,1,1,0,1,1,0,1,1,0,4,5,3,['Electrum' 'Blockchain' 'Circle' 'Coinbase'],Electrum,0,1,0,0,1,0,0,0,0,0,0,1,0,0,1,0,1,0,0
706,Blockchain,1,0,0,0,1,0,1,1,1,0,0,1,0,0,0,0,0,1,1,1,0,5,2,4,['Blockchain' 'Electrum' 'Coinbase' 'Circle'],Blockchain,1,0,0,0,0,1,0,0,0,0,1,0,0,0,0,1,1,0,1
707,Coinbase,0,0,1,1,2,1,1,0,0,1,0,1,0,0,0,0,1,0,0,0,1,3,1,4,['Electrum' 'Coinbase' 'Blockchain' 'Circle'],Electrum,0,1,0,0,0,0,1,0,1,0,0,0,0,0,0,1,1,0,0
708,Coinbase,0,0,1,1,3,1,0,1,0,1,1,1,0,1,0,1,1,0,1,1,0,2,3,3,['Blockchain' 'Electrum' 'Circle' 'Coinbase'],Blockchain,1,0,0,0,0,1,0,0,0,0,0,1,0,0,1,0,1,0,1
709,Blockchain,1,0,0,0,1,1,1,0,0,1,0,1,0,0,0,1,1,0,0,0,0,5,2,1,['Coinbase' 'Electrum' 'Blockchain' 'Circle'],Coinbase,0,0,1,0,0,1,0,0,1,0,0,0,0,0,0,1,0,1,1
710,Blockchain,1,0,0,0,2,0,1,0,0,0,0,1,1,1,1,0,1,0,1,0,1,1,4,1,['Electrum' 'Circle' 'Blockchain' 'Coinbase'],Electrum,0,1,0,0,0,0,0,1,1,0,0,0,0,0,1,0,1,0,0
711,Blockchain,1,0,0,0,3,0,1,0,0,1,0,1,0,1,1,1,0,0,0,1,1,2,4,2,['Electrum' 'Coinbase' 'Blockchain' 'Circle'],Electrum,0,1,0,0,0,0,1,0,1,0,0,0,0,0,0,1,1,0,0
712,Circle,0,0,1,1,1,0,0,0,1,1,0,1,1,0,1,1,0,0,1,1,0,1,4,3,['Circle' 'Electrum' 'Blockchain' 'Coinbase'],Circle,0,0,0,1,0,1,0,0,1,0,0,0,0,0,1,0,0,1,1
713,Blockchain,1,0,0,0,1,1,1,1,0,0,0,0,0,1,1,0,0,1,1,1,1,4,3,3,['Circle' 'Coinbase' 'Blockchain' 'Electrum'],Circle,0,0,0,1,0,0,1,0,1,0,0,0,0,1,0,0,0,1,1
714,Circle,0,0,1,1,4,0,1,0,0,1,0,0,1,0,1,1,1,1,1,0,0,5,1,3,['Blockchain' 'Coinbase' 'Circle' 'Electrum'],Blockchain,1,0,0,0,0,0,1,0,0,0,0,1,0,1,0,0,1,0,1
715,Blockchain,1,0,0,0,1,0,1,0,1,0,0,1,0,0,0,1,1,0,1,0,1,5,1,2,['Blockchain' 'Circle' 'Coinbase' 'Electrum'],Blockchain,1,0,0,0,0,0,0,1,0,0,1,0,0,1,0,0,1,0,1
716,Coinbase,0,0,1,1,4,0,1,1,0,0,1,1,1,0,1,1,1,1,0,0,1,2,4,4,['Electrum' 'Circle' 'Coinbase' 'Blockchain'],Electrum,0,1,0,0,0,0,0,1,0,0,1,0,1,0,0,0,1,0,0
717,Electrum,1,1,0,0,3,1,0,0,0,0,1,1,0,1,0,0,0,1,1,0,0,3,1,2,['Coinbase' 'Circle' 'Blockchain' 'Electrum'],Coinbase,0,0,1,0,0,0,0,1,1,0,0,0,0,1,0,0,0,1,1
718,Coinbase,0,0,1,1,2,1,0,0,1,0,1,0,1,0,1,1,1,1,1,0,0,4,5,1,['Circle' 'Electrum' 'Blockchain' 'Coinbase'],Circle,0,0,0,1,0,1,0,0,1,0,0,0,0,0,1,0,0,1,1
719,Electrum,1,1,0,0,2,1,0,0,0,1,1,1,1,1,1,1,0,1,0,1,0,3,2,5,['Coinbase' 'Electrum' 'Blockchain' 'Circle'],Coinbase,0,0,1,0,0,1,0,0,1,0,0,0,0,0,0,1,0,1,1
720,Circle,0,0,1,1,2,1,1,0,1,0,1,1,0,1,1,0,1,1,1,0,0,5,5,5,['Electrum' 'Blockchain' 'Coinbase' 'Circle'],Electrum,0,1,0,0,1,0,0,0,0,0,1,0,0,0,0,1,1,0,0
721,Circle,0,0,1,1,3,1,0,0,1,1,1,1,1,1,0,0,0,1,1,1,0,3,5,1,['Coinbase' 'Electrum' 'Circle' 'Blockchain'],Coinbase,0,0,1,0,0,1,0,0,0,0,0,1,1,0,0,0,0,1,1
722,Electrum,1,1,0,0,2,0,0,1,0,1,1,1,1,0,1,1,1,0,0,1,0,1,1,3,['Electrum' 'Blockchain' 'Coinbase' 'Circle'],Electrum,0,1,0,0,1,0,0,0,0,0,1,0,0,0,0,1,1,0,0
723,Circle,0,0,1,1,2,1,0,0,0,1,0,0,1,1,1,1,0,0,0,0,0,1,5,4,['Electrum' 'Circle' 'Coinbase' 'Blockchain'],Electrum,0,1,0,0,0,0,0,1,0,0,1,0,1,0,0,0,1,0,0
724,Blockchain,1,0,0,0,2,0,0,0,1,1,0,0,0,1,0,0,0,0,1,0,0,1,3,5,['Electrum' 'Circle' 'Blockchain' 'Coinbase'],Electrum,0,1,0,0,0,0,0,1,1,0,0,0,0,0,1,0,1,0,0
725,Electrum,1,1,0,0,3,0,1,0,1,1,0,0,0,1,1,0,0,1,0,0,0,2,4,2,['Circle' 'Coinbase' 'Electrum' 'Blockchain'],Circle,0,0,0,1,0,0,1,0,0,1,0,0,1,0,0,0,0,1,1
726,Blockchain,1,0,0,0,1,1,1,0,0,0,1,0,1,0,0,0,0,0,1,0,1,4,5,5,['Electrum' 'Coinbase' 'Blockchain' 'Circle'],Electrum,0,1,0,0,0,0,1,0,1,0,0,0,0,0,0,1,1,0,0
727,Coinbase,0,0,1,1,3,0,0,1,0,1,1,1,1,0,0,1,1,0,0,1,1,1,3,1,['Circle' 'Blockchain' 'Electrum' 'Coinbase'],Circle,0,0,0,1,1,0,0,0,0,1,0,0,0,0,1,0,0,1,1
728,Electrum,1,1,0,0,2,0,1,0,1,1,1,0,1,0,0,1,1,0,0,0,1,5,5,5,['Blockchain' 'Coinbase' 'Electrum' 'Circle'],Blockchain,1,0,0,0,0,0,1,0,0,1,0,0,0,0,0,1,1,0,1
729,Circle,0,0,1,1,3,0,0,0,1,0,1,0,0,1,1,1,0,1,0,1,1,1,2,4,['Circle' 'Blockchain' 'Coinbase' 'Electrum'],Circle,0,0,0,1,1,0,0,0,0,0,1,0,0,1,0,0,0,1,1
730,Coinbase,0,0,1,1,4,1,1,1,1,0,1,1,0,0,0,1,0,0,1,1,1,2,2,5,['Blockchain' 'Coinbase' 'Circle' 'Electrum'],Blockchain,1,0,0,0,0,0,1,0,0,0,0,1,0,1,0,0,1,0,1
731,Electrum,1,1,0,0,2,1,0,0,1,1,0,1,0,0,0,1,1,1,0,0,0,3,5,5,['Electrum' 'Circle' 'Coinbase' 'Blockchain'],Electrum,0,1,0,0,0,0,0,1,0,0,1,0,1,0,0,0,1,0,0
732,Electrum,1,1,0,0,4,1,1,1,1,1,1,1,0,1,0,0,1,0,1,0,0,3,2,1,['Blockchain' 'Circle' 'Coinbase' 'Electrum'],Blockchain,1,0,0,0,0,0,0,1,0,0,1,0,0,1,0,0,1,0,1
733,Electrum,1,1,0,0,2,0,0,1,0,1,1,0,0,1,1,0,1,0,0,1,1,5,3,5,['Circle' 'Coinbase' 'Blockchain' 'Electrum'],Circle,0,0,0,1,0,0,1,0,1,0,0,0,0,1,0,0,0,1,1
734,Coinbase,0,0,1,1,4,0,1,0,1,1,0,0,0,0,0,1,1,0,0,1,1,3,5,2,['Circle' 'Blockchain' 'Electrum' 'Coinbase'],Circle,0,0,0,1,1,0,0,0,0,1,0,0,0,0,1,0,0,1,1
735,Blockchain,1,0,0,0,4,0,0,0,1,1,1,0,0,0,1,1,1,1,1,0,0,2,5,5,['Circle' 'Coinbase' 'Blockchain' 'Electrum'],Circle,0,0,0,1,0,0,1,0,1,0,0,0,0,1,0,0,0,1,1
736,Blockchain,1,0,0,0,2,0,0,1,0,1,0,0,1,1,0,1,1,1,1,1,0,4,2,1,['Circle' 'Blockchain' 'Coinbase' 'Electrum'],Circle,0,0,0,1,1,0,0,0,0,0,1,0,0,1,0,0,0,1,1
737,Circle,0,0,1,1,4,1,0,1,1,0,1,0,1,1,1,0,1,0,0,0,1,5,3,5,['Blockchain' 'Coinbase' 'Circle' 'Electrum'],Blockchain,1,0,0,0,0,0,1,0,0,0,0,1,0,1,0,0,1,0,1
738,Circle,0,0,1,1,3,1,0,0,0,1,1,1,1,0,1,1,1,0,0,0,0,4,5,3,['Circle' 'Coinbase' 'Blockchain' 'Electrum'],Circle,0,0,0,1,0,0,1,0,1,0,0,0,0,1,0,0,0,1,1
739,Blockchain,1,0,0,0,3,1,1,0,0,1,0,1,1,0,1,0,0,0,0,1,1,1,1,2,['Electrum' 'Circle' 'Coinbase' 'Blockchain'],Electrum,0,1,0,0,0,0,0,1,0,0,1,0,1,0,0,0,1,0,0
740,Coinbase,0,0,1,1,1,0,1,0,0,0,0,0,0,1,1,0,1,1,1,1,0,5,2,1,['Coinbase' 'Blockchain' 'Electrum' 'Circle'],Coinbase,0,0,1,0,1,0,0,0,0,1,0,0,0,0,0,1,0,1,1
741,Coinbase,0,0,1,1,4,1,0,0,1,1,1,0,1,1,0,1,1,1,1,1,0,2,4,2,['Electrum' 'Blockchain' 'Coinbase' 'Circle'],Electrum,0,1,0,0,1,0,0,0,0,0,1,0,0,0,0,1,1,0,0
742,Coinbase,0,0,1,1,3,0,1,0,1,1,0,1,0,1,1,1,0,0,1,1,0,4,5,5,['Coinbase' 'Blockchain' 'Electrum' 'Circle'],Coinbase,0,0,1,0,1,0,0,0,0,1,0,0,0,0,0,1,0,1,1
743,Blockchain,1,0,0,0,3,0,0,0,0,0,1,1,1,0,0,1,1,1,0,1,0,4,5,3,['Electrum' 'Circle' 'Blockchain' 'Coinbase'],Electrum,0,1,0,0,0,0,0,1,1,0,0,0,0,0,1,0,1,0,0
744,Coinbase,0,0,1,1,3,0,1,0,1,1,0,0,1,1,0,0,0,0,0,1,0,5,3,3,['Circle' 'Coinbase' 'Blockchain' 'Electrum'],Circle,0,0,0,1,0,0,1,0,1,0,0,0,0,1,0,0,0,1,1
745,Coinbase,0,0,1,1,3,0,1,1,1,0,1,0,1,1,0,0,0,0,1,0,0,3,2,1,['Circle' 'Coinbase' 'Blockchain' 'Electrum'],Circle,0,0,0,1,0,0,1,0,1,0,0,0,0,1,0,0,0,1,1
746,Electrum,1,1,0,0,2,1,1,1,0,0,1,0,0,1,0,1,1,1,0,1,1,1,1,2,['Circle' 'Electrum' 'Coinbase' 'Blockchain'],Circle,0,0,0,1,0,1,0,0,0,0,1,0,1,0,0,0,0,1,1
747,Electrum,1,1,0,0,1,0,0,1,1,0,0,0,1,1,1,0,0,0,0,1,1,2,3,4,['Coinbase' 'Blockchain' 'Electrum' 'Circle'],Coinbase,0,0,1,0,1,0,0,0,0,1,0,0,0,0,0,1,0,1,1
748,Blockchain,1,0,0,0,1,0,1,0,0,0,0,0,1,0,1,0,1,0,0,1,0,1,3,4,['Electrum' 'Coinbase' 'Blockchain' 'Circle'],Electrum,0,1,0,0,0,0,1,0,1,0,0,0,0,0,0,1,1,0,0
749,Coinbase,0,0,1,1,1,1,0,0,1,1,0,1,0,0,1,0,1,0,1,1,0,3,5,1,['Blockchain' 'Coinbase' 'Electrum' 'Circle'],Blockchain,1,0,0,0,0,0,1,0,0,1,0,0,0,0,0,1,1,0,1
750,Circle,0,0,1,1,3,0,0,0,1,1,0,0,0,1,0,1,1,1,0,1,1,5,2,2,['Blockchain' 'Circle' 'Coinbase' 'Electrum'],Blockchain,1,0,0,0,0,0,0,1,0,0,1,0,0,1,0,0,1,0,1
751,Blockchain,1,0,0,0,1,0,0,0,1,1,0,1,1,0,1,0,0,0,0,1,0,5,4,4,['Blockchain' 'Circle' 'Coinbase' 'Electrum'],Blockchain,1,0,0,0,0,0,0,1,0,0,1,0,0,1,0,0,1,0,1
752,Coinbase,0,0,1,1,4,0,1,0,0,0,0,0,0,0,0,0,1,0,0,1,0,5,1,3,['Blockchain' 'Electrum' 'Coinbase' 'Circle'],Blockchain,1,0,0,0,0,1,0,0,0,0,1,0,0,0,0,1,1,0,1
753,Blockchain,1,0,0,0,1,1,1,1,1,0,1,0,1,0,1,1,1,0,0,0,1,3,2,3,['Electrum' 'Blockchain' 'Coinbase' 'Circle'],Electrum,0,1,0,0,1,0,0,0,0,0,1,0,0,0,0,1,1,0,0
754,Coinbase,0,0,1,1,4,0,1,0,1,1,1,1,1,1,1,1,1,1,0,0,0,3,3,5,['Coinbase' 'Blockchain' 'Circle' 'Electrum'],Coinbase,0,0,1,0,1,0,0,0,0,0,0,1,0,1,0,0,0,1,1
755,Circle,0,0,1,1,1,1,0,0,1,1,0,0,0,0,0,1,1,1,1,0,1,2,1,5,['Circle' 'Blockchain' 'Coinbase' 'Electrum'],Circle,0,0,0,1,1,0,0,0,0,0,1,0,0,1,0,0,0,1,1
756,Blockchain,1,0,0,0,3,0,0,0,0,1,1,0,1,1,0,0,1,0,1,0,1,4,4,2,['Coinbase' 'Circle' 'Electrum' 'Blockchain'],Coinbase,0,0,1,0,0,0,0,1,0,1,0,0,1,0,0,0,0,1,1
757,Electrum,1,1,0,0,2,1,1,1,1,0,0,0,1,0,0,1,0,1,0,0,0,5,1,2,['Electrum' 'Blockchain' 'Coinbase' 'Circle'],Electrum,0,1,0,0,1,0,0,0,0,0,1,0,0,0,0,1,1,0,0
758,Blockchain,1,0,0,0,3,0,0,0,1,0,1,1,0,1,1,0,1,1,0,1,1,1,2,5,['Coinbase' 'Electrum' 'Blockchain' 'Circle'],Coinbase,0,0,1,0,0,1,0,0,1,0,0,0,0,0,0,1,0,1,1
759,Blockchain,1,0,0,0,1,0,1,0,1,0,0,1,1,1,1,1,0,1,1,1,1,2,1,2,['Coinbase' 'Circle' 'Electrum' 'Blockchain'],Coinbase,0,0,1,0,0,0,0,1,0,1,0,0,1,0,0,0,0,1,1
760,Electrum,1,1,0,0,1,0,1,1,1,0,1,0,1,1,1,0,1,0,1,1,0,5,2,3,['Circle' 'Blockchain' 'Coinbase' 'Electrum'],Circle,0,0,0,1,1,0,0,0,0,0,1,0,0,1,0,0,0,1,1
761,Coinbase,0,0,1,1,2,0,1,0,1,0,0,0,1,0,1,1,0,1,1,0,0,3,3,4,['Coinbase' 'Circle' 'Blockchain' 'Electrum'],Coinbase,0,0,1,0,0,0,0,1,1,0,0,0,0,1,0,0,0,1,1
762,Circle,0,0,1,1,4,1,1,1,0,1,1,0,1,1,0,1,0,0,1,1,0,2,3,3,['Circle' 'Coinbase' 'Electrum' 'Blockchain'],Circle,0,0,0,1,0,0,1,0,0,1,0,0,1,0,0,0,0,1,1
763,Electrum,1,1,0,0,1,1,1,0,1,0,1,0,0,1,1,0,1,0,1,0,0,1,1,2,['Blockchain' 'Electrum' 'Coinbase' 'Circle'],Blockchain,1,0,0,0,0,1,0,0,0,0,1,0,0,0,0,1,1,0,1
764,Blockchain,1,0,0,0,4,1,1,0,1,0,1,0,1,1,1,1,1,0,0,1,0,5,3,1,['Circle' 'Electrum' 'Blockchain' 'Coinbase'],Circle,0,0,0,1,0,1,0,0,1,0,0,0,0,0,1,0,0,1,1
765,Blockchain,1,0,0,0,3,1,1,0,0,1,1,1,0,0,0,1,1,0,0,0,1,1,2,1,['Electrum' 'Blockchain' 'Circle' 'Coinbase'],Electrum,0,1,0,0,1,0,0,0,0,0,0,1,0,0,1,0,1,0,0
766,Electrum,1,1,0,0,1,1,1,0,0,0,0,1,1,0,0,1,1,1,1,0,0,1,4,3,['Electrum' 'Blockchain' 'Circle' 'Coinbase'],Electrum,0,1,0,0,1,0,0,0,0,0,0,1,0,0,1,0,1,0,0
767,Electrum,1,1,0,0,2,0,1,1,0,1,1,0,1,0,0,0,1,1,1,0,0,4,4,1,['Circle' 'Electrum' 'Coinbase' 'Blockchain'],Circle,0,0,0,1,0,1,0,0,0,0,1,0,1,0,0,0,0,1,1
768,Electrum,1,1,0,0,3,0,0,0,0,1,1,1,0,1,1,1,0,1,1,0,0,5,5,5,['Circle' 'Electrum' 'Coinbase' 'Blockchain'],Circle,0,0,0,1,0,1,0,0,0,0,1,0,1,0,0,0,0,1,1
769,Circle,0,0,1,1,1,1,0,0,1,0,1,0,0,1,1,1,1,0,1,1,0,4,2,5,['Electrum' 'Circle' 'Coinbase' 'Blockchain'],Electrum,0,1,0,0,0,0,0,1,0,0,1,0,1,0,0,0,1,0,0
770,Circle,0,0,1,1,3,0,0,0,1,1,1,0,0,0,0,0,1,1,0,1,0,3,2,4,['Blockchain' 'Electrum' 'Circle' 'Coinbase'],Blockchain,1,0,0,0,0,1,0,0,0,0,0,1,0,0,1,0,1,0,1
771,Blockchain,1,0,0,0,2,1,1,0,0,1,1,1,0,0,1,0,0,0,1,1,0,5,3,2,['Blockchain' 'Circle' 'Coinbase' 'Electrum'],Blockchain,1,0,0,0,0,0,0,1,0,0,1,0,0,1,0,0,1,0,1
772,Coinbase,0,0,1,1,1,1,1,1,0,1,0,1,1,1,1,1,0,0,0,0,1,5,1,4,['Coinbase' 'Electrum' 'Circle' 'Blockchain'],Coinbase,0,0,1,0,0,1,0,0,0,0,0,1,1,0,0,0,0,1,1
773,Circle,0,0,1,1,3,0,0,1,1,0,1,1,0,0,0,1,1,1,0,0,1,2,3,5,['Electrum' 'Blockchain' 'Coinbase' 'Circle'],Electrum,0,1,0,0,1,0,0,0,0,0,1,0,0,0,0,1,1,0,0
774,Coinbase,0,0,1,1,1,0,1,1,1,0,0,1,1,1,0,1,1,1,1,1,1,2,4,5,['Circle' 'Blockchain' 'Coinbase' 'Electrum'],Circle,0,0,0,1,1,0,0,0,0,0,1,0,0,1,0,0,0,1,1
775,Circle,0,0,1,1,3,1,0,0,1,0,1,1,0,0,0,1,0,0,0,0,1,4,5,1,['Electrum' 'Circle' 'Blockchain' 'Coinbase'],Electrum,0,1,0,0,0,0,0,1,1,0,0,0,0,0,1,0,1,0,0
776,Circle,0,0,1,1,3,1,1,0,1,0,0,1,1,0,1,0,1,0,1,0,0,3,1,4,['Blockchain' 'Electrum' 'Circle' 'Coinbase'],Blockchain,1,0,0,0,0,1,0,0,0,0,0,1,0,0,1,0,1,0,1
777,Blockchain,1,0,0,0,2,1,0,0,0,1,0,0,0,0,0,1,1,1,1,1,1,2,3,4,['Circle' 'Blockchain' 'Electrum' 'Coinbase'],Circle,0,0,0,1,1,0,0,0,0,1,0,0,0,0,1,0,0,1,1
778,Circle,0,0,1,1,3,0,0,1,0,1,0,0,0,1,0,1,1,1,0,0,1,2,3,3,['Electrum' 'Circle' 'Blockchain' 'Coinbase'],Electrum,0,1,0,0,0,0,0,1,1,0,0,0,0,0,1,0,1,0,0
779,Blockchain,1,0,0,0,1,0,1,0,1,0,0,0,1,1,0,0,1,0,0,0,0,2,5,3,['Blockchain' 'Coinbase' 'Circle' 'Electrum'],Blockchain,1,0,0,0,0,0,1,0,0,0,0,1,0,1,0,0,1,0,1
780,Blockchain,1,0,0,0,4,1,0,0,0,1,0,0,0,1,0,1,0,0,0,0,1,5,3,1,['Blockchain' 'Circle' 'Electrum' 'Coinbase'],Blockchain,1,0,0,0,0,0,0,1,0,1,0,0,0,0,1,0,1,0,1
781,Blockchain,1,0,0,0,3,0,0,0,1,1,0,0,1,1,0,1,1,0,0,0,1,2,2,1,['Blockchain' 'Coinbase' 'Electrum' 'Circle'],Blockchain,1,0,0,0,0,0,1,0,0,1,0,0,0,0,0,1,1,0,1
782,Electrum,1,1,0,0,3,0,1,1,1,1,0,1,1,1,0,1,0,1,1,1,1,2,4,1,['Blockchain' 'Coinbase' 'Electrum' 'Circle'],Blockchain,1,0,0,0,0,0,1,0,0,1,0,0,0,0,0,1,1,0,1
783,Blockchain,1,0,0,0,2,1,0,0,0,1,1,1,0,0,0,0,0,0,1,1,1,4,4,3,['Electrum' 'Blockchain' 'Circle' 'Coinbase'],Electrum,0,1,0,0,1,0,0,0,0,0,0,1,0,0,1,0,1,0,0
784,Blockchain,1,0,0,0,4,1,1,1,1,0,0,1,1,0,1,1,0,0,0,0,1,2,5,5,['Coinbase' 'Electrum' 'Blockchain' 'Circle'],Coinbase,0,0,1,0,0,1,0,0,1,0,0,0,0,0,0,1,0,1,1
785,Blockchain,1,0,0,0,3,1,1,0,1,0,0,1,1,1,1,1,1,1,1,0,0,3,3,1,['Circle' 'Blockchain' 'Coinbase' 'Electrum'],Circle,0,0,0,1,1,0,0,0,0,0,1,0,0,1,0,0,0,1,1
786,Electrum,1,1,0,0,1,1,0,1,1,0,0,0,0,0,1,1,1,0,1,1,0,4,5,4,['Electrum' 'Coinbase' 'Circle' 'Blockchain'],Electrum,0,1,0,0,0,0,1,0,0,0,0,1,1,0,0,0,1,0,0
787,Circle,0,0,1,1,4,1,0,1,1,1,0,1,1,0,0,1,1,1,1,0,0,2,3,3,['Blockchain' 'Electrum' 'Circle' 'Coinbase'],Blockchain,1,0,0,0,0,1,0,0,0,0,0,1,0,0,1,0,1,0,1
788,Electrum,1,1,0,0,2,1,1,1,1,1,0,1,1,0,1,0,1,1,0,1,0,4,4,4,['Electrum' 'Circle' 'Blockchain' 'Coinbase'],Electrum,0,1,0,0,0,0,0,1,1,0,0,0,0,0,1,0,1,0,0
789,Coinbase,0,0,1,1,1,1,0,1,0,1,0,1,1,0,1,0,0,1,0,0,1,2,3,2,['Circle' 'Blockchain' 'Coinbase' 'Electrum'],Circle,0,0,0,1,1,0,0,0,0,0,1,0,0,1,0,0,0,1,1
790,Coinbase,0,0,1,1,4,1,0,0,0,1,1,0,1,1,0,1,1,0,1,1,1,5,1,5,['Coinbase' 'Electrum' 'Circle' 'Blockchain'],Coinbase,0,0,1,0,0,1,0,0,0,0,0,1,1,0,0,0,0,1,1
791,Electrum,1,1,0,0,2,0,1,1,0,1,0,0,1,0,0,1,0,0,1,0,1,4,3,2,['Blockchain' 'Circle' 'Coinbase' 'Electrum'],Blockchain,1,0,0,0,0,0,0,1,0,0,1,0,0,1,0,0,1,0,1
792,Circle,0,0,1,1,2,0,0,1,1,0,0,1,1,1,1,1,0,0,1,0,1,5,4,4,['Coinbase' 'Electrum' 'Blockchain' 'Circle'],Coinbase,0,0,1,0,0,1,0,0,1,0,0,0,0,0,0,1,0,1,1
793,Coinbase,0,0,1,1,4,0,1,1,1,1,1,1,0,1,1,1,0,1,0,0,0,1,4,1,['Circle' 'Coinbase' 'Blockchain' 'Electrum'],Circle,0,0,0,1,0,0,1,0,1,0,0,0,0,1,0,0,0,1,1
794,Blockchain,1,0,0,0,2,1,1,1,1,1,1,0,1,0,0,0,0,1,1,1,0,2,4,4,['Circle' 'Coinbase' 'Blockchain' 'Electrum'],Circle,0,0,0,1,0,0,1,0,1,0,0,0,0,1,0,0,0,1,1
795,Blockchain,1,0,0,0,2,1,1,0,1,0,0,1,0,1,0,1,0,0,1,0,0,2,3,2,['Electrum' 'Circle' 'Blockchain' 'Coinbase'],Electrum,0,1,0,0,0,0,0,1,1,0,0,0,0,0,1,0,1,0,0
796,Circle,0,0,1,1,3,0,1,1,0,0,1,1,1,1,1,1,0,1,1,0,0,4,3,5,['Blockchain' 'Circle' 'Electrum' 'Coinbase'],Blockchain,1,0,0,0,0,0,0,1,0,1,0,0,0,0,1,0,1,0,1
797,Blockchain,1,0,0,0,3,1,0,1,1,1,0,1,1,0,0,1,1,1,0,1,1,4,3,4,['Electrum' 'Circle' 'Blockchain' 'Coinbase'],Electrum,0,1,0,0,0,0,0,1,1,0,0,0,0,0,1,0,1,0,0
798,Electrum,1,1,0,0,2,0,1,1,1,1,1,0,0,1,0,0,1,1,0,0,0,2,2,3,['Coinbase' 'Electrum' 'Circle' 'Blockchain'],Coinbase,0,0,1,0,0,1,0,0,0,0,0,1,1,0,0,0,0,1,1
799,Blockchain,1,0,0,0,2,0,1,1,1,1,1,0,1,0,1,1,1,0,1,1,1,1,3,2,['Coinbase' 'Blockchain' 'Electrum' 'Circle'],Coinbase,0,0,1,0,1,0,0,0,0,1,0,0,0,0,0,1,0,1,1
800,Electrum,1,1,0,0,4,0,1,1,0,1,0,0,0,1,0,1,1,0,0,1,1,4,2,3,['Blockchain' 'Circle' 'Electrum' 'Coinbase'],Blockchain,1,0,0,0,0,0,0,1,0,1,0,0,0,0,1,0,1,0,1
801,Blockchain,1,0,0,0,1,0,0,0,0,1,0,1,1,0,0,1,0,0,0,0,1,2,1,4,['Electrum' 'Circle' 'Blockchain' 'Coinbase'],Electrum,0,1,0,0,0,0,0,1,1,0,0,0,0,0,1,0,1,0,0
802,Electrum,1,1,0,0,2,1,1,1,1,1,0,0,0,1,1,0,0,1,0,0,1,1,3,5,['Electrum' 'Coinbase' 'Circle' 'Blockchain'],Electrum,0,1,0,0,0,0,1,0,0,0,0,1,1,0,0,0,1,0,0
803,Blockchain,1,0,0,0,1,1,1,0,0,1,0,0,0,1,1,1,1,0,1,0,1,4,5,1,['Circle' 'Coinbase' 'Electrum' 'Blockchain'],Circle,0,0,0,1,0,0,1,0,0,1,0,0,1,0,0,0,0,1,1
804,Circle,0,0,1,1,3,0,0,1,0,1,1,0,1,1,1,1,1,1,1,1,1,1,1,1,['Circle' 'Electrum' 'Blockchain' 'Coinbase'],Circle,0,0,0,1,0,1,0,0,1,0,0,0,0,0,1,0,0,1,1
805,Blockchain,1,0,0,0,4,0,0,0,0,1,0,0,1,1,1,0,0,1,0,0,0,4,3,4,['Electrum' 'Blockchain' 'Coinbase' 'Circle'],Electrum,0,1,0,0,1,0,0,0,0,0,1,0,0,0,0,1,1,0,0
806,Blockchain,1,0,0,0,4,0,1,1,1,1,0,0,0,0,0,0,1,0,1,1,1,1,1,2,['Blockchain' 'Coinbase' 'Circle' 'Electrum'],Blockchain,1,0,0,0,0,0,1,0,0,0,0,1,0,1,0,0,1,0,1
807,Coinbase,0,0,1,1,1,1,0,1,0,0,1,1,0,1,1,0,1,0,0,0,1,1,4,4,['Electrum' 'Circle' 'Coinbase' 'Blockchain'],Electrum,0,1,0,0,0,0,0,1,0,0,1,0,1,0,0,0,1,0,0
808,Blockchain,1,0,0,0,3,1,0,1,0,0,1,0,0,0,0,1,0,1,0,0,0,4,1,1,['Blockchain' 'Coinbase' 'Circle' 'Electrum'],Blockchain,1,0,0,0,0,0,1,0,0,0,0,1,0,1,0,0,1,0,1
809,Coinbase,0,0,1,1,2,0,0,1,1,0,0,1,1,0,0,1,1,1,0,0,0,5,4,3,['Coinbase' 'Electrum' 'Circle' 'Blockchain'],Coinbase,0,0,1,0,0,1,0,0,0,0,0,1,1,0,0,0,0,1,1
810,Coinbase,0,0,1,1,3,0,1,1,1,1,1,0,0,0,0,1,0,0,1,0,1,2,3,3,['Coinbase' 'Electrum' 'Blockchain' 'Circle'],Coinbase,0,0,1,0,0,1,0,0,1,0,0,0,0,0,0,1,0,1,1
811,Circle,0,0,1,1,3,1,0,1,1,0,0,0,0,0,0,0,0,1,1,0,0,2,1,4,['Coinbase' 'Blockchain' 'Electrum' 'Circle'],Coinbase,0,0,1,0,1,0,0,0,0,1,0,0,0,0,0,1,0,1,1
812,Circle,0,0,1,1,3,0,1,1,1,1,0,1,1,0,1,0,1,0,0,0,1,1,4,5,['Coinbase' 'Blockchain' 'Electrum' 'Circle'],Coinbase,0,0,1,0,1,0,0,0,0,1,0,0,0,0,0,1,0,1,1
813,Coinbase,0,0,1,1,4,1,0,0,1,0,1,0,0,1,1,0,1,0,0,1,0,5,2,1,['Coinbase' 'Circle' 'Electrum' 'Blockchain'],Coinbase,0,0,1,0,0,0,0,1,0,1,0,0,1,0,0,0,0,1,1
814,Coinbase,0,0,1,1,3,0,1,0,1,1,1,0,0,1,1,1,0,0,0,1,0,4,2,3,['Blockchain' 'Circle' 'Electrum' 'Coinbase'],Blockchain,1,0,0,0,0,0,0,1,0,1,0,0,0,0,1,0,1,0,1
815,Electrum,1,1,0,0,4,0,1,0,1,0,0,1,0,0,1,1,1,1,1,0,0,4,1,1,['Circle' 'Coinbase' 'Electrum' 'Blockchain'],Circle,0,0,0,1,0,0,1,0,0,1,0,0,1,0,0,0,0,1,1
816,Coinbase,0,0,1,1,2,1,1,1,0,1,0,0,1,1,0,1,0,0,1,1,1,1,2,2,['Coinbase' 'Circle' 'Blockchain' 'Electrum'],Coinbase,0,0,1,0,0,0,0,1,1,0,0,0,0,1,0,0,0,1,1
817,Circle,0,0,1,1,4,1,1,0,0,1,1,0,1,1,0,0,1,1,0,0,0,3,5,5,['Blockchain' 'Coinbase' 'Electrum' 'Circle'],Blockchain,1,0,0,0,0,0,1,0,0,1,0,0,0,0,0,1,1,0,1
818,Electrum,1,1,0,0,3,1,1,0,0,0,1,0,0,1,0,0,1,1,1,1,1,4,2,1,['Electrum' 'Blockchain' 'Coinbase' 'Circle'],Electrum,0,1,0,0,1,0,0,0,0,0,1,0,0,0,0,1,1,0,0
819,Electrum,1,1,0,0,4,1,1,1,1,0,1,1,0,0,1,1,0,1,1,0,0,4,4,3,['Blockchain' 'Electrum' 'Coinbase' 'Circle'],Blockchain,1,0,0,0,0,1,0,0,0,0,1,0,0,0,0,1,1,0,1
820,Blockchain,1,0,0,0,2,0,1,1,0,0,1,0,1,1,0,1,1,0,0,0,1,3,1,4,['Coinbase' 'Circle' 'Electrum' 'Blockchain'],Coinbase,0,0,1,0,0,0,0,1,0,1,0,0,1,0,0,0,0,1,1
821,Coinbase,0,0,1,1,2,0,1,0,0,1,1,1,0,0,1,1,1,1,1,0,1,5,5,3,['Circle' 'Coinbase' 'Blockchain' 'Electrum'],Circle,0,0,0,1,0,0,1,0,1,0,0,0,0,1,0,0,0,1,1
822,Blockchain,1,0,0,0,4,0,0,0,0,0,0,1,0,0,0,0,0,1,0,0,0,2,2,4,['Circle' 'Coinbase' 'Electrum' 'Blockchain'],Circle,0,0,0,1,0,0,1,0,0,1,0,0,1,0,0,0,0,1,1
823,Coinbase,0,0,1,1,1,0,0,1,0,1,0,0,0,0,1,1,0,1,1,1,1,3,5,3,['Blockchain' 'Electrum' 'Circle' 'Coinbase'],Blockchain,1,0,0,0,0,1,0,0,0,0,0,1,0,0,1,0,1,0,1
824,Circle,0,0,1,1,3,1,0,0,1,1,1,0,0,1,0,0,0,1,0,0,0,5,1,1,['Coinbase' 'Blockchain' 'Electrum' 'Circle'],Coinbase,0,0,1,0,1,0,0,0,0,1,0,0,0,0,0,1,0,1,1
825,Electrum,1,1,0,0,2,0,1,1,1,1,0,0,0,1,1,0,0,0,0,1,1,2,4,4,['Coinbase' 'Blockchain' 'Circle' 'Electrum'],Coinbase,0,0,1,0,1,0,0,0,0,0,0,1,0,1,0,0,0,1,1
826,Circle,0,0,1,1,3,0,0,1,1,1,1,1,0,0,0,0,1,0,0,0,1,2,2,5,['Electrum' 'Coinbase' 'Blockchain' 'Circle'],Electrum,0,1,0,0,0,0,1,0,1,0,0,0,0,0,0,1,1,0,0
827,Blockchain,1,0,0,0,2,1,1,0,0,0,0,1,0,0,0,0,1,0,0,0,1,5,1,3,['Circle' 'Electrum' 'Blockchain' 'Coinbase'],Circle,0,0,0,1,0,1,0,0,1,0,0,0,0,0,1,0,0,1,1
828,Circle,0,0,1,1,4,1,1,1,1,0,1,1,0,1,1,1,0,1,1,0,1,5,3,1,['Blockchain' 'Electrum' 'Coinbase' 'Circle'],Blockchain,1,0,0,0,0,1,0,0,0,0,1,0,0,0,0,1,1,0,1
829,Coinbase,0,0,1,1,4,0,1,1,0,0,1,1,0,0,1,0,1,1,1,1,1,1,4,1,['Circle' 'Electrum' 'Blockchain' 'Coinbase'],Circle,0,0,0,1,0,1,0,0,1,0,0,0,0,0,1,0,0,1,1
830,Blockchain,1,0,0,0,1,0,0,1,1,1,0,1,1,1,0,0,0,1,0,0,1,4,4,2,['Coinbase' 'Electrum' 'Blockchain' 'Circle'],Coinbase,0,0,1,0,0,1,0,0,1,0,0,0,0,0,0,1,0,1,1
831,Electrum,1,1,0,0,1,1,0,0,0,1,0,0,0,0,1,0,1,0,1,1,0,2,2,2,['Electrum' 'Coinbase' 'Blockchain' 'Circle'],Electrum,0,1,0,0,0,0,1,0,1,0,0,0,0,0,0,1,1,0,0
832,Blockchain,1,0,0,0,4,1,1,1,1,1,0,1,1,0,0,0,1,1,1,1,0,3,3,5,['Blockchain' 'Electrum' 'Circle' 'Coinbase'],Blockchain,1,0,0,0,0,1,0,0,0,0,0,1,0,0,1,0,1,0,1
833,Circle,0,0,1,1,1,0,1,0,1,0,0,1,1,1,0,1,0,0,1,0,1,2,3,1,['Electrum' 'Circle' 'Blockchain' 'Coinbase'],Electrum,0,1,0,0,0,0,0,1,1,0,0,0,0,0,1,0,1,0,0
834,Blockchain,1,0,0,0,3,1,1,0,0,1,0,1,1,0,1,0,1,0,1,1,1,3,5,3,['Circle' 'Coinbase' 'Blockchain' 'Electrum'],Circle,0,0,0,1,0,0,1,0,1,0,0,0,0,1,0,0,0,1,1
835,Electrum,1,1,0,0,1,1,0,1,0,1,0,0,1,1,0,1,0,0,1,0,0,4,4,2,['Electrum' 'Circle' 'Blockchain' 'Coinbase'],Electrum,0,1,0,0,0,0,0,1,1,0,0,0,0,0,1,0,1,0,0
836,Blockchain,1,0,0,0,1,1,1,0,1,0,1,0,0,1,0,0,0,1,1,1,1,1,5,5,['Blockchain' 'Coinbase' 'Circle' 'Electrum'],Blockchain,1,0,0,0,0,0,1,0,0,0,0,1,0,1,0,0,1,0,1
837,Electrum,1,1,0,0,1,0,1,1,1,1,0,1,1,0,0,1,0,0,0,1,1,4,3,4,['Coinbase' 'Electrum' 'Circle' 'Blockchain'],Coinbase,0,0,1,0,0,1,0,0,0,0,0,1,1,0,0,0,0,1,1
838,Blockchain,1,0,0,0,1,1,0,0,1,1,0,1,0,0,1,1,0,1,0,1,0,2,5,1,['Circle' 'Electrum' 'Blockchain' 'Coinbase'],Circle,0,0,0,1,0,1,0,0,1,0,0,0,0,0,1,0,0,1,1
839,Electrum,1,1,0,0,4,1,1,0,1,1,0,1,1,1,0,1,1,0,0,1,0,3,5,2,['Blockchain' 'Electrum' 'Circle' 'Coinbase'],Blockchain,1,0,0,0,0,1,0,0,0,0,0,1,0,0,1,0,1,0,1
840,Electrum,1,1,0,0,1,1,0,0,0,1,1,1,0,0,1,0,1,0,1,0,1,1,5,1,['Blockchain' 'Electrum' 'Circle' 'Coinbase'],Blockchain,1,0,0,0,0,1,0,0,0,0,0,1,0,0,1,0,1,0,1
841,Electrum,1,1,0,0,4,1,0,1,1,1,1,0,1,0,0,1,0,0,1,1,1,2,3,2,['Circle' 'Coinbase' 'Electrum' 'Blockchain'],Circle,0,0,0,1,0,0,1,0,0,1,0,0,1,0,0,0,0,1,1
842,Electrum,1,1,0,0,3,1,0,1,1,1,1,0,0,0,0,0,0,1,1,1,0,5,1,4,['Coinbase' 'Electrum' 'Blockchain' 'Circle'],Coinbase,0,0,1,0,0,1,0,0,1,0,0,0,0,0,0,1,0,1,1
843,Blockchain,1,0,0,0,1,1,0,1,0,1,1,0,1,1,0,0,0,1,1,1,1,4,4,3,['Circle' 'Blockchain' 'Electrum' 'Coinbase'],Circle,0,0,0,1,1,0,0,0,0,1,0,0,0,0,1,0,0,1,1
844,Coinbase,0,0,1,1,4,0,0,1,0,1,0,0,0,1,1,0,1,1,0,1,1,3,1,2,['Blockchain' 'Electrum' 'Circle' 'Coinbase'],Blockchain,1,0,0,0,0,1,0,0,0,0,0,1,0,0,1,0,1,0,1
845,Blockchain,1,0,0,0,3,1,1,0,0,1,0,1,0,1,1,1,0,1,0,1,0,4,3,2,['Blockchain' 'Electrum' 'Coinbase' 'Circle'],Blockchain,1,0,0,0,0,1,0,0,0,0,1,0,0,0,0,1,1,0,1
846,Coinbase,0,0,1,1,3,0,1,1,1,1,1,1,1,0,1,0,0,1,0,0,0,1,2,1,['Circle' 'Coinbase' 'Blockchain' 'Electrum'],Circle,0,0,0,1,0,0,1,0,1,0,0,0,0,1,0,0,0,1,1
847,Electrum,1,1,0,0,1,0,0,1,0,1,0,1,0,0,1,0,0,1,0,0,0,5,5,5,['Circle' 'Coinbase' 'Electrum' 'Blockchain'],Circle,0,0,0,1,0,0,1,0,0,1,0,0,1,0,0,0,0,1,1
848,Electrum,1,1,0,0,1,0,0,1,0,0,1,0,1,0,0,0,1,1,1,1,1,1,3,2,['Circle' 'Blockchain' 'Electrum' 'Coinbase'],Circle,0,0,0,1,1,0,0,0,0,1,0,0,0,0,1,0,0,1,1
849,Circle,0,0,1,1,2,1,0,0,1,1,0,1,0,1,0,1,1,1,1,1,1,3,5,1,['Blockchain' 'Coinbase' 'Circle' 'Electrum'],Blockchain,1,0,0,0,0,0,1,0,0,0,0,1,0,1,0,0,1,0,1
850,Electrum,1,1,0,0,2,1,1,0,0,0,0,1,1,0,1,0,0,0,1,0,0,2,4,4,['Coinbase' 'Electrum' 'Circle' 'Blockchain'],Coinbase,0,0,1,0,0,1,0,0,0,0,0,1,1,0,0,0,0,1,1
851,Blockchain,1,0,0,0,1,0,1,1,1,1,0,1,0,1,1,1,1,0,0,1,1,2,1,5,['Coinbase' 'Circle' 'Blockchain' 'Electrum'],Coinbase,0,0,1,0,0,0,0,1,1,0,0,0,0,1,0,0,0,1,1
852,Circle,0,0,1,1,1,1,0,1,1,0,1,0,0,1,0,0,1,1,0,0,1,3,5,2,['Coinbase' 'Blockchain' 'Electrum' 'Circle'],Coinbase,0,0,1,0,1,0,0,0,0,1,0,0,0,0,0,1,0,1,1
853,Coinbase,0,0,1,1,2,1,0,0,0,0,1,0,0,0,0,1,0,0,0,1,1,3,2,4,['Electrum' 'Coinbase' 'Circle' 'Blockchain'],Electrum,0,1,0,0,0,0,1,0,0,0,0,1,1,0,0,0,1,0,0
854,Circle,0,0,1,1,3,0,1,1,0,0,0,1,0,1,0,1,1,1,1,0,0,5,1,3,['Circle' 'Electrum' 'Coinbase' 'Blockchain'],Circle,0,0,0,1,0,1,0,0,0,0,1,0,1,0,0,0,0,1,1
855,Coinbase,0,0,1,1,1,1,0,0,0,1,1,0,0,1,0,0,0,0,0,1,0,2,4,1,['Circle' 'Electrum' 'Coinbase' 'Blockchain'],Circle,0,0,0,1,0,1,0,0,0,0,1,0,1,0,0,0,0,1,1
856,Blockchain,1,0,0,0,4,1,1,0,1,1,1,0,0,1,1,0,0,0,1,0,1,1,5,3,['Blockchain' 'Coinbase' 'Electrum' 'Circle'],Blockchain,1,0,0,0,0,0,1,0,0,1,0,0,0,0,0,1,1,0,1
857,Coinbase,0,0,1,1,2,0,1,0,0,0,0,0,1,1,1,0,0,0,0,1,0,5,3,2,['Coinbase' 'Electrum' 'Circle' 'Blockchain'],Coinbase,0,0,1,0,0,1,0,0,0,0,0,1,1,0,0,0,0,1,1
858,Coinbase,0,0,1,1,1,0,1,1,1,0,1,1,0,1,1,1,1,1,1,0,1,1,2,1,['Blockchain' 'Coinbase' 'Electrum' 'Circle'],Blockchain,1,0,0,0,0,0,1,0,0,1,0,0,0,0,0,1,1,0,1
859,Circle,0,0,1,1,1,1,0,1,0,0,0,0,1,0,1,0,1,0,1,1,1,3,4,2,['Blockchain' 'Circle' 'Coinbase' 'Electrum'],Blockchain,1,0,0,0,0,0,0,1,0,0,1,0,0,1,0,0,1,0,1
860,Coinbase,0,0,1,1,2,0,0,1,0,0,0,1,1,0,1,1,1,1,1,1,1,2,4,3,['Circle' 'Coinbase' 'Blockchain' 'Electrum'],Circle,0,0,0,1,0,0,1,0,1,0,0,0,0,1,0,0,0,1,1
861,Circle,0,0,1,1,1,0,0,1,1,0,0,0,0,1,1,0,1,1,0,1,1,2,4,3,['Circle' 'Electrum' 'Coinbase' 'Blockchain'],Circle,0,0,0,1,0,1,0,0,0,0,1,0,1,0,0,0,0,1,1
862,Electrum,1,1,0,0,2,1,0,0,0,1,0,1,1,0,0,0,0,1,1,0,1,3,4,3,['Electrum' 'Blockchain' 'Circle' 'Coinbase'],Electrum,0,1,0,0,1,0,0,0,0,0,0,1,0,0,1,0,1,0,0
863,Circle,0,0,1,1,4,1,1,1,0,0,1,1,1,1,1,0,0,0,0,0,0,4,5,1,['Circle' 'Electrum' 'Coinbase' 'Blockchain'],Circle,0,0,0,1,0,1,0,0,0,0,1,0,1,0,0,0,0,1,1
864,Coinbase,0,0,1,1,2,0,0,0,0,1,0,0,0,0,0,1,0,0,0,1,1,2,1,5,['Electrum' 'Blockchain' 'Circle' 'Coinbase'],Electrum,0,1,0,0,1,0,0,0,0,0,0,1,0,0,1,0,1,0,0
865,Blockchain,1,0,0,0,1,0,0,1,0,0,1,0,1,0,1,1,0,1,1,1,0,5,4,1,['Coinbase' 'Blockchain' 'Circle' 'Electrum'],Coinbase,0,0,1,0,1,0,0,0,0,0,0,1,0,1,0,0,0,1,1
866,Coinbase,0,0,1,1,3,0,0,1,0,0,1,0,0,1,1,0,0,0,1,1,0,1,4,2,['Electrum' 'Blockchain' 'Circle' 'Coinbase'],Electrum,0,1,0,0,1,0,0,0,0,0,0,1,0,0,1,0,1,0,0
867,Coinbase,0,0,1,1,2,1,0,1,0,0,0,0,0,0,1,0,1,1,0,1,0,4,3,2,['Electrum' 'Coinbase' 'Circle' 'Blockchain'],Electrum,0,1,0,0,0,0,1,0,0,0,0,1,1,0,0,0,1,0,0
868,Circle,0,0,1,1,2,1,0,1,1,0,1,1,0,0,0,0,1,0,1,1,1,1,1,4,['Circle' 'Coinbase' 'Electrum' 'Blockchain'],Circle,0,0,0,1,0,0,1,0,0,1,0,0,1,0,0,0,0,1,1
869,Circle,0,0,1,1,4,0,1,0,0,0,0,1,0,1,0,0,0,0,0,1,1,2,4,3,['Electrum' 'Circle' 'Coinbase' 'Blockchain'],Electrum,0,1,0,0,0,0,0,1,0,0,1,0,1,0,0,0,1,0,0
870,Coinbase,0,0,1,1,4,0,1,0,0,0,1,0,0,0,1,0,0,1,0,1,1,2,3,4,['Circle' 'Coinbase' 'Blockchain' 'Electrum'],Circle,0,0,0,1,0,0,1,0,1,0,0,0,0,1,0,0,0,1,1
871,Circle,0,0,1,1,2,1,1,0,0,0,1,1,0,0,0,1,0,1,1,1,1,5,4,1,['Coinbase' 'Circle' 'Electrum' 'Blockchain'],Coinbase,0,0,1,0,0,0,0,1,0,1,0,0,1,0,0,0,0,1,1
872,Coinbase,0,0,1,1,4,1,1,1,0,1,0,1,1,1,0,1,0,1,1,1,1,1,2,5,['Blockchain' 'Coinbase' 'Circle' 'Electrum'],Blockchain,1,0,0,0,0,0,1,0,0,0,0,1,0,1,0,0,1,0,1
873,Blockchain,1,0,0,0,2,1,1,1,1,0,1,0,0,0,0,1,1,1,1,0,0,1,1,1,['Electrum' 'Coinbase' 'Circle' 'Blockchain'],Electrum,0,1,0,0,0,0,1,0,0,0,0,1,1,0,0,0,1,0,0
874,Blockchain,1,0,0,0,1,0,0,1,1,0,0,0,0,0,1,0,1,1,0,0,0,2,3,1,['Blockchain' 'Circle' 'Electrum' 'Coinbase'],Blockchain,1,0,0,0,0,0,0,1,0,1,0,0,0,0,1,0,1,0,1
875,Circle,0,0,1,1,2,0,0,1,1,0,0,1,1,0,1,1,0,1,1,0,1,5,5,5,['Circle' 'Electrum' 'Blockchain' 'Coinbase'],Circle,0,0,0,1,0,1,0,0,1,0,0,0,0,0,1,0,0,1,1
876,Electrum,1,1,0,0,1,0,0,1,1,1,1,1,1,0,0,1,1,1,0,1,1,5,3,3,['Circle' 'Coinbase' 'Blockchain' 'Electrum'],Circle,0,0,0,1,0,0,1,0,1,0,0,0,0,1,0,0,0,1,1
877,Coinbase,0,0,1,1,1,1,0,0,0,0,0,0,1,1,1,0,0,0,1,0,1,5,4,2,['Blockchain' 'Circle' 'Coinbase' 'Electrum'],Blockchain,1,0,0,0,0,0,0,1,0,0,1,0,0,1,0,0,1,0,1
878,Blockchain,1,0,0,0,1,0,0,1,1,1,0,1,0,1,0,0,0,0,1,1,0,3,3,2,['Coinbase' 'Blockchain' 'Electrum' 'Circle'],Coinbase,0,0,1,0,1,0,0,0,0,1,0,0,0,0,0,1,0,1,1
879,Circle,0,0,1,1,2,0,1,1,1,0,0,1,1,0,0,0,0,1,1,1,0,4,1,4,['Electrum' 'Coinbase' 'Blockchain' 'Circle'],Electrum,0,1,0,0,0,0,1,0,1,0,0,0,0,0,0,1,1,0,0
880,Blockchain,1,0,0,0,4,1,0,0,0,0,0,0,1,0,0,0,1,1,0,1,0,1,5,2,['Circle' 'Coinbase' 'Blockchain' 'Electrum'],Circle,0,0,0,1,0,0,1,0,1,0,0,0,0,1,0,0,0,1,1
881,Blockchain,1,0,0,0,2,0,0,0,1,1,0,0,0,0,1,1,1,0,1,0,1,3,4,2,['Circle' 'Coinbase' 'Electrum' 'Blockchain'],Circle,0,0,0,1,0,0,1,0,0,1,0,0,1,0,0,0,0,1,1
882,Coinbase,0,0,1,1,1,0,1,1,1,1,0,1,1,0,0,0,1,1,0,0,0,3,2,2,['Blockchain' 'Circle' 'Coinbase' 'Electrum'],Blockchain,1,0,0,0,0,0,0,1,0,0,1,0,0,1,0,0,1,0,1
883,Circle,0,0,1,1,3,0,1,0,1,1,0,0,0,1,0,0,1,0,0,0,1,5,4,1,['Circle' 'Blockchain' 'Electrum' 'Coinbase'],Circle,0,0,0,1,1,0,0,0,0,1,0,0,0,0,1,0,0,1,1
884,Circle,0,0,1,1,2,1,0,0,0,0,0,0,0,1,1,0,1,1,0,1,0,4,2,4,['Electrum' 'Circle' 'Coinbase' 'Blockchain'],Electrum,0,1,0,0,0,0,0,1,0,0,1,0,1,0,0,0,1,0,0
885,Circle,0,0,1,1,2,0,0,1,0,1,1,1,1,0,0,0,1,0,0,0,0,5,1,4,['Electrum' 'Circle' 'Coinbase' 'Blockchain'],Electrum,0,1,0,0,0,0,0,1,0,0,1,0,1,0,0,0,1,0,0
886,Coinbase,0,0,1,1,4,0,0,0,0,0,0,0,1,1,0,0,1,1,0,1,1,5,3,2,['Electrum' 'Coinbase' 'Blockchain' 'Circle'],Electrum,0,1,0,0,0,0,1,0,1,0,0,0,0,0,0,1,1,0,0
887,Blockchain,1,0,0,0,3,0,1,0,0,0,0,0,0,1,0,1,1,0,1,1,1,4,3,5,['Blockchain' 'Electrum' 'Coinbase' 'Circle'],Blockchain,1,0,0,0,0,1,0,0,0,0,1,0,0,0,0,1,1,0,1
888,Electrum,1,1,0,0,1,1,0,0,1,0,0,0,0,1,0,0,0,1,0,1,0,4,5,3,['Coinbase' 'Circle' 'Electrum' 'Blockchain'],Coinbase,0,0,1,0,0,0,0,1,0,1,0,0,1,0,0,0,0,1,1
889,Circle,0,0,1,1,2,1,0,0,1,1,1,1,0,0,0,0,0,0,1,1,0,2,5,1,['Coinbase' 'Circle' 'Blockchain' 'Electrum'],Coinbase,0,0,1,0,0,0,0,1,1,0,0,0,0,1,0,0,0,1,1
890,Coinbase,0,0,1,1,1,1,0,0,1,1,1,0,1,0,0,0,0,1,0,1,0,3,3,2,['Blockchain' 'Circle' 'Electrum' 'Coinbase'],Blockchain,1,0,0,0,0,0,0,1,0,1,0,0,0,0,1,0,1,0,1
891,Circle,0,0,1,1,3,0,0,1,0,0,0,0,0,1,1,1,1,1,1,1,1,5,3,4,['Blockchain' 'Circle' 'Electrum' 'Coinbase'],Blockchain,1,0,0,0,0,0,0,1,0,1,0,0,0,0,1,0,1,0,1
892,Coinbase,0,0,1,1,2,0,0,0,0,0,1,1,1,0,1,0,0,1,0,0,1,3,5,3,['Coinbase' 'Circle' 'Blockchain' 'Electrum'],Coinbase,0,0,1,0,0,0,0,1,1,0,0,0,0,1,0,0,0,1,1
893,Coinbase,0,0,1,1,2,1,1,0,0,0,0,0,0,0,0,1,0,0,1,1,1,4,4,2,['Circle' 'Coinbase' 'Blockchain' 'Electrum'],Circle,0,0,0,1,0,0,1,0,1,0,0,0,0,1,0,0,0,1,1
894,Coinbase,0,0,1,1,1,1,1,1,0,1,1,1,1,1,0,1,1,0,1,1,1,4,2,1,['Coinbase' 'Blockchain' 'Electrum' 'Circle'],Coinbase,0,0,1,0,1,0,0,0,0,1,0,0,0,0,0,1,0,1,1
895,Coinbase,0,0,1,1,2,0,0,0,0,1,1,0,1,1,1,0,1,0,1,0,1,3,3,2,['Circle' 'Electrum' 'Blockchain' 'Coinbase'],Circle,0,0,0,1,0,1,0,0,1,0,0,0,0,0,1,0,0,1,1
896,Coinbase,0,0,1,1,2,1,0,0,0,0,1,1,0,0,1,1,1,1,0,0,0,2,3,2,['Coinbase' 'Electrum' 'Blockchain' 'Circle'],Coinbase,0,0,1,0,0,1,0,0,1,0,0,0,0,0,0,1,0,1,1
897,Coinbase,0,0,1,1,1,0,0,0,1,1,1,1,1,1,0,1,1,0,1,1,1,2,5,3,['Electrum' 'Blockchain' 'Coinbase' 'Circle'],Electrum,0,1,0,0,1,0,0,0,0,0,1,0,0,0,0,1,1,0,0
898,Coinbase,0,0,1,1,3,1,0,1,0,1,1,1,1,0,0,0,0,0,1,1,0,2,2,3,['Coinbase' 'Blockchain' 'Circle' 'Electrum'],Coinbase,0,0,1,0,1,0,0,0,0,0,0,1,0,1,0,0,0,1,1
899,Electrum,1,1,0,0,1,1,1,1,1,0,0,1,0,1,1,0,1,0,0,1,1,4,5,4,['Coinbase' 'Circle' 'Blockchain' 'Electrum'],Coinbase,0,0,1,0,0,0,0,1,1,0,0,0,0,1,0,0,0,1,1
900,Blockchain,1,0,0,0,4,1,1,1,1,0,1,0,1,1,0,1,1,1,1,0,1,1,5,2,['Blockchain' 'Electrum' 'Coinbase' 'Circle'],Blockchain,1,0,0,0,0,1,0,0,0,0,1,0,0,0,0,1,1,0,1
901,Circle,0,0,1,1,2,0,1,1,1,1,1,0,1,0,1,0,0,0,0,0,1,1,5,5,['Coinbase' 'Electrum' 'Circle' 'Blockchain'],Coinbase,0,0,1,0,0,1,0,0,0,0,0,1,1,0,0,0,0,1,1
902,Coinbase,0,0,1,1,1,0,1,0,1,1,0,0,1,1,0,1,0,0,1,1,1,5,4,5,['Blockchain' 'Electrum' 'Coinbase' 'Circle'],Blockchain,1,0,0,0,0,1,0,0,0,0,1,0,0,0,0,1,1,0,1
903,Circle,0,0,1,1,2,1,1,0,0,1,1,0,0,0,1,1,0,0,0,0,1,4,2,4,['Coinbase' 'Blockchain' 'Electrum' 'Circle'],Coinbase,0,0,1,0,1,0,0,0,0,1,0,0,0,0,0,1,0,1,1
904,Electrum,1,1,0,0,4,0,1,0,1,1,1,1,1,1,1,1,1,0,1,1,0,1,1,5,['Circle' 'Blockchain' 'Coinbase' 'Electrum'],Circle,0,0,0,1,1,0,0,0,0,0,1,0,0,1,0,0,0,1,1
905,Circle,0,0,1,1,3,1,0,0,1,0,0,1,0,1,1,1,1,0,0,1,0,2,5,2,['Circle' 'Coinbase' 'Blockchain' 'Electrum'],Circle,0,0,0,1,0,0,1,0,1,0,0,0,0,1,0,0,0,1,1
906,Blockchain,1,0,0,0,2,0,1,1,1,0,0,1,1,0,0,0,0,1,1,0,0,3,2,3,['Blockchain' 'Electrum' 'Coinbase' 'Circle'],Blockchain,1,0,0,0,0,1,0,0,0,0,1,0,0,0,0,1,1,0,1
907,Electrum,1,1,0,0,2,0,0,1,1,1,1,0,1,0,1,0,0,1,1,1,1,4,4,3,['Blockchain' 'Coinbase' 'Circle' 'Electrum'],Blockchain,1,0,0,0,0,0,1,0,0,0,0,1,0,1,0,0,1,0,1
908,Coinbase,0,0,1,1,3,1,0,1,1,1,1,1,0,0,1,1,1,1,0,1,0,2,4,1,['Blockchain' 'Electrum' 'Circle' 'Coinbase'],Blockchain,1,0,0,0,0,1,0,0,0,0,0,1,0,0,1,0,1,0,1
909,Electrum,1,1,0,0,1,1,1,1,1,0,1,0,1,1,0,0,0,0,1,0,1,5,3,3,['Electrum' 'Blockchain' 'Coinbase' 'Circle'],Electrum,0,1,0,0,1,0,0,0,0,0,1,0,0,0,0,1,1,0,0
910,Coinbase,0,0,1,1,4,1,0,0,1,0,1,0,0,1,1,0,0,0,0,1,0,1,2,1,['Blockchain' 'Coinbase' 'Circle' 'Electrum'],Blockchain,1,0,0,0,0,0,1,0,0,0,0,1,0,1,0,0,1,0,1
911,Coinbase,0,0,1,1,3,1,1,1,1,0,1,1,0,1,0,0,0,0,1,0,0,2,1,1,['Electrum' 'Blockchain' 'Coinbase' 'Circle'],Electrum,0,1,0,0,1,0,0,0,0,0,1,0,0,0,0,1,1,0,0
912,Circle,0,0,1,1,2,1,1,1,1,1,1,1,0,0,0,1,1,1,1,1,1,2,2,5,['Blockchain' 'Circle' 'Coinbase' 'Electrum'],Blockchain,1,0,0,0,0,0,0,1,0,0,1,0,0,1,0,0,1,0,1
913,Electrum,1,1,0,0,3,0,1,0,0,1,1,1,1,1,0,1,1,0,1,1,1,3,2,4,['Coinbase' 'Electrum' 'Circle' 'Blockchain'],Coinbase,0,0,1,0,0,1,0,0,0,0,0,1,1,0,0,0,0,1,1
914,Circle,0,0,1,1,2,1,1,0,1,1,0,0,1,0,0,0,1,0,0,0,0,4,4,4,['Electrum' 'Blockchain' 'Coinbase' 'Circle'],Electrum,0,1,0,0,1,0,0,0,0,0,1,0,0,0,0,1,1,0,0
915,Electrum,1,1,0,0,1,1,0,0,0,1,1,1,1,1,1,0,0,1,0,0,1,3,3,2,['Circle' 'Electrum' 'Blockchain' 'Coinbase'],Circle,0,0,0,1,0,1,0,0,1,0,0,0,0,0,1,0,0,1,1
916,Electrum,1,1,0,0,4,0,0,0,0,0,1,1,0,1,0,1,1,0,1,0,1,2,4,5,['Electrum' 'Blockchain' 'Circle' 'Coinbase'],Electrum,0,1,0,0,1,0,0,0,0,0,0,1,0,0,1,0,1,0,0
917,Circle,0,0,1,1,2,0,1,0,0,0,0,1,0,0,0,0,1,1,0,1,0,1,2,4,['Electrum' 'Circle' 'Blockchain' 'Coinbase'],Electrum,0,1,0,0,0,0,0,1,1,0,0,0,0,0,1,0,1,0,0
918,Circle,0,0,1,1,3,0,0,0,0,1,1,0,1,1,1,0,1,1,1,0,1,1,5,2,['Circle' 'Blockchain' 'Coinbase' 'Electrum'],Circle,0,0,0,1,1,0,0,0,0,0,1,0,0,1,0,0,0,1,1
919,Electrum,1,1,0,0,2,0,1,1,1,1,0,1,1,1,1,0,0,0,1,0,1,2,2,4,['Coinbase' 'Circle' 'Blockchain' 'Electrum'],Coinbase,0,0,1,0,0,0,0,1,1,0,0,0,0,1,0,0,0,1,1
920,Coinbase,0,0,1,1,4,1,0,0,1,1,1,0,1,0,0,0,0,0,0,0,0,5,4,1,['Blockchain' 'Circle' 'Electrum' 'Coinbase'],Blockchain,1,0,0,0,0,0,0,1,0,1,0,0,0,0,1,0,1,0,1
921,Coinbase,0,0,1,1,2,0,1,0,1,1,1,1,1,0,1,0,0,1,1,1,0,1,2,5,['Circle' 'Blockchain' 'Electrum' 'Coinbase'],Circle,0,0,0,1,1,0,0,0,0,1,0,0,0,0,1,0,0,1,1
922,Coinbase,0,0,1,1,3,1,1,1,0,1,0,0,0,1,1,1,1,1,0,1,0,1,5,2,['Electrum' 'Circle' 'Coinbase' 'Blockchain'],Electrum,0,1,0,0,0,0,0,1,0,0,1,0,1,0,0,0,1,0,0
923,Coinbase,0,0,1,1,1,1,0,1,1,0,0,1,0,0,0,1,1,1,0,1,1,1,3,5,['Electrum' 'Coinbase' 'Circle' 'Blockchain'],Electrum,0,1,0,0,0,0,1,0,0,0,0,1,1,0,0,0,1,0,0
924,Electrum,1,1,0,0,2,1,0,1,0,0,1,0,1,1,1,1,0,1,0,1,0,1,2,4,['Blockchain' 'Electrum' 'Coinbase' 'Circle'],Blockchain,1,0,0,0,0,1,0,0,0,0,1,0,0,0,0,1,1,0,1
925,Circle,0,0,1,1,3,1,1,0,1,1,1,1,0,1,0,1,1,0,1,0,1,5,3,2,['Coinbase' 'Blockchain' 'Circle' 'Electrum'],Coinbase,0,0,1,0,1,0,0,0,0,0,0,1,0,1,0,0,0,1,1
926,Circle,0,0,1,1,1,1,0,0,0,0,1,1,1,1,1,0,0,0,1,0,1,1,4,1,['Blockchain' 'Circle' 'Electrum' 'Coinbase'],Blockchain,1,0,0,0,0,0,0,1,0,1,0,0,0,0,1,0,1,0,1
927,Electrum,1,1,0,0,1,0,1,0,1,0,0,1,0,1,1,1,1,0,0,1,1,4,4,4,['Electrum' 'Blockchain' 'Circle' 'Coinbase'],Electrum,0,1,0,0,1,0,0,0,0,0,0,1,0,0,1,0,1,0,0
928,Electrum,1,1,0,0,2,0,0,0,1,0,0,0,0,0,0,1,1,0,0,1,0,2,3,4,['Blockchain' 'Coinbase' 'Electrum' 'Circle'],Blockchain,1,0,0,0,0,0,1,0,0,1,0,0,0,0,0,1,1,0,1
929,Coinbase,0,0,1,1,2,1,1,0,1,1,0,0,1,1,1,0,0,0,1,0,1,2,1,3,['Blockchain' 'Electrum' 'Coinbase' 'Circle'],Blockchain,1,0,0,0,0,1,0,0,0,0,1,0,0,0,0,1,1,0,1
930,Electrum,1,1,0,0,2,0,0,0,1,1,1,0,1,0,1,1,1,1,1,1,1,2,5,3,['Blockchain' 'Circle' 'Electrum' 'Coinbase'],Blockchain,1,0,0,0,0,0,0,1,0,1,0,0,0,0,1,0,1,0,1
931,Blockchain,1,0,0,0,1,0,1,0,0,0,1,0,0,0,1,0,0,1,1,1,0,1,5,4,['Blockchain' 'Coinbase' 'Circle' 'Electrum'],Blockchain,1,0,0,0,0,0,1,0,0,0,0,1,0,1,0,0,1,0,1
932,Blockchain,1,0,0,0,4,1,0,1,0,0,1,0,1,1,0,0,1,1,1,1,1,3,5,2,['Coinbase' 'Electrum' 'Circle' 'Blockchain'],Coinbase,0,0,1,0,0,1,0,0,0,0,0,1,1,0,0,0,0,1,1
933,Circle,0,0,1,1,2,0,0,0,0,1,0,1,0,1,1,0,1,0,1,1,1,1,3,1,['Circle' 'Electrum' 'Coinbase' 'Blockchain'],Circle,0,0,0,1,0,1,0,0,0,0,1,0,1,0,0,0,0,1,1
934,Coinbase,0,0,1,1,3,1,1,0,1,1,0,1,1,0,0,0,1,0,1,0,0,4,3,4,['Coinbase' 'Electrum' 'Circle' 'Blockchain'],Coinbase,0,0,1,0,0,1,0,0,0,0,0,1,1,0,0,0,0,1,1
935,Coinbase,0,0,1,1,4,1,0,1,1,0,0,1,0,0,0,0,0,0,0,0,1,3,2,1,['Coinbase' 'Electrum' 'Circle' 'Blockchain'],Coinbase,0,0,1,0,0,1,0,0,0,0,0,1,1,0,0,0,0,1,1
936,Coinbase,0,0,1,1,1,1,0,1,0,1,0,1,0,0,0,1,0,0,1,1,0,2,3,1,['Blockchain' 'Circle' 'Electrum' 'Coinbase'],Blockchain,1,0,0,0,0,0,0,1,0,1,0,0,0,0,1,0,1,0,1
937,Coinbase,0,0,1,1,3,1,1,0,0,0,1,1,0,1,1,0,1,0,0,1,0,3,2,5,['Coinbase' 'Circle' 'Electrum' 'Blockchain'],Coinbase,0,0,1,0,0,0,0,1,0,1,0,0,1,0,0,0,0,1,1
938,Coinbase,0,0,1,1,3,0,1,1,1,1,0,1,1,1,0,1,0,0,0,1,0,2,5,1,['Circle' 'Coinbase' 'Blockchain' 'Electrum'],Circle,0,0,0,1,0,0,1,0,1,0,0,0,0,1,0,0,0,1,1
939,Coinbase,0,0,1,1,2,1,1,0,0,1,0,0,0,0,1,1,0,0,0,1,1,1,2,3,['Circle' 'Electrum' 'Coinbase' 'Blockchain'],Circle,0,0,0,1,0,1,0,0,0,0,1,0,1,0,0,0,0,1,1
940,Electrum,1,1,0,0,2,0,0,1,0,0,1,1,1,1,0,1,0,1,1,0,0,3,2,1,['Electrum' 'Blockchain' 'Circle' 'Coinbase'],Electrum,0,1,0,0,1,0,0,0,0,0,0,1,0,0,1,0,1,0,0
941,Circle,0,0,1,1,4,0,1,1,0,0,0,1,1,1,0,0,1,0,0,1,1,4,4,3,['Electrum' 'Blockchain' 'Coinbase' 'Circle'],Electrum,0,1,0,0,1,0,0,0,0,0,1,0,0,0,0,1,1,0,0
942,Circle,0,0,1,1,1,1,0,1,0,0,1,1,0,1,0,1,1,1,0,1,0,1,3,1,['Coinbase' 'Blockchain' 'Electrum' 'Circle'],Coinbase,0,0,1,0,1,0,0,0,0,1,0,0,0,0,0,1,0,1,1
943,Coinbase,0,0,1,1,1,0,0,1,0,0,1,0,0,0,1,1,0,1,0,1,1,2,5,2,['Blockchain' 'Coinbase' 'Electrum' 'Circle'],Blockchain,1,0,0,0,0,0,1,0,0,1,0,0,0,0,0,1,1,0,1
944,Circle,0,0,1,1,2,0,0,1,1,0,1,1,1,1,0,0,1,1,1,1,0,2,4,2,['Circle' 'Electrum' 'Blockchain' 'Coinbase'],Circle,0,0,0,1,0,1,0,0,1,0,0,0,0,0,1,0,0,1,1
945,Electrum,1,1,0,0,4,0,1,1,0,0,1,1,1,0,1,1,1,0,1,0,1,5,3,2,['Coinbase' 'Circle' 'Electrum' 'Blockchain'],Coinbase,0,0,1,0,0,0,0,1,0,1,0,0,1,0,0,0,0,1,1
946,Blockchain,1,0,0,0,2,0,0,1,0,1,0,0,1,1,0,1,1,0,0,1,1,5,1,5,['Circle' 'Blockchain' 'Electrum' 'Coinbase'],Circle,0,0,0,1,1,0,0,0,0,1,0,0,0,0,1,0,0,1,1
947,Electrum,1,1,0,0,1,1,0,1,1,0,0,0,0,1,0,0,1,0,0,1,0,2,5,4,['Electrum' 'Blockchain' 'Coinbase' 'Circle'],Electrum,0,1,0,0,1,0,0,0,0,0,1,0,0,0,0,1,1,0,0
948,Coinbase,0,0,1,1,3,1,0,0,0,1,0,0,1,0,1,0,1,1,0,1,0,2,3,3,['Circle' 'Blockchain' 'Electrum' 'Coinbase'],Circle,0,0,0,1,1,0,0,0,0,1,0,0,0,0,1,0,0,1,1
949,Circle,0,0,1,1,3,0,0,1,0,0,0,1,0,1,0,0,0,0,1,1,1,1,1,1,['Electrum' 'Circle' 'Coinbase' 'Blockchain'],Electrum,0,1,0,0,0,0,0,1,0,0,1,0,1,0,0,0,1,0,0
950,Coinbase,0,0,1,1,1,1,0,0,1,0,0,1,0,1,1,0,1,1,0,0,1,2,2,1,['Coinbase' 'Electrum' 'Blockchain' 'Circle'],Coinbase,0,0,1,0,0,1,0,0,1,0,0,0,0,0,0,1,0,1,1
951,Blockchain,1,0,0,0,1,1,0,1,1,0,1,1,0,0,0,0,0,1,0,0,0,3,4,1,['Circle' 'Blockchain' 'Coinbase' 'Electrum'],Circle,0,0,0,1,1,0,0,0,0,0,1,0,0,1,0,0,0,1,1
952,Circle,0,0,1,1,1,0,0,1,1,0,0,1,1,0,0,0,1,1,1,1,0,3,1,3,['Electrum' 'Blockchain' 'Circle' 'Coinbase'],Electrum,0,1,0,0,1,0,0,0,0,0,0,1,0,0,1,0,1,0,0
953,Circle,0,0,1,1,3,0,0,0,0,1,0,0,0,1,1,1,1,0,1,0,0,3,4,2,['Electrum' 'Blockchain' 'Circle' 'Coinbase'],Electrum,0,1,0,0,1,0,0,0,0,0,0,1,0,0,1,0,1,0,0
954,Blockchain,1,0,0,0,4,0,1,1,1,0,1,0,0,1,1,0,0,1,0,0,1,1,2,1,['Coinbase' 'Circle' 'Blockchain' 'Electrum'],Coinbase,0,0,1,0,0,0,0,1,1,0,0,0,0,1,0,0,0,1,1
955,Electrum,1,1,0,0,2,1,0,1,0,0,1,0,1,0,1,1,1,1,0,1,1,3,3,1,['Coinbase' 'Blockchain' 'Electrum' 'Circle'],Coinbase,0,0,1,0,1,0,0,0,0,1,0,0,0,0,0,1,0,1,1
956,Blockchain,1,0,0,0,2,0,1,0,1,1,1,1,1,0,1,1,0,1,1,1,1,2,5,1,['Circle' 'Coinbase' 'Blockchain' 'Electrum'],Circle,0,0,0,1,0,0,1,0,1,0,0,0,0,1,0,0,0,1,1
957,Coinbase,0,0,1,1,2,0,1,1,0,0,0,0,1,1,1,0,1,0,1,1,1,2,3,5,['Circle' 'Electrum' 'Coinbase' 'Blockchain'],Circle,0,0,0,1,0,1,0,0,0,0,1,0,1,0,0,0,0,1,1
958,Coinbase,0,0,1,1,1,0,0,0,1,0,0,0,0,1,0,0,0,0,0,1,0,4,4,4,['Blockchain' 'Coinbase' 'Electrum' 'Circle'],Blockchain,1,0,0,0,0,0,1,0,0,1,0,0,0,0,0,1,1,0,1
959,Coinbase,0,0,1,1,1,0,0,0,1,1,1,1,1,1,1,0,0,0,0,0,0,3,1,5,['Blockchain' 'Coinbase' 'Electrum' 'Circle'],Blockchain,1,0,0,0,0,0,1,0,0,1,0,0,0,0,0,1,1,0,1
960,Coinbase,0,0,1,1,2,0,0,0,1,0,1,0,0,0,0,1,0,0,1,0,0,4,4,2,['Circle' 'Blockchain' 'Electrum' 'Coinbase'],Circle,0,0,0,1,1,0,0,0,0,1,0,0,0,0,1,0,0,1,1
961,Blockchain,1,0,0,0,3,1,1,1,1,1,0,1,1,0,0,0,0,1,0,0,1,1,4,5,['Blockchain' 'Circle' 'Electrum' 'Coinbase'],Blockchain,1,0,0,0,0,0,0,1,0,1,0,0,0,0,1,0,1,0,1
962,Circle,0,0,1,1,3,0,0,1,0,0,0,1,1,1,1,0,0,1,1,1,1,2,3,5,['Coinbase' 'Blockchain' 'Electrum' 'Circle'],Coinbase,0,0,1,0,1,0,0,0,0,1,0,0,0,0,0,1,0,1,1
963,Electrum,1,1,0,0,2,0,0,0,1,0,1,1,0,1,0,1,1,1,1,0,1,2,1,5,['Blockchain' 'Coinbase' 'Electrum' 'Circle'],Blockchain,1,0,0,0,0,0,1,0,0,1,0,0,0,0,0,1,1,0,1
964,Blockchain,1,0,0,0,2,1,0,1,0,1,1,1,0,0,1,0,1,0,1,0,1,2,1,5,['Circle' 'Coinbase' 'Blockchain' 'Electrum'],Circle,0,0,0,1,0,0,1,0,1,0,0,0,0,1,0,0,0,1,1
965,Electrum,1,1,0,0,4,0,1,1,0,1,0,0,0,1,1,1,0,1,0,0,0,5,1,3,['Blockchain' 'Electrum' 'Circle' 'Coinbase'],Blockchain,1,0,0,0,0,1,0,0,0,0,0,1,0,0,1,0,1,0,1
966,Circle,0,0,1,1,3,0,1,0,0,0,1,0,1,0,1,1,0,0,1,0,0,1,3,2,['Electrum' 'Blockchain' 'Coinbase' 'Circle'],Electrum,0,1,0,0,1,0,0,0,0,0,1,0,0,0,0,1,1,0,0
967,Blockchain,1,0,0,0,2,0,0,1,0,0,0,1,0,1,1,0,0,0,1,1,0,5,4,2,['Coinbase' 'Circle' 'Blockchain' 'Electrum'],Coinbase,0,0,1,0,0,0,0,1,1,0,0,0,0,1,0,0,0,1,1
968,Electrum,1,1,0,0,4,0,0,1,1,0,1,0,1,0,0,0,0,1,0,1,0,1,2,3,['Coinbase' 'Circle' 'Blockchain' 'Electrum'],Coinbase,0,0,1,0,0,0,0,1,1,0,0,0,0,1,0,0,0,1,1
969,Blockchain,1,0,0,0,3,1,1,0,0,0,1,1,1,0,0,1,0,0,1,1,0,5,5,1,['Circle' 'Coinbase' 'Electrum' 'Blockchain'],Circle,0,0,0,1,0,0,1,0,0,1,0,0,1,0,0,0,0,1,1
970,Coinbase,0,0,1,1,1,1,1,1,0,1,0,1,1,1,0,1,0,1,0,1,1,2,3,4,['Blockchain' 'Circle' 'Electrum' 'Coinbase'],Blockchain,1,0,0,0,0,0,0,1,0,1,0,0,0,0,1,0,1,0,1
971,Blockchain,1,0,0,0,1,0,0,0,1,1,0,1,0,0,0,1,0,1,0,1,1,3,1,5,['Circle' 'Blockchain' 'Electrum' 'Coinbase'],Circle,0,0,0,1,1,0,0,0,0,1,0,0,0,0,1,0,0,1,1
972,Electrum,1,1,0,0,4,1,0,0,1,0,1,1,0,0,1,0,1,0,1,0,0,2,1,4,['Circle' 'Coinbase' 'Electrum' 'Blockchain'],Circle,0,0,0,1,0,0,1,0,0,1,0,0,1,0,0,0,0,1,1
973,Blockchain,1,0,0,0,2,0,1,0,0,1,1,0,0,0,0,0,1,1,0,0,1,2,1,2,['Coinbase' 'Blockchain' 'Electrum' 'Circle'],Coinbase,0,0,1,0,1,0,0,0,0,1,0,0,0,0,0,1,0,1,1
974,Circle,0,0,1,1,2,1,1,1,1,0,0,1,0,1,1,1,1,1,1,0,1,3,3,5,['Circle' 'Blockchain' 'Coinbase' 'Electrum'],Circle,0,0,0,1,1,0,0,0,0,0,1,0,0,1,0,0,0,1,1
975,Electrum,1,1,0,0,1,1,0,1,0,1,1,0,0,0,1,1,0,1,0,1,0,4,3,5,['Blockchain' 'Coinbase' 'Circle' 'Electrum'],Blockchain,1,0,0,0,0,0,1,0,0,0,0,1,0,1,0,0,1,0,1
976,Blockchain,1,0,0,0,2,0,0,0,1,1,0,0,1,1,0,1,1,0,1,0,1,1,1,4,['Blockchain' 'Coinbase' 'Electrum' 'Circle'],Blockchain,1,0,0,0,0,0,1,0,0,1,0,0,0,0,0,1,1,0,1
977,Circle,0,0,1,1,3,0,0,1,0,0,0,1,1,0,0,1,0,0,1,0,0,4,2,2,['Circle' 'Electrum' 'Blockchain' 'Coinbase'],Circle,0,0,0,1,0,1,0,0,1,0,0,0,0,0,1,0,0,1,1
978,Circle,0,0,1,1,3,0,0,0,1,1,0,1,1,0,1,0,0,0,1,1,1,1,2,1,['Coinbase' 'Electrum' 'Blockchain' 'Circle'],Coinbase,0,0,1,0,0,1,0,0,1,0,0,0,0,0,0,1,0,1,1
979,Blockchain,1,0,0,0,1,0,1,0,1,0,0,1,1,1,0,1,1,0,1,1,1,1,5,3,['Blockchain' 'Electrum' 'Coinbase' 'Circle'],Blockchain,1,0,0,0,0,1,0,0,0,0,1,0,0,0,0,1,1,0,1
980,Blockchain,1,0,0,0,3,0,0,0,1,0,0,0,0,1,0,0,0,1,1,1,0,2,4,1,['Circle' 'Blockchain' 'Coinbase' 'Electrum'],Circle,0,0,0,1,1,0,0,0,0,0,1,0,0,1,0,0,0,1,1
981,Circle,0,0,1,1,1,0,0,0,0,0,0,0,0,1,1,1,0,1,1,1,0,3,2,3,['Circle' 'Electrum' 'Coinbase' 'Blockchain'],Circle,0,0,0,1,0,1,0,0,0,0,1,0,1,0,0,0,0,1,1
982,Circle,0,0,1,1,2,0,0,0,1,0,1,0,1,0,0,1,0,0,0,0,1,4,2,1,['Circle' 'Electrum' 'Blockchain' 'Coinbase'],Circle,0,0,0,1,0,1,0,0,1,0,0,0,0,0,1,0,0,1,1
983,Circle,0,0,1,1,1,0,1,0,0,0,1,1,1,0,0,1,0,0,1,1,0,3,4,4,['Electrum' 'Coinbase' 'Circle' 'Blockchain'],Electrum,0,1,0,0,0,0,1,0,0,0,0,1,1,0,0,0,1,0,0
984,Blockchain,1,0,0,0,4,1,1,1,1,0,0,0,0,0,0,0,1,1,0,1,1,4,3,2,['Circle' 'Blockchain' 'Coinbase' 'Electrum'],Circle,0,0,0,1,1,0,0,0,0,0,1,0,0,1,0,0,0,1,1
985,Blockchain,1,0,0,0,1,0,1,1,1,0,0,0,1,0,0,1,1,1,0,0,0,3,2,3,['Blockchain' 'Coinbase' 'Electrum' 'Circle'],Blockchain,1,0,0,0,0,0,1,0,0,1,0,0,0,0,0,1,1,0,1
986,Coinbase,0,0,1,1,4,1,1,1,0,0,0,1,0,0,1,0,1,1,0,1,1,5,2,2,['Circle' 'Coinbase' 'Blockchain' 'Electrum'],Circle,0,0,0,1,0,0,1,0,1,0,0,0,0,1,0,0,0,1,1
987,Coinbase,0,0,1,1,1,0,1,0,1,0,1,0,0,1,0,0,1,1,0,0,0,2,4,4,['Coinbase' 'Circle' 'Electrum' 'Blockchain'],Coinbase,0,0,1,0,0,0,0,1,0,1,0,0,1,0,0,0,0,1,1
988,Blockchain,1,0,0,0,2,1,1,0,0,1,1,1,0,0,0,0,1,0,1,1,0,2,4,2,['Blockchain' 'Coinbase' 'Circle' 'Electrum'],Blockchain,1,0,0,0,0,0,1,0,0,0,0,1,0,1,0,0,1,0,1
989,Coinbase,0,0,1,1,4,0,0,0,1,0,1,1,1,1,1,0,1,1,1,0,1,5,5,1,['Blockchain' 'Coinbase' 'Circle' 'Electrum'],Blockchain,1,0,0,0,0,0,1,0,0,0,0,1,0,1,0,0,1,0,1
990,Circle,0,0,1,1,2,0,1,0,0,1,1,0,1,0,0,0,1,1,0,0,1,3,1,2,['Electrum' 'Circle' 'Coinbase' 'Blockchain'],Electrum,0,1,0,0,0,0,0,1,0,0,1,0,1,0,0,0,1,0,0
991,Blockchain,1,0,0,0,4,1,0,1,0,0,0,1,1,0,0,1,0,0,0,1,1,1,5,5,['Circle' 'Electrum' 'Coinbase' 'Blockchain'],Circle,0,0,0,1,0,1,0,0,0,0,1,0,1,0,0,0,0,1,1
992,Blockchain,1,0,0,0,1,1,1,0,1,0,1,0,1,0,1,0,1,0,0,0,0,3,4,5,['Coinbase' 'Electrum' 'Blockchain' 'Circle'],Coinbase,0,0,1,0,0,1,0,0,1,0,0,0,0,0,0,1,0,1,1
993,Blockchain,1,0,0,0,1,0,0,1,1,0,0,0,1,1,1,1,1,1,1,1,0,1,3,2,['Circle' 'Blockchain' 'Electrum' 'Coinbase'],Circle,0,0,0,1,1,0,0,0,0,1,0,0,0,0,1,0,0,1,1
994,Blockchain,1,0,0,0,1,0,1,1,1,0,0,0,0,0,0,0,0,0,1,0,1,3,5,1,['Coinbase' 'Circle' 'Electrum' 'Blockchain'],Coinbase,0,0,1,0,0,0,0,1,0,1,0,0,1,0,0,0,0,1,1
995,Blockchain,1,0,0,0,2,1,1,0,1,1,1,0,1,0,1,1,0,1,0,1,0,3,1,1,['Circle' 'Coinbase' 'Electrum' 'Blockchain'],Circle,0,0,0,1,0,0,1,0,0,1,0,0,1,0,0,0,0,1,1
996,Circle,0,0,1,1,1,1,1,1,1,1,0,0,0,0,0,1,1,1,0,0,1,4,1,4,['Electrum' 'Circle' 'Blockchain' 'Coinbase'],Electrum,0,1,0,0,0,0,0,1,1,0,0,0,0,0,1,0,1,0,0
997,Circle,0,0,1,1,4,1,1,1,1,0,0,0,0,1,0,1,1,1,0,0,1,5,4,3,['Electrum' 'Blockchain' 'Coinbase' 'Circle'],Electrum,0,1,0,0,1,0,0,0,0,0,1,0,0,0,0,1,1,0,0
998,Blockchain,1,0,0,0,3,1,0,1,1,1,0,1,1,1,1,0,1,1,1,1,0,5,2,1,['Coinbase' 'Circle' 'Electrum' 'Blockchain'],Coinbase,0,0,1,0,0,0,0,1,0,1,0,0,1,0,0,0,0,1,1
999,Electrum,1,1,0,0,3,0,1,1,0,1,0,1,0,0,0,1,1,0,0,0,1,4,4,2,['Electrum' 'Coinbase' 'Circle' 'Blockchain'],Electrum,0,1,0,0,0,0,1,0,0,0,0,1,1,0,0,0,1,0,0
1000,Blockchain,1,0,0,0,4,0,1,1,0,1,1,1,0,0,0,1,1,0,0,0,0,2,5,4,['Coinbase' 'Blockchain' 'Electrum' 'Circle'],Coinbase,0,0,1,0,1,0,0,0,0,1,0,0,0,0,0,1,0,1,1
1001,Circle,0,0,1,1,3,1,1,0,1,1,1,1,0,1,0,1,1,1,1,0,1,1,3,1,['Circle' 'Electrum' 'Coinbase' 'Blockchain'],Circle,0,0,0,1,0,1,0,0,0,0,1,0,1,0,0,0,0,1,1
1002,Blockchain,1,0,0,0,1,0,0,0,0,0,0,1,1,1,0,1,0,1,0,1,1,5,3,4,['Blockchain' 'Coinbase' 'Electrum' 'Circle'],Blockchain,1,0,0,0,0,0,1,0,0,1,0,0,0,0,0,1,1,0,1
1003,Blockchain,1,0,0,0,2,0,0,1,0,0,0,0,0,0,0,0,0,0,1,1,1,4,1,3,['Blockchain' 'Circle' 'Electrum' 'Coinbase'],Blockchain,1,0,0,0,0,0,0,1,0,1,0,0,0,0,1,0,1,0,1
1004,Blockchain,1,0,0,0,3,1,0,0,0,0,0,0,1,1,0,0,1,1,1,0,0,3,1,2,['Circle' 'Electrum' 'Blockchain' 'Coinbase'],Circle,0,0,0,1,0,1,0,0,1,0,0,0,0,0,1,0,0,1,1
1005,Circle,0,0,1,1,3,1,0,0,0,1,0,0,0,0,0,1,1,0,0,0,0,3,2,1,['Coinbase' 'Electrum' 'Circle' 'Blockchain'],Coinbase,0,0,1,0,0,1,0,0,0,0,0,1,1,0,0,0,0,1,1
1006,Coinbase,0,0,1,1,4,1,1,0,1,0,1,0,1,1,1,0,0,1,1,1,1,3,1,2,['Electrum' 'Circle' 'Blockchain' 'Coinbase'],Electrum,0,1,0,0,0,0,0,1,1,0,0,0,0,0,1,0,1,0,0
1007,Circle,0,0,1,1,4,0,0,1,0,0,1,0,0,0,1,1,1,1,1,1,0,5,4,1,['Electrum' 'Blockchain' 'Circle' 'Coinbase'],Electrum,0,1,0,0,1,0,0,0,0,0,0,1,0,0,1,0,1,0,0
1008,Blockchain,1,0,0,0,4,0,0,1,1,1,1,1,0,0,0,0,0,1,0,0,1,4,2,4,['Circle' 'Electrum' 'Coinbase' 'Blockchain'],Circle,0,0,0,1,0,1,0,0,0,0,1,0,1,0,0,0,0,1,1
1009,Electrum,1,1,0,0,3,1,0,1,1,1,1,1,0,0,1,0,0,1,0,1,0,4,4,3,['Blockchain' 'Electrum' 'Coinbase' 'Circle'],Blockchain,1,0,0,0,0,1,0,0,0,0,1,0,0,0,0,1,1,0,1
1010,Circle,0,0,1,1,2,1,1,1,1,0,0,0,0,0,0,1,1,1,0,0,1,4,3,4,['Circle' 'Electrum' 'Coinbase' 'Blockchain'],Circle,0,0,0,1,0,1,0,0,0,0,1,0,1,0,0,0,0,1,1
1011,Coinbase,0,0,1,1,3,0,1,1,1,1,0,1,0,1,0,0,1,0,0,1,1,5,1,2,['Circle' 'Blockchain' 'Electrum' 'Coinbase'],Circle,0,0,0,1,1,0,0,0,0,1,0,0,0,0,1,0,0,1,1
1012,Circle,0,0,1,1,1,0,1,1,1,0,1,0,1,0,1,0,1,1,0,0,0,2,3,4,['Electrum' 'Blockchain' 'Coinbase' 'Circle'],Electrum,0,1,0,0,1,0,0,0,0,0,1,0,0,0,0,1,1,0,0
1013,Coinbase,0,0,1,1,4,0,1,0,0,0,1,1,0,0,0,0,1,0,0,1,1,2,5,4,['Coinbase' 'Circle' 'Blockchain' 'Electrum'],Coinbase,0,0,1,0,0,0,0,1,1,0,0,0,0,1,0,0,0,1,1
1014,Blockchain,1,0,0,0,1,1,0,1,0,1,1,1,1,0,1,0,1,0,0,1,1,5,1,3,['Electrum' 'Coinbase' 'Circle' 'Blockchain'],Electrum,0,1,0,0,0,0,1,0,0,0,0,1,1,0,0,0,1,0,0
1015,Circle,0,0,1,1,1,1,0,0,1,1,1,1,0,0,0,0,1,0,1,1,1,4,4,5,['Coinbase' 'Circle' 'Blockchain' 'Electrum'],Coinbase,0,0,1,0,0,0,0,1,1,0,0,0,0,1,0,0,0,1,1
1016,Electrum,1,1,0,0,1,1,0,0,0,0,1,1,0,1,1,0,1,0,1,1,0,2,5,4,['Blockchain' 'Circle' 'Coinbase' 'Electrum'],Blockchain,1,0,0,0,0,0,0,1,0,0,1,0,0,1,0,0,1,0,1
1017,Electrum,1,1,0,0,4,1,1,1,0,0,0,1,0,1,0,1,1,1,1,1,0,2,5,4,['Coinbase' 'Circle' 'Electrum' 'Blockchain'],Coinbase,0,0,1,0,0,0,0,1,0,1,0,0,1,0,0,0,0,1,1
1018,Coinbase,0,0,1,1,2,1,0,1,1,1,1,1,1,0,0,1,0,0,1,0,1,2,4,3,['Electrum' 'Circle' 'Blockchain' 'Coinbase'],Electrum,0,1,0,0,0,0,0,1,1,0,0,0,0,0,1,0,1,0,0
1019,Electrum,1,1,0,0,1,1,1,0,1,1,0,1,1,1,0,1,1,1,0,1,1,5,4,1,['Circle' 'Coinbase' 'Blockchain' 'Electrum'],Circle,0,0,0,1,0,0,1,0,1,0,0,0,0,1,0,0,0,1,1
1020,Circle,0,0,1,1,2,1,0,0,1,0,1,0,0,1,0,0,1,0,0,1,1,2,3,1,['Electrum' 'Circle' 'Coinbase' 'Blockchain'],Electrum,0,1,0,0,0,0,0,1,0,0,1,0,1,0,0,0,1,0,0
1021,Coinbase,0,0,1,1,4,1,0,0,0,1,0,0,1,1,0,1,0,1,1,1,0,4,1,2,['Coinbase' 'Circle' 'Blockchain' 'Electrum'],Coinbase,0,0,1,0,0,0,0,1,1,0,0,0,0,1,0,0,0,1,1
1022,Electrum,1,1,0,0,1,1,0,0,1,1,0,0,1,1,1,0,0,0,1,0,0,1,1,5,['Electrum' 'Blockchain' 'Circle' 'Coinbase'],Electrum,0,1,0,0,1,0,0,0,0,0,0,1,0,0,1,0,1,0,0
1023,Electrum,1,1,0,0,3,0,1,1,1,1,1,1,1,0,1,0,1,0,0,1,0,1,5,5,['Electrum' 'Circle' 'Coinbase' 'Blockchain'],Electrum,0,1,0,0,0,0,0,1,0,0,1,0,1,0,0,0,1,0,0
1024,Coinbase,0,0,1,1,4,1,0,1,1,1,0,0,0,0,0,0,0,0,0,1,0,2,2,5,['Blockchain' 'Electrum' 'Coinbase' 'Circle'],Blockchain,1,0,0,0,0,1,0,0,0,0,1,0,0,0,0,1,1,0,1
1025,Circle,0,0,1,1,3,1,0,0,1,1,0,1,0,0,0,1,1,0,1,1,1,3,3,2,['Blockchain' 'Coinbase' 'Electrum' 'Circle'],Blockchain,1,0,0,0,0,0,1,0,0,1,0,0,0,0,0,1,1,0,1
1026,Electrum,1,1,0,0,1,1,0,0,1,1,1,0,0,0,0,1,1,1,1,0,1,4,5,2,['Electrum' 'Blockchain' 'Coinbase' 'Circle'],Electrum,0,1,0,0,1,0,0,0,0,0,1,0,0,0,0,1,1,0,0
1027,Coinbase,0,0,1,1,2,0,0,0,0,0,1,0,0,1,1,0,0,1,1,1,0,3,1,4,['Blockchain' 'Circle' 'Coinbase' 'Electrum'],Blockchain,1,0,0,0,0,0,0,1,0,0,1,0,0,1,0,0,1,0,1
1028,Blockchain,1,0,0,0,4,0,0,0,0,1,0,0,0,1,0,1,0,0,1,0,1,3,4,2,['Circle' 'Electrum' 'Blockchain' 'Coinbase'],Circle,0,0,0,1,0,1,0,0,1,0,0,0,0,0,1,0,0,1,1
1029,Electrum,1,1,0,0,2,1,1,1,1,1,0,1,1,1,0,0,0,0,1,1,0,3,5,3,['Blockchain' 'Circle' 'Coinbase' 'Electrum'],Blockchain,1,0,0,0,0,0,0,1,0,0,1,0,0,1,0,0,1,0,1
1030,Blockchain,1,0,0,0,1,0,0,0,0,0,1,1,1,1,1,0,0,0,0,0,1,3,5,4,['Electrum' 'Circle' 'Coinbase' 'Blockchain'],Electrum,0,1,0,0,0,0,0,1,0,0,1,0,1,0,0,0,1,0,0
1031,Coinbase,0,0,1,1,2,1,1,0,0,0,0,0,0,1,1,0,1,0,0,0,0,5,3,1,['Electrum' 'Circle' 'Coinbase' 'Blockchain'],Electrum,0,1,0,0,0,0,0,1,0,0,1,0,1,0,0,0,1,0,0
1032,Electrum,1,1,0,0,3,1,1,0,1,1,1,0,0,1,0,0,1,1,0,1,0,3,3,4,['Blockchain' 'Electrum' 'Coinbase' 'Circle'],Blockchain,1,0,0,0,0,1,0,0,0,0,1,0,0,0,0,1,1,0,1
1033,Circle,0,0,1,1,1,1,0,1,0,1,1,1,1,0,0,1,0,1,0,0,1,2,5,3,['Circle' 'Electrum' 'Blockchain' 'Coinbase'],Circle,0,0,0,1,0,1,0,0,1,0,0,0,0,0,1,0,0,1,1
1034,Circle,0,0,1,1,1,0,1,0,0,1,0,0,0,0,0,1,1,0,1,1,0,2,3,2,['Coinbase' 'Electrum' 'Circle' 'Blockchain'],Coinbase,0,0,1,0,0,1,0,0,0,0,0,1,1,0,0,0,0,1,1
1035,Blockchain,1,0,0,0,2,1,1,0,0,0,0,1,0,0,1,0,0,0,0,0,0,5,2,4,['Blockchain' 'Circle' 'Coinbase' 'Electrum'],Blockchain,1,0,0,0,0,0,0,1,0,0,1,0,0,1,0,0,1,0,1
1036,Coinbase,0,0,1,1,2,0,1,0,1,0,1,0,0,0,1,0,0,0,0,1,1,5,3,1,['Coinbase' 'Circle' 'Electrum' 'Blockchain'],Coinbase,0,0,1,0,0,0,0,1,0,1,0,0,1,0,0,0,0,1,1
1037,Coinbase,0,0,1,1,3,0,0,1,1,0,0,1,0,1,0,0,0,1,0,1,1,2,4,3,['Circle' 'Electrum' 'Blockchain' 'Coinbase'],Circle,0,0,0,1,0,1,0,0,1,0,0,0,0,0,1,0,0,1,1
1038,Coinbase,0,0,1,1,3,1,1,0,1,0,0,1,0,1,0,0,1,0,1,1,0,1,4,1,['Circle' 'Blockchain' 'Electrum' 'Coinbase'],Circle,0,0,0,1,1,0,0,0,0,1,0,0,0,0,1,0,0,1,1
1039,Electrum,1,1,0,0,2,0,1,1,1,0,1,1,1,1,1,0,1,1,1,0,0,5,4,3,['Circle' 'Electrum' 'Coinbase' 'Blockchain'],Circle,0,0,0,1,0,1,0,0,0,0,1,0,1,0,0,0,0,1,1
1040,Electrum,1,1,0,0,4,1,1,1,0,0,1,1,0,0,1,1,0,1,0,1,0,4,2,4,['Coinbase' 'Circle' 'Blockchain' 'Electrum'],Coinbase,0,0,1,0,0,0,0,1,1,0,0,0,0,1,0,0,0,1,1
1041,Blockchain,1,0,0,0,4,1,0,0,1,0,1,0,0,0,0,1,0,1,1,0,0,5,2,2,['Blockchain' 'Electrum' 'Circle' 'Coinbase'],Blockchain,1,0,0,0,0,1,0,0,0,0,0,1,0,0,1,0,1,0,1
1042,Electrum,1,1,0,0,3,0,0,1,0,0,1,1,0,0,0,0,1,0,1,0,0,4,2,4,['Blockchain' 'Circle' 'Electrum' 'Coinbase'],Blockchain,1,0,0,0,0,0,0,1,0,1,0,0,0,0,1,0,1,0,1
1043,Coinbase,0,0,1,1,2,1,0,1,0,1,1,0,1,0,1,1,1,0,1,1,0,1,1,5,['Circle' 'Coinbase' 'Electrum' 'Blockchain'],Circle,0,0,0,1,0,0,1,0,0,1,0,0,1,0,0,0,0,1,1
1044,Electrum,1,1,0,0,3,0,1,0,0,1,1,0,0,1,1,1,0,1,0,1,1,4,5,4,['Coinbase' 'Blockchain' 'Electrum' 'Circle'],Coinbase,0,0,1,0,1,0,0,0,0,1,0,0,0,0,0,1,0,1,1
1045,Circle,0,0,1,1,1,1,1,0,0,0,1,1,1,1,0,0,0,1,0,0,0,3,4,2,['Electrum' 'Blockchain' 'Coinbase' 'Circle'],Electrum,0,1,0,0,1,0,0,0,0,0,1,0,0,0,0,1,1,0,0
1046,Blockchain,1,0,0,0,1,1,1,1,0,0,1,1,1,0,0,1,0,1,1,0,0,5,1,2,['Blockchain' 'Coinbase' 'Electrum' 'Circle'],Blockchain,1,0,0,0,0,0,1,0,0,1,0,0,0,0,0,1,1,0,1
1047,Circle,0,0,1,1,1,1,0,0,0,0,1,1,0,1,0,1,1,0,0,0,0,5,2,1,['Coinbase' 'Circle' 'Electrum' 'Blockchain'],Coinbase,0,0,1,0,0,0,0,1,0,1,0,0,1,0,0,0,0,1,1
1048,Electrum,1,1,0,0,4,0,0,0,1,0,1,0,1,0,1,0,1,1,1,1,0,1,2,3,['Electrum' 'Blockchain' 'Coinbase' 'Circle'],Electrum,0,1,0,0,1,0,0,0,0,0,1,0,0,0,0,1,1,0,0
1049,Circle,0,0,1,1,1,1,0,0,1,1,1,0,1,0,0,0,1,0,0,1,1,1,2,4,['Electrum' 'Coinbase' 'Circle' 'Blockchain'],Electrum,0,1,0,0,0,0,1,0,0,0,0,1,1,0,0,0,1,0,0
1050,Electrum,1,1,0,0,1,0,0,1,0,1,0,1,1,1,0,0,1,1,1,0,0,5,4,3,['Circle' 'Electrum' 'Blockchain' 'Coinbase'],Circle,0,0,0,1,0,1,0,0,1,0,0,0,0,0,1,0,0,1,1
1051,Electrum,1,1,0,0,2,1,1,0,1,0,0,1,0,1,1,1,0,0,0,0,0,1,3,3,['Coinbase' 'Electrum' 'Blockchain' 'Circle'],Coinbase,0,0,1,0,0,1,0,0,1,0,0,0,0,0,0,1,0,1,1
1052,Circle,0,0,1,1,4,0,1,0,1,1,0,1,1,1,1,1,1,1,1,0,1,3,5,4,['Circle' 'Electrum' 'Coinbase' 'Blockchain'],Circle,0,0,0,1,0,1,0,0,0,0,1,0,1,0,0,0,0,1,1
1053,Blockchain,1,0,0,0,1,0,1,1,1,1,1,1,0,1,1,0,1,0,0,1,1,5,5,5,['Blockchain' 'Coinbase' 'Electrum' 'Circle'],Blockchain,1,0,0,0,0,0,1,0,0,1,0,0,0,0,0,1,1,0,1
1054,Blockchain,1,0,0,0,2,0,0,0,0,0,1,1,1,1,1,1,0,1,0,0,1,1,4,3,['Circle' 'Coinbase' 'Electrum' 'Blockchain'],Circle,0,0,0,1,0,0,1,0,0,1,0,0,1,0,0,0,0,1,1
1055,Blockchain,1,0,0,0,2,1,1,0,1,1,0,1,1,1,0,0,1,1,1,0,1,2,2,2,['Blockchain' 'Coinbase' 'Circle' 'Electrum'],Blockchain,1,0,0,0,0,0,1,0,0,0,0,1,0,1,0,0,1,0,1
1056,Coinbase,0,0,1,1,4,1,0,0,1,1,0,0,1,0,1,1,1,0,0,1,1,3,1,1,['Blockchain' 'Circle' 'Electrum' 'Coinbase'],Blockchain,1,0,0,0,0,0,0,1,0,1,0,0,0,0,1,0,1,0,1
1057,Electrum,1,1,0,0,2,1,1,1,0,0,0,0,0,1,0,1,1,1,0,1,1,5,2,4,['Circle' 'Blockchain' 'Electrum' 'Coinbase'],Circle,0,0,0,1,1,0,0,0,0,1,0,0,0,0,1,0,0,1,1
1058,Blockchain,1,0,0,0,3,1,0,0,1,0,1,0,0,0,1,1,1,1,0,1,1,4,4,3,['Coinbase' 'Electrum' 'Blockchain' 'Circle'],Coinbase,0,0,1,0,0,1,0,0,1,0,0,0,0,0,0,1,0,1,1
1059,Blockchain,1,0,0,0,3,0,1,0,1,1,0,0,1,0,0,0,0,0,1,1,1,5,3,5,['Circle' 'Blockchain' 'Electrum' 'Coinbase'],Circle,0,0,0,1,1,0,0,0,0,1,0,0,0,0,1,0,0,1,1
1060,Coinbase,0,0,1,1,3,1,0,0,0,1,1,0,0,0,1,1,0,0,1,1,1,3,5,3,['Circle' 'Coinbase' 'Electrum' 'Blockchain'],Circle,0,0,0,1,0,0,1,0,0,1,0,0,1,0,0,0,0,1,1
1061,Coinbase,0,0,1,1,3,0,1,0,0,0,0,1,0,1,0,0,1,0,1,1,1,4,5,1,['Blockchain' 'Coinbase' 'Electrum' 'Circle'],Blockchain,1,0,0,0,0,0,1,0,0,1,0,0,0,0,0,1,1,0,1
1062,Circle,0,0,1,1,4,1,0,1,0,1,0,1,0,1,1,1,0,0,0,0,0,5,2,4,['Electrum' 'Blockchain' 'Coinbase' 'Circle'],Electrum,0,1,0,0,1,0,0,0,0,0,1,0,0,0,0,1,1,0,0
1063,Circle,0,0,1,1,4,0,0,1,0,0,1,1,1,0,0,1,0,1,0,1,1,1,4,4,['Electrum' 'Coinbase' 'Blockchain' 'Circle'],Electrum,0,1,0,0,0,0,1,0,1,0,0,0,0,0,0,1,1,0,0
1064,Coinbase,0,0,1,1,4,1,1,1,1,1,1,0,1,0,0,0,0,1,1,0,0,2,4,5,['Coinbase' 'Circle' 'Blockchain' 'Electrum'],Coinbase,0,0,1,0,0,0,0,1,1,0,0,0,0,1,0,0,0,1,1
1065,Blockchain,1,0,0,0,1,0,0,1,0,1,0,0,0,1,1,1,1,0,1,1,0,5,4,1,['Electrum' 'Blockchain' 'Coinbase' 'Circle'],Electrum,0,1,0,0,1,0,0,0,0,0,1,0,0,0,0,1,1,0,0
1066,Coinbase,0,0,1,1,3,0,0,1,0,1,1,0,1,1,0,1,0,1,1,1,0,5,5,1,['Coinbase' 'Electrum' 'Circle' 'Blockchain'],Coinbase,0,0,1,0,0,1,0,0,0,0,0,1,1,0,0,0,0,1,1
1067,Circle,0,0,1,1,3,1,0,0,1,0,1,1,0,0,0,1,1,0,0,0,1,3,4,1,['Electrum' 'Circle' 'Coinbase' 'Blockchain'],Electrum,0,1,0,0,0,0,0,1,0,0,1,0,1,0,0,0,1,0,0
1068,Circle,0,0,1,1,1,1,1,1,1,1,0,0,1,1,1,1,0,0,1,0,0,2,4,1,['Circle' 'Blockchain' 'Coinbase' 'Electrum'],Circle,0,0,0,1,1,0,0,0,0,0,1,0,0,1,0,0,0,1,1
1069,Electrum,1,1,0,0,2,0,1,0,1,1,0,1,0,0,0,0,0,1,1,1,0,1,4,3,['Blockchain' 'Electrum' 'Coinbase' 'Circle'],Blockchain,1,0,0,0,0,1,0,0,0,0,1,0,0,0,0,1,1,0,1
1070,Blockchain,1,0,0,0,2,1,1,1,1,1,1,1,0,1,1,0,0,0,1,1,0,1,3,4,['Coinbase' 'Circle' 'Electrum' 'Blockchain'],Coinbase,0,0,1,0,0,0,0,1,0,1,0,0,1,0,0,0,0,1,1
1071,Coinbase,0,0,1,1,1,0,1,1,0,1,0,0,1,0,1,0,1,1,1,1,0,5,4,5,['Blockchain' 'Circle' 'Coinbase' 'Electrum'],Blockchain,1,0,0,0,0,0,0,1,0,0,1,0,0,1,0,0,1,0,1
1072,Blockchain,1,0,0,0,1,0,0,1,1,1,0,1,1,1,1,1,0,0,1,0,0,4,1,5,['Coinbase' 'Electrum' 'Circle' 'Blockchain'],Coinbase,0,0,1,0,0,1,0,0,0,0,0,1,1,0,0,0,0,1,1
1073,Circle,0,0,1,1,3,0,1,0,1,1,1,0,1,1,0,1,0,1,0,1,1,2,5,5,['Electrum' 'Blockchain' 'Circle' 'Coinbase'],Electrum,0,1,0,0,1,0,0,0,0,0,0,1,0,0,1,0,1,0,0
1074,Coinbase,0,0,1,1,4,0,0,1,0,0,1,0,0,0,0,1,1,1,0,0,1,3,4,3,['Circle' 'Electrum' 'Blockchain' 'Coinbase'],Circle,0,0,0,1,0,1,0,0,1,0,0,0,0,0,1,0,0,1,1
1075,Circle,0,0,1,1,3,0,1,1,0,1,0,1,0,1,1,0,0,1,0,1,1,4,2,1,['Circle' 'Blockchain' 'Electrum' 'Coinbase'],Circle,0,0,0,1,1,0,0,0,0,1,0,0,0,0,1,0,0,1,1
1076,Coinbase,0,0,1,1,4,1,0,0,1,0,0,0,1,0,1,0,0,0,0,0,1,2,3,2,['Circle' 'Coinbase' 'Electrum' 'Blockchain'],Circle,0,0,0,1,0,0,1,0,0,1,0,0,1,0,0,0,0,1,1
1077,Blockchain,1,0,0,0,1,0,0,0,0,0,0,0,0,1,0,1,0,0,0,0,0,5,3,4,['Coinbase' 'Circle' 'Electrum' 'Blockchain'],Coinbase,0,0,1,0,0,0,0,1,0,1,0,0,1,0,0,0,0,1,1
1078,Blockchain,1,0,0,0,1,0,1,0,1,0,0,0,0,0,0,1,1,0,1,1,1,4,4,3,['Circle' 'Coinbase' 'Electrum' 'Blockchain'],Circle,0,0,0,1,0,0,1,0,0,1,0,0,1,0,0,0,0,1,1
1079,Electrum,1,1,0,0,4,0,1,1,1,0,0,0,0,1,1,0,0,0,1,1,1,4,3,5,['Blockchain' 'Coinbase' 'Electrum' 'Circle'],Blockchain,1,0,0,0,0,0,1,0,0,1,0,0,0,0,0,1,1,0,1
1080,Circle,0,0,1,1,2,1,0,0,1,0,1,1,1,1,1,1,1,1,0,0,0,2,1,1,['Coinbase' 'Electrum' 'Blockchain' 'Circle'],Coinbase,0,0,1,0,0,1,0,0,1,0,0,0,0,0,0,1,0,1,1
1081,Coinbase,0,0,1,1,3,0,1,1,1,0,1,1,0,1,0,0,1,0,0,0,1,2,5,1,['Blockchain' 'Electrum' 'Circle' 'Coinbase'],Blockchain,1,0,0,0,0,1,0,0,0,0,0,1,0,0,1,0,1,0,1
1082,Circle,0,0,1,1,1,1,1,0,1,0,0,0,1,1,0,0,1,0,0,1,1,4,5,3,['Electrum' 'Coinbase' 'Circle' 'Blockchain'],Electrum,0,1,0,0,0,0,1,0,0,0,0,1,1,0,0,0,1,0,0
1083,Circle,0,0,1,1,4,1,1,1,1,1,0,1,1,0,0,1,0,1,0,0,1,2,3,1,['Blockchain' 'Circle' 'Coinbase' 'Electrum'],Blockchain,1,0,0,0,0,0,0,1,0,0,1,0,0,1,0,0,1,0,1
1084,Circle,0,0,1,1,1,0,0,0,0,0,0,1,0,0,0,0,1,0,1,0,0,5,1,1,['Electrum' 'Coinbase' 'Blockchain' 'Circle'],Electrum,0,1,0,0,0,0,1,0,1,0,0,0,0,0,0,1,1,0,0
1085,Coinbase,0,0,1,1,4,0,1,1,1,0,0,1,0,1,1,0,0,0,1,0,1,3,2,5,['Electrum' 'Blockchain' 'Coinbase' 'Circle'],Electrum,0,1,0,0,1,0,0,0,0,0,1,0,0,0,0,1,1,0,0
1086,Circle,0,0,1,1,4,1,1,0,0,0,1,0,1,0,1,0,1,1,0,1,0,5,4,2,['Circle' 'Blockchain' 'Coinbase' 'Electrum'],Circle,0,0,0,1,1,0,0,0,0,0,1,0,0,1,0,0,0,1,1
1087,Coinbase,0,0,1,1,2,0,1,0,1,1,0,0,1,0,1,1,0,0,0,0,0,1,3,3,['Coinbase' 'Blockchain' 'Circle' 'Electrum'],Coinbase,0,0,1,0,1,0,0,0,0,0,0,1,0,1,0,0,0,1,1
1088,Coinbase,0,0,1,1,2,0,0,1,1,1,0,0,0,1,0,0,0,1,0,0,1,5,1,4,['Circle' 'Blockchain' 'Electrum' 'Coinbase'],Circle,0,0,0,1,1,0,0,0,0,1,0,0,0,0,1,0,0,1,1
1089,Blockchain,1,0,0,0,4,0,1,0,0,1,1,0,1,0,0,0,0,0,1,1,0,3,5,2,['Coinbase' 'Circle' 'Electrum' 'Blockchain'],Coinbase,0,0,1,0,0,0,0,1,0,1,0,0,1,0,0,0,0,1,1
1090,Electrum,1,1,0,0,4,1,1,0,1,1,1,1,0,0,1,1,1,1,0,1,0,1,2,1,['Electrum' 'Blockchain' 'Coinbase' 'Circle'],Electrum,0,1,0,0,1,0,0,0,0,0,1,0,0,0,0,1,1,0,0
1091,Coinbase,0,0,1,1,1,0,0,0,0,1,0,0,0,0,1,0,0,1,1,0,0,1,5,1,['Circle' 'Blockchain' 'Electrum' 'Coinbase'],Circle,0,0,0,1,1,0,0,0,0,1,0,0,0,0,1,0,0,1,1
1092,Electrum,1,1,0,0,2,1,0,0,1,1,0,0,1,0,1,0,0,0,1,0,1,2,1,2,['Circle' 'Electrum' 'Blockchain' 'Coinbase'],Circle,0,0,0,1,0,1,0,0,1,0,0,0,0,0,1,0,0,1,1
1093,Coinbase,0,0,1,1,3,0,1,0,0,1,0,1,1,1,1,1,0,0,0,0,1,1,2,2,['Blockchain' 'Circle' 'Electrum' 'Coinbase'],Blockchain,1,0,0,0,0,0,0,1,0,1,0,0,0,0,1,0,1,0,1
1094,Coinbase,0,0,1,1,3,0,0,1,0,1,0,0,1,0,1,1,0,0,0,1,1,3,2,2,['Electrum' 'Blockchain' 'Circle' 'Coinbase'],Electrum,0,1,0,0,1,0,0,0,0,0,0,1,0,0,1,0,1,0,0
1095,Electrum,1,1,0,0,1,0,0,1,1,0,0,1,0,1,1,1,1,1,1,0,1,5,1,4,['Circle' 'Blockchain' 'Electrum' 'Coinbase'],Circle,0,0,0,1,1,0,0,0,0,1,0,0,0,0,1,0,0,1,1
1096,Circle,0,0,1,1,2,0,0,1,1,0,1,1,0,1,0,1,0,1,0,0,0,5,1,4,['Coinbase' 'Blockchain' 'Electrum' 'Circle'],Coinbase,0,0,1,0,1,0,0,0,0,1,0,0,0,0,0,1,0,1,1
1097,Coinbase,0,0,1,1,2,0,1,1,1,1,0,0,0,1,1,0,1,0,1,1,0,2,5,3,['Blockchain' 'Coinbase' 'Circle' 'Electrum'],Blockchain,1,0,0,0,0,0,1,0,0,0,0,1,0,1,0,0,1,0,1
1098,Coinbase,0,0,1,1,1,1,1,1,0,1,1,1,0,0,1,1,0,1,0,0,0,2,4,4,['Electrum' 'Coinbase' 'Blockchain' 'Circle'],Electrum,0,1,0,0,0,0,1,0,1,0,0,0,0,0,0,1,1,0,0
1099,Coinbase,0,0,1,1,1,1,1,1,0,1,1,1,1,1,1,0,1,0,0,1,0,3,2,2,['Coinbase' 'Electrum' 'Blockchain' 'Circle'],Coinbase,0,0,1,0,0,1,0,0,1,0,0,0,0,0,0,1,0,1,1
1100,Blockchain,1,0,0,0,2,0,0,0,1,0,0,0,1,0,1,0,1,1,1,0,1,5,2,5,['Circle' 'Coinbase' 'Electrum' 'Blockchain'],Circle,0,0,0,1,0,0,1,0,0,1,0,0,1,0,0,0,0,1,1
1101,Blockchain,1,0,0,0,1,1,1,0,0,0,1,0,0,1,1,0,0,0,0,1,1,5,5,2,['Blockchain' 'Coinbase' 'Circle' 'Electrum'],Blockchain,1,0,0,0,0,0,1,0,0,0,0,1,0,1,0,0,1,0,1
1102,Coinbase,0,0,1,1,4,1,1,0,1,1,1,1,1,0,0,0,1,0,1,1,1,4,4,3,['Blockchain' 'Coinbase' 'Electrum' 'Circle'],Blockchain,1,0,0,0,0,0,1,0,0,1,0,0,0,0,0,1,1,0,1
1103,Coinbase,0,0,1,1,3,0,0,0,1,1,1,1,1,0,0,1,0,0,1,1,0,3,5,3,['Circle' 'Blockchain' 'Coinbase' 'Electrum'],Circle,0,0,0,1,1,0,0,0,0,0,1,0,0,1,0,0,0,1,1
1104,Blockchain,1,0,0,0,4,0,1,0,1,0,0,1,1,0,0,1,0,1,1,0,1,5,2,2,['Circle' 'Blockchain' 'Electrum' 'Coinbase'],Circle,0,0,0,1,1,0,0,0,0,1,0,0,0,0,1,0,0,1,1
1105,Coinbase,0,0,1,1,2,1,1,1,1,1,0,0,0,1,0,0,1,1,1,1,0,1,2,5,['Circle' 'Blockchain' 'Electrum' 'Coinbase'],Circle,0,0,0,1,1,0,0,0,0,1,0,0,0,0,1,0,0,1,1
1106,Circle,0,0,1,1,3,1,1,1,1,1,0,0,1,0,1,1,0,1,0,0,0,4,1,1,['Circle' 'Blockchain' 'Electrum' 'Coinbase'],Circle,0,0,0,1,1,0,0,0,0,1,0,0,0,0,1,0,0,1,1
1107,Electrum,1,1,0,0,3,0,0,1,1,1,1,0,1,1,1,1,1,1,0,0,0,1,3,4,['Blockchain' 'Electrum' 'Circle' 'Coinbase'],Blockchain,1,0,0,0,0,1,0,0,0,0,0,1,0,0,1,0,1,0,1
1108,Electrum,1,1,0,0,3,0,1,1,1,1,0,1,1,0,0,0,0,1,0,1,0,2,3,4,['Coinbase' 'Blockchain' 'Electrum' 'Circle'],Coinbase,0,0,1,0,1,0,0,0,0,1,0,0,0,0,0,1,0,1,1
1109,Coinbase,0,0,1,1,2,0,1,0,0,0,1,0,1,1,0,0,1,0,0,0,0,2,2,1,['Circle' 'Coinbase' 'Blockchain' 'Electrum'],Circle,0,0,0,1,0,0,1,0,1,0,0,0,0,1,0,0,0,1,1
1110,Electrum,1,1,0,0,1,1,1,1,1,0,0,0,0,0,0,0,1,1,1,1,0,3,2,2,['Blockchain' 'Coinbase' 'Circle' 'Electrum'],Blockchain,1,0,0,0,0,0,1,0,0,0,0,1,0,1,0,0,1,0,1
1111,Circle,0,0,1,1,1,0,1,1,0,0,0,0,1,0,1,1,1,0,1,0,1,3,2,5,['Circle' 'Electrum' 'Coinbase' 'Blockchain'],Circle,0,0,0,1,0,1,0,0,0,0,1,0,1,0,0,0,0,1,1
1112,Circle,0,0,1,1,2,1,0,1,1,0,1,1,1,1,0,0,0,0,1,1,0,1,3,5,['Blockchain' 'Electrum' 'Circle' 'Coinbase'],Blockchain,1,0,0,0,0,1,0,0,0,0,0,1,0,0,1,0,1,0,1
1113,Electrum,1,1,0,0,4,0,0,1,1,0,1,0,0,0,1,0,0,1,1,1,0,5,5,5,['Blockchain' 'Coinbase' 'Electrum' 'Circle'],Blockchain,1,0,0,0,0,0,1,0,0,1,0,0,0,0,0,1,1,0,1
1114,Blockchain,1,0,0,0,4,1,1,1,1,0,1,0,1,0,1,0,1,1,1,0,1,2,5,3,['Electrum' 'Blockchain' 'Circle' 'Coinbase'],Electrum,0,1,0,0,1,0,0,0,0,0,0,1,0,0,1,0,1,0,0
1115,Electrum,1,1,0,0,1,0,0,0,1,0,1,1,1,0,0,1,0,0,1,1,0,5,3,4,['Electrum' 'Circle' 'Coinbase' 'Blockchain'],Electrum,0,1,0,0,0,0,0,1,0,0,1,0,1,0,0,0,1,0,0
1116,Electrum,1,1,0,0,4,1,1,0,0,0,0,0,1,1,0,0,1,1,1,0,1,1,2,2,['Circle' 'Blockchain' 'Coinbase' 'Electrum'],Circle,0,0,0,1,1,0,0,0,0,0,1,0,0,1,0,0,0,1,1
1117,Electrum,1,1,0,0,2,1,0,1,0,1,0,1,1,1,0,1,0,0,1,1,0,4,1,2,['Coinbase' 'Circle' 'Electrum' 'Blockchain'],Coinbase,0,0,1,0,0,0,0,1,0,1,0,0,1,0,0,0,0,1,1
1118,Circle,0,0,1,1,2,1,0,1,1,0,0,0,0,0,1,0,1,1,1,0,0,4,2,1,['Circle' 'Coinbase' 'Blockchain' 'Electrum'],Circle,0,0,0,1,0,0,1,0,1,0,0,0,0,1,0,0,0,1,1
1119,Blockchain,1,0,0,0,4,0,0,1,0,0,1,1,1,0,1,1,1,0,0,1,1,3,1,4,['Circle' 'Blockchain' 'Electrum' 'Coinbase'],Circle,0,0,0,1,1,0,0,0,0,1,0,0,0,0,1,0,0,1,1
1120,Circle,0,0,1,1,4,1,0,0,1,1,0,1,0,1,1,1,0,1,1,0,0,1,3,4,['Blockchain' 'Electrum' 'Circle' 'Coinbase'],Blockchain,1,0,0,0,0,1,0,0,0,0,0,1,0,0,1,0,1,0,1
1121,Blockchain,1,0,0,0,3,1,0,1,0,0,0,0,0,1,1,1,0,1,1,1,1,4,4,3,['Electrum' 'Blockchain' 'Coinbase' 'Circle'],Electrum,0,1,0,0,1,0,0,0,0,0,1,0,0,0,0,1,1,0,0
1122,Coinbase,0,0,1,1,2,0,0,1,0,0,1,1,0,0,1,0,1,1,0,1,1,3,4,4,['Electrum' 'Circle' 'Blockchain' 'Coinbase'],Electrum,0,1,0,0,0,0,0,1,1,0,0,0,0,0,1,0,1,0,0
1123,Electrum,1,1,0,0,4,0,0,1,0,1,1,1,0,1,1,1,1,0,0,0,0,1,4,5,['Electrum' 'Circle' 'Coinbase' 'Blockchain'],Electrum,0,1,0,0,0,0,0,1,0,0,1,0,1,0,0,0,1,0,0
1124,Coinbase,0,0,1,1,3,0,0,0,0,1,0,0,0,0,1,0,1,0,0,0,0,4,3,1,['Circle' 'Blockchain' 'Electrum' 'Coinbase'],Circle,0,0,0,1,1,0,0,0,0,1,0,0,0,0,1,0,0,1,1
1125,Circle,0,0,1,1,3,1,0,1,0,0,0,0,1,1,0,0,0,0,0,0,1,1,2,2,['Circle' 'Blockchain' 'Electrum' 'Coinbase'],Circle,0,0,0,1,1,0,0,0,0,1,0,0,0,0,1,0,0,1,1
1126,Blockchain,1,0,0,0,1,1,0,1,1,0,1,0,0,0,1,0,1,1,1,0,1,3,4,3,['Blockchain' 'Coinbase' 'Electrum' 'Circle'],Blockchain,1,0,0,0,0,0,1,0,0,1,0,0,0,0,0,1,1,0,1
1127,Coinbase,0,0,1,1,1,1,0,1,1,0,1,0,1,0,0,1,1,1,0,1,1,5,1,3,['Coinbase' 'Circle' 'Electrum' 'Blockchain'],Coinbase,0,0,1,0,0,0,0,1,0,1,0,0,1,0,0,0,0,1,1
1128,Circle,0,0,1,1,3,0,1,1,1,0,0,0,0,0,1,1,0,0,1,1,0,3,4,5,['Electrum' 'Coinbase' 'Circle' 'Blockchain'],Electrum,0,1,0,0,0,0,1,0,0,0,0,1,1,0,0,0,1,0,0
1129,Blockchain,1,0,0,0,3,1,0,0,1,1,0,1,1,1,0,1,0,0,1,1,1,5,5,3,['Circle' 'Coinbase' 'Blockchain' 'Electrum'],Circle,0,0,0,1,0,0,1,0,1,0,0,0,0,1,0,0,0,1,1
1130,Circle,0,0,1,1,4,1,1,1,0,1,1,1,1,1,0,0,1,0,0,1,0,5,3,5,['Circle' 'Coinbase' 'Electrum' 'Blockchain'],Circle,0,0,0,1,0,0,1,0,0,1,0,0,1,0,0,0,0,1,1
1131,Blockchain,1,0,0,0,3,1,0,0,1,0,1,0,1,1,1,0,0,0,1,1,0,5,4,4,['Circle' 'Electrum' 'Coinbase' 'Blockchain'],Circle,0,0,0,1,0,1,0,0,0,0,1,0,1,0,0,0,0,1,1
1132,Circle,0,0,1,1,1,1,1,0,1,0,1,1,0,1,1,0,0,0,0,0,0,3,3,1,['Coinbase' 'Circle' 'Electrum' 'Blockchain'],Coinbase,0,0,1,0,0,0,0,1,0,1,0,0,1,0,0,0,0,1,1
1133,Blockchain,1,0,0,0,1,1,0,0,0,0,1,1,0,0,0,0,0,0,1,1,0,4,5,1,['Circle' 'Electrum' 'Blockchain' 'Coinbase'],Circle,0,0,0,1,0,1,0,0,1,0,0,0,0,0,1,0,0,1,1
1134,Blockchain,1,0,0,0,3,0,1,0,0,1,0,0,0,1,0,0,0,0,1,0,1,4,3,2,['Coinbase' 'Blockchain' 'Electrum' 'Circle'],Coinbase,0,0,1,0,1,0,0,0,0,1,0,0,0,0,0,1,0,1,1
1135,Blockchain,1,0,0,0,2,1,0,0,0,0,0,1,1,0,0,0,0,0,1,1,1,1,5,2,['Blockchain' 'Electrum' 'Coinbase' 'Circle'],Blockchain,1,0,0,0,0,1,0,0,0,0,1,0,0,0,0,1,1,0,1
1136,Blockchain,1,0,0,0,2,0,1,1,0,0,1,1,0,1,1,1,1,1,0,1,0,1,4,4,['Coinbase' 'Electrum' 'Circle' 'Blockchain'],Coinbase,0,0,1,0,0,1,0,0,0,0,0,1,1,0,0,0,0,1,1
1137,Circle,0,0,1,1,4,1,0,0,0,0,1,0,1,1,1,1,1,1,0,1,1,1,4,2,['Circle' 'Blockchain' 'Electrum' 'Coinbase'],Circle,0,0,0,1,1,0,0,0,0,1,0,0,0,0,1,0,0,1,1
1138,Electrum,1,1,0,0,3,1,0,0,1,1,0,1,1,1,0,0,1,0,0,0,0,3,2,5,['Blockchain' 'Circle' 'Electrum' 'Coinbase'],Blockchain,1,0,0,0,0,0,0,1,0,1,0,0,0,0,1,0,1,0,1
1139,Electrum,1,1,0,0,2,0,1,0,0,0,0,0,0,1,1,1,0,1,0,1,1,4,4,5,['Circle' 'Coinbase' 'Electrum' 'Blockchain'],Circle,0,0,0,1,0,0,1,0,0,1,0,0,1,0,0,0,0,1,1
1140,Coinbase,0,0,1,1,1,1,1,0,1,1,1,0,0,0,1,1,1,1,1,0,0,4,3,1,['Circle' 'Electrum' 'Blockchain' 'Coinbase'],Circle,0,0,0,1,0,1,0,0,1,0,0,0,0,0,1,0,0,1,1
1141,Coinbase,0,0,1,1,1,0,1,1,0,0,0,1,0,0,1,0,0,0,0,1,1,3,4,4,['Coinbase' 'Blockchain' 'Electrum' 'Circle'],Coinbase,0,0,1,0,1,0,0,0,0,1,0,0,0,0,0,1,0,1,1
1142,Blockchain,1,0,0,0,2,0,1,0,1,0,0,0,0,0,0,0,0,0,0,0,1,2,4,5,['Electrum' 'Coinbase' 'Circle' 'Blockchain'],Electrum,0,1,0,0,0,0,1,0,0,0,0,1,1,0,0,0,1,0,0
1143,Blockchain,1,0,0,0,4,0,1,0,1,1,1,1,0,0,0,1,0,0,0,1,1,2,2,2,['Coinbase' 'Circle' 'Electrum' 'Blockchain'],Coinbase,0,0,1,0,0,0,0,1,0,1,0,0,1,0,0,0,0,1,1
1144,Circle,0,0,1,1,3,0,0,1,1,1,1,0,0,1,0,1,1,1,0,0,1,2,5,2,['Blockchain' 'Electrum' 'Circle' 'Coinbase'],Blockchain,1,0,0,0,0,1,0,0,0,0,0,1,0,0,1,0,1,0,1
1145,Circle,0,0,1,1,4,0,1,0,0,0,1,0,1,0,1,1,1,1,0,0,1,2,3,1,['Circle' 'Blockchain' 'Electrum' 'Coinbase'],Circle,0,0,0,1,1,0,0,0,0,1,0,0,0,0,1,0,0,1,1
1146,Circle,0,0,1,1,4,0,1,0,1,0,0,0,0,1,0,0,1,0,0,0,1,5,1,4,['Coinbase' 'Circle' 'Electrum' 'Blockchain'],Coinbase,0,0,1,0,0,0,0,1,0,1,0,0,1,0,0,0,0,1,1
1147,Blockchain,1,0,0,0,2,0,1,1,0,1,1,1,0,1,0,0,0,0,0,0,1,5,2,2,['Electrum' 'Circle' 'Coinbase' 'Blockchain'],Electrum,0,1,0,0,0,0,0,1,0,0,1,0,1,0,0,0,1,0,0
1148,Circle,0,0,1,1,4,1,1,0,0,0,0,0,1,0,1,1,0,0,0,0,1,3,4,5,['Blockchain' 'Coinbase' 'Electrum' 'Circle'],Blockchain,1,0,0,0,0,0,1,0,0,1,0,0,0,0,0,1,1,0,1
1149,Blockchain,1,0,0,0,3,0,0,1,1,1,1,1,0,0,0,1,0,0,1,1,0,3,3,1,['Circle' 'Coinbase' 'Electrum' 'Blockchain'],Circle,0,0,0,1,0,0,1,0,0,1,0,0,1,0,0,0,0,1,1
1150,Electrum,1,1,0,0,3,0,0,1,1,1,0,1,0,0,0,1,0,1,0,0,1,2,1,2,['Coinbase' 'Circle' 'Electrum' 'Blockchain'],Coinbase,0,0,1,0,0,0,0,1,0,1,0,0,1,0,0,0,0,1,1
1151,Blockchain,1,0,0,0,4,1,1,0,1,1,0,1,0,0,0,0,1,0,0,1,0,3,1,1,['Coinbase' 'Blockchain' 'Electrum' 'Circle'],Coinbase,0,0,1,0,1,0,0,0,0,1,0,0,0,0,0,1,0,1,1
1152,Blockchain,1,0,0,0,1,0,1,1,0,1,1,1,1,1,0,1,1,0,0,1,0,3,5,5,['Blockchain' 'Circle' 'Electrum' 'Coinbase'],Blockchain,1,0,0,0,0,0,0,1,0,1,0,0,0,0,1,0,1,0,1
1153,Coinbase,0,0,1,1,3,1,0,0,1,1,0,0,1,1,1,0,1,1,1,1,0,3,4,5,['Electrum' 'Coinbase' 'Circle' 'Blockchain'],Electrum,0,1,0,0,0,0,1,0,0,0,0,1,1,0,0,0,1,0,0
1154,Circle,0,0,1,1,4,0,1,1,0,0,1,1,1,0,1,0,0,1,0,0,0,4,4,4,['Coinbase' 'Electrum' 'Blockchain' 'Circle'],Coinbase,0,0,1,0,0,1,0,0,1,0,0,0,0,0,0,1,0,1,1
1155,Blockchain,1,0,0,0,1,0,0,0,1,1,0,0,0,0,0,1,0,0,0,0,0,3,5,3,['Blockchain' 'Circle' 'Coinbase' 'Electrum'],Blockchain,1,0,0,0,0,0,0,1,0,0,1,0,0,1,0,0,1,0,1
1156,Coinbase,0,0,1,1,2,0,0,0,1,1,1,0,1,0,1,1,1,0,0,0,1,2,2,5,['Blockchain' 'Electrum' 'Circle' 'Coinbase'],Blockchain,1,0,0,0,0,1,0,0,0,0,0,1,0,0,1,0,1,0,1
1157,Electrum,1,1,0,0,1,1,1,0,0,0,0,0,1,0,1,0,0,0,0,0,0,1,2,2,['Electrum' 'Circle' 'Blockchain' 'Coinbase'],Electrum,0,1,0,0,0,0,0,1,1,0,0,0,0,0,1,0,1,0,0
1158,Coinbase,0,0,1,1,3,1,0,1,0,0,0,1,1,1,0,1,0,1,1,0,0,3,4,1,['Circle' 'Blockchain' 'Electrum' 'Coinbase'],Circle,0,0,0,1,1,0,0,0,0,1,0,0,0,0,1,0,0,1,1
1159,Circle,0,0,1,1,4,0,1,0,1,1,0,1,1,0,0,1,1,1,0,0,0,2,4,4,['Circle' 'Blockchain' 'Coinbase' 'Electrum'],Circle,0,0,0,1,1,0,0,0,0,0,1,0,0,1,0,0,0,1,1
1160,Blockchain,1,0,0,0,2,1,0,1,0,0,1,0,0,0,0,1,0,0,0,1,0,4,3,3,['Electrum' 'Blockchain' 'Circle' 'Coinbase'],Electrum,0,1,0,0,1,0,0,0,0,0,0,1,0,0,1,0,1,0,0
1161,Blockchain,1,0,0,0,4,0,1,0,1,0,0,1,1,0,0,0,0,1,0,1,1,1,1,1,['Circle' 'Electrum' 'Blockchain' 'Coinbase'],Circle,0,0,0,1,0,1,0,0,1,0,0,0,0,0,1,0,0,1,1
1162,Circle,0,0,1,1,4,1,1,0,0,0,1,0,1,1,1,0,1,0,1,1,0,3,3,5,['Blockchain' 'Circle' 'Electrum' 'Coinbase'],Blockchain,1,0,0,0,0,0,0,1,0,1,0,0,0,0,1,0,1,0,1
1163,Coinbase,0,0,1,1,1,1,0,0,1,1,0,1,0,1,0,0,1,1,0,1,0,3,2,5,['Coinbase' 'Electrum' 'Circle' 'Blockchain'],Coinbase,0,0,1,0,0,1,0,0,0,0,0,1,1,0,0,0,0,1,1
1164,Blockchain,1,0,0,0,1,0,1,0,1,0,0,1,1,1,0,0,0,0,0,1,1,4,5,5,['Coinbase' 'Circle' 'Electrum' 'Blockchain'],Coinbase,0,0,1,0,0,0,0,1,0,1,0,0,1,0,0,0,0,1,1
1165,Coinbase,0,0,1,1,4,1,0,1,1,1,1,0,1,0,0,1,0,0,0,1,1,5,1,4,['Blockchain' 'Circle' 'Electrum' 'Coinbase'],Blockchain,1,0,0,0,0,0,0,1,0,1,0,0,0,0,1,0,1,0,1
1166,Coinbase,0,0,1,1,1,1,1,0,1,1,1,0,0,1,0,1,0,1,0,1,1,5,4,1,['Coinbase' 'Electrum' 'Blockchain' 'Circle'],Coinbase,0,0,1,0,0,1,0,0,1,0,0,0,0,0,0,1,0,1,1
1167,Electrum,1,1,0,0,2,1,0,1,1,0,0,1,1,1,1,0,0,0,1,0,1,5,3,1,['Electrum' 'Coinbase' 'Blockchain' 'Circle'],Electrum,0,1,0,0,0,0,1,0,1,0,0,0,0,0,0,1,1,0,0
1168,Circle,0,0,1,1,4,1,1,0,1,1,0,1,0,0,0,0,1,1,1,0,0,4,3,2,['Blockchain' 'Coinbase' 'Circle' 'Electrum'],Blockchain,1,0,0,0,0,0,1,0,0,0,0,1,0,1,0,0,1,0,1
1169,Blockchain,1,0,0,0,3,1,1,0,0,0,1,1,1,1,1,0,1,1,1,1,0,3,4,1,['Circle' 'Coinbase' 'Blockchain' 'Electrum'],Circle,0,0,0,1,0,0,1,0,1,0,0,0,0,1,0,0,0,1,1
1170,Electrum,1,1,0,0,1,1,0,1,1,0,1,0,0,0,0,1,1,0,0,1,0,2,3,1,['Blockchain' 'Circle' 'Electrum' 'Coinbase'],Blockchain,1,0,0,0,0,0,0,1,0,1,0,0,0,0,1,0,1,0,1
1171,Coinbase,0,0,1,1,4,1,1,1,1,1,1,1,0,1,1,1,1,0,1,1,1,3,1,1,['Circle' 'Blockchain' 'Electrum' 'Coinbase'],Circle,0,0,0,1,1,0,0,0,0,1,0,0,0,0,1,0,0,1,1
1172,Blockchain,1,0,0,0,2,0,1,1,0,1,1,1,0,0,1,1,0,0,1,0,1,3,2,1,['Blockchain' 'Coinbase' 'Electrum' 'Circle'],Blockchain,1,0,0,0,0,0,1,0,0,1,0,0,0,0,0,1,1,0,1
1173,Blockchain,1,0,0,0,2,0,0,0,0,0,0,1,0,0,0,0,1,1,1,1,1,3,2,4,['Blockchain' 'Electrum' 'Circle' 'Coinbase'],Blockchain,1,0,0,0,0,1,0,0,0,0,0,1,0,0,1,0,1,0,1
1174,Coinbase,0,0,1,1,2,0,0,0,0,0,1,1,0,1,1,1,1,1,1,0,1,5,5,4,['Blockchain' 'Coinbase' 'Electrum' 'Circle'],Blockchain,1,0,0,0,0,0,1,0,0,1,0,0,0,0,0,1,1,0,1
1175,Coinbase,0,0,1,1,3,1,0,1,0,0,0,0,1,1,0,1,0,0,0,0,1,3,2,2,['Circle' 'Coinbase' 'Electrum' 'Blockchain'],Circle,0,0,0,1,0,0,1,0,0,1,0,0,1,0,0,0,0,1,1
1176,Circle,0,0,1,1,3,0,1,1,1,1,0,0,0,1,0,1,1,0,1,0,0,1,1,5,['Electrum' 'Circle' 'Blockchain' 'Coinbase'],Electrum,0,1,0,0,0,0,0,1,1,0,0,0,0,0,1,0,1,0,0
1177,Electrum,1,1,0,0,3,1,1,0,1,0,0,0,1,1,0,1,1,1,0,1,1,1,4,3,['Coinbase' 'Blockchain' 'Circle' 'Electrum'],Coinbase,0,0,1,0,1,0,0,0,0,0,0,1,0,1,0,0,0,1,1
1178,Electrum,1,1,0,0,3,0,1,0,0,0,0,0,1,1,0,1,1,1,1,1,1,2,1,4,['Electrum' 'Circle' 'Blockchain' 'Coinbase'],Electrum,0,1,0,0,0,0,0,1,1,0,0,0,0,0,1,0,1,0,0
1179,Blockchain,1,0,0,0,1,0,1,1,1,0,0,1,0,1,0,0,1,0,1,0,1,4,1,3,['Coinbase' 'Circle' 'Blockchain' 'Electrum'],Coinbase,0,0,1,0,0,0,0,1,1,0,0,0,0,1,0,0,0,1,1
1180,Coinbase,0,0,1,1,1,0,1,1,0,1,1,1,1,0,1,0,0,0,1,1,1,4,1,4,['Coinbase' 'Circle' 'Electrum' 'Blockchain'],Coinbase,0,0,1,0,0,0,0,1,0,1,0,0,1,0,0,0,0,1,1
1181,Circle,0,0,1,1,3,0,0,0,0,1,1,0,0,0,0,1,1,1,0,0,0,3,2,2,['Circle' 'Coinbase' 'Blockchain' 'Electrum'],Circle,0,0,0,1,0,0,1,0,1,0,0,0,0,1,0,0,0,1,1
1182,Electrum,1,1,0,0,1,0,0,1,1,0,1,1,0,0,0,1,1,0,0,0,1,1,5,5,['Blockchain' 'Coinbase' 'Circle' 'Electrum'],Blockchain,1,0,0,0,0,0,1,0,0,0,0,1,0,1,0,0,1,0,1
1183,Blockchain,1,0,0,0,2,1,0,0,1,1,1,0,0,0,0,1,1,0,1,1,0,1,4,4,['Coinbase' 'Electrum' 'Blockchain' 'Circle'],Coinbase,0,0,1,0,0,1,0,0,1,0,0,0,0,0,0,1,0,1,1
1184,Blockchain,1,0,0,0,4,1,1,0,0,0,1,1,0,1,1,0,0,0,1,0,0,4,5,2,['Electrum' 'Blockchain' 'Coinbase' 'Circle'],Electrum,0,1,0,0,1,0,0,0,0,0,1,0,0,0,0,1,1,0,0
1185,Electrum,1,1,0,0,2,0,1,1,0,1,1,1,0,1,1,0,0,1,0,0,1,5,1,3,['Coinbase' 'Electrum' 'Circle' 'Blockchain'],Coinbase,0,0,1,0,0,1,0,0,0,0,0,1,1,0,0,0,0,1,1
1186,Blockchain,1,0,0,0,3,0,1,1,1,1,0,1,1,0,0,1,0,1,1,0,1,2,4,1,['Coinbase' 'Circle' 'Blockchain' 'Electrum'],Coinbase,0,0,1,0,0,0,0,1,1,0,0,0,0,1,0,0,0,1,1
1187,Blockchain,1,0,0,0,1,1,0,1,1,1,0,0,0,0,0,1,1,0,1,0,1,2,1,5,['Electrum' 'Circle' 'Coinbase' 'Blockchain'],Electrum,0,1,0,0,0,0,0,1,0,0,1,0,1,0,0,0,1,0,0
1188,Coinbase,0,0,1,1,4,0,0,0,0,0,0,0,0,0,0,0,0,0,0,1,1,1,2,5,['Blockchain' 'Coinbase' 'Circle' 'Electrum'],Blockchain,1,0,0,0,0,0,1,0,0,0,0,1,0,1,0,0,1,0,1
1189,Circle,0,0,1,1,4,1,0,1,0,1,0,0,0,0,1,0,1,1,0,1,0,2,1,4,['Coinbase' 'Electrum' 'Blockchain' 'Circle'],Coinbase,0,0,1,0,0,1,0,0,1,0,0,0,0,0,0,1,0,1,1
1190,Electrum,1,1,0,0,1,0,1,1,1,0,0,0,1,0,1,1,1,1,1,1,0,4,2,4,['Coinbase' 'Blockchain' 'Electrum' 'Circle'],Coinbase,0,0,1,0,1,0,0,0,0,1,0,0,0,0,0,1,0,1,1
1191,Circle,0,0,1,1,4,0,0,1,0,1,0,0,1,1,1,1,0,1,0,1,1,3,3,1,['Electrum' 'Blockchain' 'Coinbase' 'Circle'],Electrum,0,1,0,0,1,0,0,0,0,0,1,0,0,0,0,1,1,0,0
1192,Coinbase,0,0,1,1,3,1,0,1,1,1,1,0,0,1,0,0,1,1,1,1,0,2,4,5,['Circle' 'Electrum' 'Coinbase' 'Blockchain'],Circle,0,0,0,1,0,1,0,0,0,0,1,0,1,0,0,0,0,1,1
1193,Blockchain,1,0,0,0,2,0,0,1,0,1,0,1,1,1,0,0,0,1,1,1,1,2,1,2,['Electrum' 'Circle' 'Blockchain' 'Coinbase'],Electrum,0,1,0,0,0,0,0,1,1,0,0,0,0,0,1,0,1,0,0
1194,Electrum,1,1,0,0,2,1,0,0,1,0,0,0,1,1,1,0,1,0,0,1,0,2,3,5,['Blockchain' 'Circle' 'Electrum' 'Coinbase'],Blockchain,1,0,0,0,0,0,0,1,0,1,0,0,0,0,1,0,1,0,1
1195,Electrum,1,1,0,0,3,0,1,0,0,1,1,0,0,1,0,0,0,1,0,0,1,4,5,3,['Circle' 'Coinbase' 'Electrum' 'Blockchain'],Circle,0,0,0,1,0,0,1,0,0,1,0,0,1,0,0,0,0,1,1
1196,Electrum,1,1,0,0,4,1,0,0,1,1,0,1,0,1,1,0,1,0,1,1,1,2,3,3,['Blockchain' 'Coinbase' 'Circle' 'Electrum'],Blockchain,1,0,0,0,0,0,1,0,0,0,0,1,0,1,0,0,1,0,1
1197,Circle,0,0,1,1,4,0,1,0,1,0,0,1,1,0,1,1,1,1,0,0,1,1,3,1,['Electrum' 'Circle' 'Blockchain' 'Coinbase'],Electrum,0,1,0,0,0,0,0,1,1,0,0,0,0,0,1,0,1,0,0
1198,Coinbase,0,0,1,1,1,0,1,0,1,1,0,1,0,0,0,0,0,1,1,0,1,2,3,3,['Blockchain' 'Circle' 'Electrum' 'Coinbase'],Blockchain,1,0,0,0,0,0,0,1,0,1,0,0,0,0,1,0,1,0,1
1199,Electrum,1,1,0,0,1,1,1,1,1,1,1,0,0,0,1,1,1,0,1,0,1,1,5,2,['Coinbase' 'Circle' 'Electrum' 'Blockchain'],Coinbase,0,0,1,0,0,0,0,1,0,1,0,0,1,0,0,0,0,1,1
1200,Coinbase,0,0,1,1,3,1,0,1,1,0,0,1,1,0,1,0,0,0,1,1,1,4,1,4,['Electrum' 'Circle' 'Blockchain' 'Coinbase'],Electrum,0,1,0,0,0,0,0,1,1,0,0,0,0,0,1,0,1,0,0
1201,Circle,0,0,1,1,4,1,0,0,1,0,1,0,0,1,1,0,1,0,1,1,0,1,3,1,['Electrum' 'Coinbase' 'Blockchain' 'Circle'],Electrum,0,1,0,0,0,0,1,0,1,0,0,0,0,0,0,1,1,0,0
1202,Blockchain,1,0,0,0,4,1,1,1,1,0,1,1,1,1,1,1,0,0,0,0,1,1,5,1,['Circle' 'Blockchain' 'Coinbase' 'Electrum'],Circle,0,0,0,1,1,0,0,0,0,0,1,0,0,1,0,0,0,1,1
1203,Blockchain,1,0,0,0,1,1,0,1,1,1,1,1,1,1,1,0,1,1,0,0,0,3,2,1,['Blockchain' 'Coinbase' 'Circle' 'Electrum'],Blockchain,1,0,0,0,0,0,1,0,0,0,0,1,0,1,0,0,1,0,1
1204,Blockchain,1,0,0,0,4,0,0,1,0,0,0,0,0,0,1,1,1,1,0,1,1,5,4,1,['Electrum' 'Circle' 'Blockchain' 'Coinbase'],Electrum,0,1,0,0,0,0,0,1,1,0,0,0,0,0,1,0,1,0,0
1205,Electrum,1,1,0,0,1,0,1,1,0,0,1,0,1,1,1,1,1,0,1,1,0,1,5,1,['Circle' 'Electrum' 'Blockchain' 'Coinbase'],Circle,0,0,0,1,0,1,0,0,1,0,0,0,0,0,1,0,0,1,1
1206,Blockchain,1,0,0,0,1,1,1,0,1,1,0,0,1,0,0,0,1,0,0,0,1,1,1,5,['Blockchain' 'Circle' 'Electrum' 'Coinbase'],Blockchain,1,0,0,0,0,0,0,1,0,1,0,0,0,0,1,0,1,0,1
1207,Blockchain,1,0,0,0,4,0,1,1,0,0,1,1,0,1,0,1,1,1,1,1,0,3,1,2,['Electrum' 'Coinbase' 'Circle' 'Blockchain'],Electrum,0,1,0,0,0,0,1,0,0,0,0,1,1,0,0,0,1,0,0
1208,Coinbase,0,0,1,1,1,1,1,0,1,0,1,0,0,0,1,0,1,0,1,0,1,1,3,2,['Electrum' 'Coinbase' 'Circle' 'Blockchain'],Electrum,0,1,0,0,0,0,1,0,0,0,0,1,1,0,0,0,1,0,0
1209,Blockchain,1,0,0,0,1,1,0,1,1,0,0,0,0,0,1,1,0,0,1,1,1,1,2,1,['Electrum' 'Circle' 'Coinbase' 'Blockchain'],Electrum,0,1,0,0,0,0,0,1,0,0,1,0,1,0,0,0,1,0,0
1210,Blockchain,1,0,0,0,1,1,0,1,0,0,0,1,1,0,0,1,1,1,0,0,0,1,2,4,['Blockchain' 'Coinbase' 'Circle' 'Electrum'],Blockchain,1,0,0,0,0,0,1,0,0,0,0,1,0,1,0,0,1,0,1
1211,Electrum,1,1,0,0,3,1,1,0,1,0,1,0,0,0,1,1,0,0,0,1,0,5,3,1,['Electrum' 'Circle' 'Blockchain' 'Coinbase'],Electrum,0,1,0,0,0,0,0,1,1,0,0,0,0,0,1,0,1,0,0
1212,Coinbase,0,0,1,1,2,1,0,0,0,0,1,0,0,1,0,0,0,0,1,1,0,2,2,4,['Blockchain' 'Electrum' 'Circle' 'Coinbase'],Blockchain,1,0,0,0,0,1,0,0,0,0,0,1,0,0,1,0,1,0,1
1213,Electrum,1,1,0,0,3,0,1,0,0,1,1,0,1,0,1,1,0,0,1,0,0,2,1,2,['Electrum' 'Blockchain' 'Coinbase' 'Circle'],Electrum,0,1,0,0,1,0,0,0,0,0,1,0,0,0,0,1,1,0,0
1214,Coinbase,0,0,1,1,1,0,1,0,1,0,1,0,0,1,1,1,1,1,0,1,0,4,3,3,['Coinbase' 'Circle' 'Blockchain' 'Electrum'],Coinbase,0,0,1,0,0,0,0,1,1,0,0,0,0,1,0,0,0,1,1
1215,Coinbase,0,0,1,1,2,0,1,0,1,0,1,1,0,0,1,1,1,0,0,1,1,3,1,3,['Circle' 'Coinbase' 'Electrum' 'Blockchain'],Circle,0,0,0,1,0,0,1,0,0,1,0,0,1,0,0,0,0,1,1
1216,Circle,0,0,1,1,4,0,0,0,0,1,1,1,0,1,0,0,0,0,0,1,0,4,3,4,['Blockchain' 'Electrum' 'Coinbase' 'Circle'],Blockchain,1,0,0,0,0,1,0,0,0,0,1,0,0,0,0,1,1,0,1
1217,Circle,0,0,1,1,4,1,0,1,1,0,0,0,1,1,0,0,0,0,0,0,0,1,3,2,['Blockchain' 'Coinbase' 'Circle' 'Electrum'],Blockchain,1,0,0,0,0,0,1,0,0,0,0,1,0,1,0,0,1,0,1
1218,Electrum,1,1,0,0,3,1,0,0,0,0,0,0,0,1,1,0,1,0,0,1,0,3,1,3,['Coinbase' 'Electrum' 'Circle' 'Blockchain'],Coinbase,0,0,1,0,0,1,0,0,0,0,0,1,1,0,0,0,0,1,1
1219,Electrum,1,1,0,0,3,0,1,0,1,0,0,0,1,1,0,1,0,1,0,1,1,5,3,2,['Coinbase' 'Electrum' 'Circle' 'Blockchain'],Coinbase,0,0,1,0,0,1,0,0,0,0,0,1,1,0,0,0,0,1,1
1220,Coinbase,0,0,1,1,3,1,0,0,0,0,0,0,1,0,1,0,1,1,0,1,1,2,1,2,['Circle' 'Coinbase' 'Blockchain' 'Electrum'],Circle,0,0,0,1,0,0,1,0,1,0,0,0,0,1,0,0,0,1,1
1221,Electrum,1,1,0,0,3,1,1,0,1,1,0,1,0,0,1,1,0,1,0,1,0,4,3,2,['Blockchain' 'Circle' 'Coinbase' 'Electrum'],Blockchain,1,0,0,0,0,0,0,1,0,0,1,0,0,1,0,0,1,0,1
1222,Coinbase,0,0,1,1,3,1,1,0,0,1,0,0,1,0,1,0,1,0,0,0,1,5,3,5,['Coinbase' 'Circle' 'Blockchain' 'Electrum'],Coinbase,0,0,1,0,0,0,0,1,1,0,0,0,0,1,0,0,0,1,1
1223,Blockchain,1,0,0,0,3,0,0,0,1,1,1,0,1,1,0,1,0,0,0,1,0,3,4,5,['Blockchain' 'Circle' 'Coinbase' 'Electrum'],Blockchain,1,0,0,0,0,0,0,1,0,0,1,0,0,1,0,0,1,0,1
1224,Circle,0,0,1,1,1,1,0,1,0,1,0,0,0,0,0,0,1,1,0,0,1,1,1,3,['Electrum' 'Coinbase' 'Blockchain' 'Circle'],Electrum,0,1,0,0,0,0,1,0,1,0,0,0,0,0,0,1,1,0,0
1225,Circle,0,0,1,1,2,0,0,0,0,1,1,1,1,1,1,1,1,0,0,1,1,1,5,1,['Blockchain' 'Circle' 'Coinbase' 'Electrum'],Blockchain,1,0,0,0,0,0,0,1,0,0,1,0,0,1,0,0,1,0,1
1226,Circle,0,0,1,1,3,1,1,1,1,0,1,1,1,0,0,1,0,0,1,1,0,4,3,3,['Coinbase' 'Blockchain' 'Electrum' 'Circle'],Coinbase,0,0,1,0,1,0,0,0,0,1,0,0,0,0,0,1,0,1,1
1227,Electrum,1,1,0,0,2,1,0,0,1,1,1,1,1,0,0,1,1,1,1,1,0,2,3,3,['Electrum' 'Blockchain' 'Coinbase' 'Circle'],Electrum,0,1,0,0,1,0,0,0,0,0,1,0,0,0,0,1,1,0,0
1228,Electrum,1,1,0,0,3,0,0,0,1,0,0,1,1,1,0,1,0,0,0,0,1,2,3,5,['Blockchain' 'Circle' 'Coinbase' 'Electrum'],Blockchain,1,0,0,0,0,0,0,1,0,0,1,0,0,1,0,0,1,0,1
1229,Blockchain,1,0,0,0,4,1,0,0,1,0,1,0,0,1,0,1,1,0,1,1,1,5,4,2,['Circle' 'Electrum' 'Coinbase' 'Blockchain'],Circle,0,0,0,1,0,1,0,0,0,0,1,0,1,0,0,0,0,1,1
1230,Coinbase,0,0,1,1,3,0,1,0,1,0,1,1,1,0,0,1,1,0,1,1,1,4,5,1,['Blockchain' 'Coinbase' 'Electrum' 'Circle'],Blockchain,1,0,0,0,0,0,1,0,0,1,0,0,0,0,0,1,1,0,1
1231,Blockchain,1,0,0,0,4,1,1,1,0,1,1,1,0,0,0,0,0,0,1,1,0,2,4,3,['Circle' 'Blockchain' 'Electrum' 'Coinbase'],Circle,0,0,0,1,1,0,0,0,0,1,0,0,0,0,1,0,0,1,1
1232,Circle,0,0,1,1,4,0,1,0,0,0,0,0,1,0,1,1,0,1,1,1,1,1,2,2,['Blockchain' 'Electrum' 'Coinbase' 'Circle'],Blockchain,1,0,0,0,0,1,0,0,0,0,1,0,0,0,0,1,1,0,1
1233,Coinbase,0,0,1,1,2,0,0,1,0,1,0,1,1,1,1,1,0,1,0,0,0,2,4,5,['Circle' 'Coinbase' 'Electrum' 'Blockchain'],Circle,0,0,0,1,0,0,1,0,0,1,0,0,1,0,0,0,0,1,1
1234,Circle,0,0,1,1,4,0,0,1,0,1,1,1,0,1,0,1,0,1,0,1,0,5,3,2,['Electrum' 'Circle' 'Blockchain' 'Coinbase'],Electrum,0,1,0,0,0,0,0,1,1,0,0,0,0,0,1,0,1,0,0
1235,Blockchain,1,0,0,0,1,0,1,0,1,0,1,0,1,1,0,1,1,0,1,0,1,1,3,1,['Coinbase' 'Circle' 'Electrum' 'Blockchain'],Coinbase,0,0,1,0,0,0,0,1,0,1,0,0,1,0,0,0,0,1,1
1236,Electrum,1,1,0,0,2,1,1,0,1,1,0,1,0,1,0,0,1,0,0,1,1,2,1,3,['Circle' 'Coinbase' 'Blockchain' 'Electrum'],Circle,0,0,0,1,0,0,1,0,1,0,0,0,0,1,0,0,0,1,1
1237,Electrum,1,1,0,0,1,0,1,0,0,0,0,1,0,0,1,1,0,0,0,1,1,2,1,3,['Blockchain' 'Coinbase' 'Electrum' 'Circle'],Blockchain,1,0,0,0,0,0,1,0,0,1,0,0,0,0,0,1,1,0,1
1238,Coinbase,0,0,1,1,4,1,0,0,0,1,1,0,1,0,1,0,0,1,0,0,1,5,4,1,['Coinbase' 'Circle' 'Blockchain' 'Electrum'],Coinbase,0,0,1,0,0,0,0,1,1,0,0,0,0,1,0,0,0,1,1
1239,Blockchain,1,0,0,0,4,1,1,0,1,1,1,1,1,1,1,0,0,1,1,0,1,2,1,2,['Coinbase' 'Circle' 'Blockchain' 'Electrum'],Coinbase,0,0,1,0,0,0,0,1,1,0,0,0,0,1,0,0,0,1,1
1240,Circle,0,0,1,1,4,1,1,0,0,0,1,1,0,0,0,0,1,0,1,0,1,4,2,4,['Electrum' 'Coinbase' 'Circle' 'Blockchain'],Electrum,0,1,0,0,0,0,1,0,0,0,0,1,1,0,0,0,1,0,0
1241,Coinbase,0,0,1,1,2,1,1,1,1,1,0,0,1,0,1,0,0,1,1,1,0,3,2,5,['Circle' 'Electrum' 'Blockchain' 'Coinbase'],Circle,0,0,0,1,0,1,0,0,1,0,0,0,0,0,1,0,0,1,1
1242,Coinbase,0,0,1,1,3,1,1,1,0,0,0,1,0,0,0,0,1,1,1,0,1,3,4,3,['Circle' 'Coinbase' 'Blockchain' 'Electrum'],Circle,0,0,0,1,0,0,1,0,1,0,0,0,0,1,0,0,0,1,1
1243,Blockchain,1,0,0,0,4,1,1,1,1,1,1,1,1,1,0,1,0,0,0,0,0,5,4,5,['Circle' 'Coinbase' 'Electrum' 'Blockchain'],Circle,0,0,0,1,0,0,1,0,0,1,0,0,1,0,0,0,0,1,1
1244,Blockchain,1,0,0,0,1,0,1,0,0,1,1,0,1,1,0,1,1,1,1,0,1,1,2,5,['Coinbase' 'Blockchain' 'Circle' 'Electrum'],Coinbase,0,0,1,0,1,0,0,0,0,0,0,1,0,1,0,0,0,1,1
1245,Coinbase,0,0,1,1,1,1,1,0,0,0,0,0,0,0,0,0,1,0,1,1,1,3,5,1,['Blockchain' 'Circle' 'Coinbase' 'Electrum'],Blockchain,1,0,0,0,0,0,0,1,0,0,1,0,0,1,0,0,1,0,1
1246,Coinbase,0,0,1,1,3,0,1,0,0,1,1,1,1,1,1,0,1,1,1,1,0,4,1,3,['Circle' 'Electrum' 'Coinbase' 'Blockchain'],Circle,0,0,0,1,0,1,0,0,0,0,1,0,1,0,0,0,0,1,1
1247,Electrum,1,1,0,0,1,1,0,0,1,1,1,0,0,0,0,0,0,0,0,0,0,3,2,4,['Blockchain' 'Circle' 'Electrum' 'Coinbase'],Blockchain,1,0,0,0,0,0,0,1,0,1,0,0,0,0,1,0,1,0,1
1248,Electrum,1,1,0,0,2,1,1,1,0,0,1,0,1,0,0,1,0,0,1,1,1,4,5,3,['Blockchain' 'Electrum' 'Circle' 'Coinbase'],Blockchain,1,0,0,0,0,1,0,0,0,0,0,1,0,0,1,0,1,0,1
1249,Blockchain,1,0,0,0,1,0,0,0,0,0,0,1,0,0,0,0,1,0,0,0,1,1,4,1,['Electrum' 'Coinbase' 'Circle' 'Blockchain'],Electrum,0,1,0,0,0,0,1,0,0,0,0,1,1,0,0,0,1,0,0
1250,Coinbase,0,0,1,1,3,1,1,0,1,1,1,1,0,0,0,1,1,1,0,1,1,2,4,3,['Electrum' 'Coinbase' 'Blockchain' 'Circle'],Electrum,0,1,0,0,0,0,1,0,1,0,0,0,0,0,0,1,1,0,0
1251,Blockchain,1,0,0,0,2,1,1,0,0,1,0,1,0,0,1,1,1,1,1,1,1,3,3,1,['Circle' 'Electrum' 'Blockchain' 'Coinbase'],Circle,0,0,0,1,0,1,0,0,1,0,0,0,0,0,1,0,0,1,1
1252,Coinbase,0,0,1,1,3,0,1,0,0,1,1,1,0,0,1,1,1,1,0,1,1,5,1,2,['Coinbase' 'Blockchain' 'Circle' 'Electrum'],Coinbase,0,0,1,0,1,0,0,0,0,0,0,1,0,1,0,0,0,1,1
1253,Electrum,1,1,0,0,1,0,1,1,0,1,1,0,0,1,0,1,1,1,1,1,1,3,4,5,['Coinbase' 'Blockchain' 'Circle' 'Electrum'],Coinbase,0,0,1,0,1,0,0,0,0,0,0,1,0,1,0,0,0,1,1
1254,Coinbase,0,0,1,1,4,0,0,1,1,1,1,1,0,1,1,1,1,1,1,1,1,1,1,4,['Electrum' 'Blockchain' 'Coinbase' 'Circle'],Electrum,0,1,0,0,1,0,0,0,0,0,1,0,0,0,0,1,1,0,0
1255,Coinbase,0,0,1,1,1,1,1,1,0,0,1,0,0,0,1,0,1,1,1,1,0,5,1,1,['Electrum' 'Blockchain' 'Circle' 'Coinbase'],Electrum,0,1,0,0,1,0,0,0,0,0,0,1,0,0,1,0,1,0,0
1256,Electrum,1,1,0,0,4,1,1,0,0,1,1,1,0,1,0,1,0,0,1,1,1,5,2,1,['Coinbase' 'Electrum' 'Circle' 'Blockchain'],Coinbase,0,0,1,0,0,1,0,0,0,0,0,1,1,0,0,0,0,1,1
1257,Coinbase,0,0,1,1,4,1,0,1,1,1,0,0,1,0,1,0,0,1,1,1,0,2,2,5,['Electrum' 'Circle' 'Blockchain' 'Coinbase'],Electrum,0,1,0,0,0,0,0,1,1,0,0,0,0,0,1,0,1,0,0
1258,Circle,0,0,1,1,3,0,1,0,0,1,0,1,1,1,1,0,0,0,0,0,0,3,4,3,['Electrum' 'Circle' 'Blockchain' 'Coinbase'],Electrum,0,1,0,0,0,0,0,1,1,0,0,0,0,0,1,0,1,0,0
1259,Blockchain,1,0,0,0,3,0,0,0,0,0,0,0,1,0,0,0,1,0,0,0,0,3,3,1,['Blockchain' 'Electrum' 'Coinbase' 'Circle'],Blockchain,1,0,0,0,0,1,0,0,0,0,1,0,0,0,0,1,1,0,1
1260,Electrum,1,1,0,0,3,0,0,1,1,0,0,0,0,1,0,1,1,0,1,0,0,1,5,4,['Circle' 'Coinbase' 'Electrum' 'Blockchain'],Circle,0,0,0,1,0,0,1,0,0,1,0,0,1,0,0,0,0,1,1
1261,Circle,0,0,1,1,1,0,1,0,1,1,1,1,0,1,0,1,0,0,1,0,1,1,2,5,['Circle' 'Electrum' 'Coinbase' 'Blockchain'],Circle,0,0,0,1,0,1,0,0,0,0,1,0,1,0,0,0,0,1,1
1262,Coinbase,0,0,1,1,3,1,0,0,0,0,1,0,1,0,1,0,1,1,1,1,0,3,2,5,['Electrum' 'Coinbase' 'Blockchain' 'Circle'],Electrum,0,1,0,0,0,0,1,0,1,0,0,0,0,0,0,1,1,0,0
1263,Circle,0,0,1,1,3,0,0,0,0,1,1,0,1,0,0,1,1,0,1,1,1,1,4,4,['Electrum' 'Circle' 'Blockchain' 'Coinbase'],Electrum,0,1,0,0,0,0,0,1,1,0,0,0,0,0,1,0,1,0,0
1264,Blockchain,1,0,0,0,1,1,0,1,1,0,0,1,1,1,1,1,1,1,0,1,0,4,3,3,['Coinbase' 'Electrum' 'Circle' 'Blockchain'],Coinbase,0,0,1,0,0,1,0,0,0,0,0,1,1,0,0,0,0,1,1
1265,Electrum,1,1,0,0,4,1,1,0,1,0,0,0,1,0,1,0,0,1,0,1,1,2,3,4,['Coinbase' 'Blockchain' 'Circle' 'Electrum'],Coinbase,0,0,1,0,1,0,0,0,0,0,0,1,0,1,0,0,0,1,1
1266,Electrum,1,1,0,0,3,0,0,0,0,0,0,1,1,0,1,0,1,1,0,1,0,5,3,3,['Blockchain' 'Electrum' 'Circle' 'Coinbase'],Blockchain,1,0,0,0,0,1,0,0,0,0,0,1,0,0,1,0,1,0,1
1267,Coinbase,0,0,1,1,3,0,1,0,0,1,1,1,0,1,1,0,0,1,1,1,1,2,3,4,['Electrum' 'Circle' 'Coinbase' 'Blockchain'],Electrum,0,1,0,0,0,0,0,1,0,0,1,0,1,0,0,0,1,0,0
1268,Circle,0,0,1,1,3,1,1,1,1,0,0,0,1,0,1,0,1,1,0,1,1,2,5,1,['Blockchain' 'Coinbase' 'Circle' 'Electrum'],Blockchain,1,0,0,0,0,0,1,0,0,0,0,1,0,1,0,0,1,0,1
1269,Electrum,1,1,0,0,2,1,0,1,1,0,0,0,1,0,1,0,0,0,1,1,1,1,5,4,['Blockchain' 'Electrum' 'Circle' 'Coinbase'],Blockchain,1,0,0,0,0,1,0,0,0,0,0,1,0,0,1,0,1,0,1
1270,Coinbase,0,0,1,1,3,0,0,1,1,1,0,0,0,1,1,1,0,1,0,0,1,2,5,1,['Circle' 'Coinbase' 'Blockchain' 'Electrum'],Circle,0,0,0,1,0,0,1,0,1,0,0,0,0,1,0,0,0,1,1
1271,Blockchain,1,0,0,0,1,1,0,0,1,0,0,1,0,0,1,1,0,0,0,0,0,5,1,1,['Electrum' 'Blockchain' 'Circle' 'Coinbase'],Electrum,0,1,0,0,1,0,0,0,0,0,0,1,0,0,1,0,1,0,0
1272,Circle,0,0,1,1,2,0,1,1,1,0,0,0,0,0,1,1,0,0,1,0,0,4,4,2,['Coinbase' 'Circle' 'Blockchain' 'Electrum'],Coinbase,0,0,1,0,0,0,0,1,1,0,0,0,0,1,0,0,0,1,1
1273,Blockchain,1,0,0,0,1,0,1,0,1,0,0,0,1,0,0,1,0,1,1,0,1,5,4,5,['Blockchain' 'Coinbase' 'Circle' 'Electrum'],Blockchain,1,0,0,0,0,0,1,0,0,0,0,1,0,1,0,0,1,0,1
1274,Electrum,1,1,0,0,3,0,1,1,1,0,0,1,0,1,0,0,1,1,1,1,0,2,4,3,['Electrum' 'Blockchain' 'Circle' 'Coinbase'],Electrum,0,1,0,0,1,0,0,0,0,0,0,1,0,0,1,0,1,0,0
1275,Circle,0,0,1,1,3,0,0,0,1,1,1,1,1,0,0,1,0,1,0,0,1,2,1,1,['Coinbase' 'Electrum' 'Circle' 'Blockchain'],Coinbase,0,0,1,0,0,1,0,0,0,0,0,1,1,0,0,0,0,1,1
1276,Blockchain,1,0,0,0,3,1,1,0,1,0,0,0,0,0,1,1,1,0,0,1,0,1,1,4,['Circle' 'Blockchain' 'Electrum' 'Coinbase'],Circle,0,0,0,1,1,0,0,0,0,1,0,0,0,0,1,0,0,1,1
1277,Electrum,1,1,0,0,4,1,1,0,0,0,0,0,0,1,0,0,1,1,1,0,0,1,2,1,['Blockchain' 'Electrum' 'Coinbase' 'Circle'],Blockchain,1,0,0,0,0,1,0,0,0,0,1,0,0,0,0,1,1,0,1
1278,Coinbase,0,0,1,1,1,1,1,1,1,1,0,0,1,0,1,0,0,0,0,0,0,5,4,5,['Blockchain' 'Circle' 'Coinbase' 'Electrum'],Blockchain,1,0,0,0,0,0,0,1,0,0,1,0,0,1,0,0,1,0,1
1279,Coinbase,0,0,1,1,1,0,0,1,1,1,1,0,1,0,0,0,1,1,1,1,0,5,3,2,['Electrum' 'Coinbase' 'Blockchain' 'Circle'],Electrum,0,1,0,0,0,0,1,0,1,0,0,0,0,0,0,1,1,0,0
1280,Electrum,1,1,0,0,1,1,1,1,1,0,0,1,1,0,1,1,0,0,0,1,0,1,5,2,['Electrum' 'Blockchain' 'Coinbase' 'Circle'],Electrum,0,1,0,0,1,0,0,0,0,0,1,0,0,0,0,1,1,0,0
1281,Electrum,1,1,0,0,4,1,1,0,1,0,0,1,1,0,0,0,1,1,0,0,0,1,3,5,['Circle' 'Coinbase' 'Electrum' 'Blockchain'],Circle,0,0,0,1,0,0,1,0,0,1,0,0,1,0,0,0,0,1,1
1282,Electrum,1,1,0,0,2,0,0,1,1,1,1,1,1,1,1,1,0,1,0,0,0,2,1,5,['Coinbase' 'Circle' 'Blockchain' 'Electrum'],Coinbase,0,0,1,0,0,0,0,1,1,0,0,0,0,1,0,0,0,1,1
1283,Electrum,1,1,0,0,1,0,0,0,1,0,0,0,0,0,1,1,0,1,0,1,1,4,2,5,['Blockchain' 'Circle' 'Electrum' 'Coinbase'],Blockchain,1,0,0,0,0,0,0,1,0,1,0,0,0,0,1,0,1,0,1
1284,Electrum,1,1,0,0,1,0,0,1,1,1,1,1,1,0,0,0,0,1,0,1,1,3,5,1,['Electrum' 'Circle' 'Coinbase' 'Blockchain'],Electrum,0,1,0,0,0,0,0,1,0,0,1,0,1,0,0,0,1,0,0
1285,Blockchain,1,0,0,0,4,1,0,0,0,1,0,0,0,0,0,0,1,0,1,1,1,3,2,1,['Blockchain' 'Coinbase' 'Circle' 'Electrum'],Blockchain,1,0,0,0,0,0,1,0,0,0,0,1,0,1,0,0,1,0,1
1286,Electrum,1,1,0,0,4,1,1,1,0,0,0,0,0,1,0,1,0,1,0,0,0,5,4,2,['Electrum' 'Blockchain' 'Coinbase' 'Circle'],Electrum,0,1,0,0,1,0,0,0,0,0,1,0,0,0,0,1,1,0,0
1287,Circle,0,0,1,1,2,0,0,0,1,1,0,1,0,1,1,0,1,1,0,1,0,4,3,1,['Electrum' 'Coinbase' 'Circle' 'Blockchain'],Electrum,0,1,0,0,0,0,1,0,0,0,0,1,1,0,0,0,1,0,0
1288,Blockchain,1,0,0,0,2,1,1,0,1,0,0,0,0,0,0,0,0,1,1,0,0,4,4,1,['Blockchain' 'Circle' 'Coinbase' 'Electrum'],Blockchain,1,0,0,0,0,0,0,1,0,0,1,0,0,1,0,0,1,0,1
1289,Coinbase,0,0,1,1,3,0,1,1,0,1,1,0,0,0,0,1,0,0,0,0,1,5,2,4,['Circle' 'Blockchain' 'Coinbase' 'Electrum'],Circle,0,0,0,1,1,0,0,0,0,0,1,0,0,1,0,0,0,1,1
1290,Coinbase,0,0,1,1,4,1,1,0,1,0,0,0,0,1,0,0,1,1,1,1,1,3,1,5,['Circle' 'Coinbase' 'Electrum' 'Blockchain'],Circle,0,0,0,1,0,0,1,0,0,1,0,0,1,0,0,0,0,1,1
1291,Circle,0,0,1,1,1,0,0,0,1,0,0,0,1,0,0,1,1,1,1,0,0,5,4,3,['Blockchain' 'Circle' 'Coinbase' 'Electrum'],Blockchain,1,0,0,0,0,0,0,1,0,0,1,0,0,1,0,0,1,0,1
1292,Coinbase,0,0,1,1,3,1,1,0,1,1,0,1,1,1,0,0,1,0,1,1,1,5,3,5,['Circle' 'Coinbase' 'Electrum' 'Blockchain'],Circle,0,0,0,1,0,0,1,0,0,1,0,0,1,0,0,0,0,1,1
1293,Blockchain,1,0,0,0,3,0,1,1,1,1,0,1,1,1,1,1,0,0,1,1,1,3,4,4,['Circle' 'Electrum' 'Coinbase' 'Blockchain'],Circle,0,0,0,1,0,1,0,0,0,0,1,0,1,0,0,0,0,1,1
1294,Circle,0,0,1,1,2,0,0,1,1,0,1,1,0,1,0,1,1,0,1,0,1,3,2,5,['Coinbase' 'Circle' 'Electrum' 'Blockchain'],Coinbase,0,0,1,0,0,0,0,1,0,1,0,0,1,0,0,0,0,1,1
1295,Circle,0,0,1,1,1,0,0,1,1,1,1,0,0,1,0,1,0,1,1,1,1,4,1,2,['Blockchain' 'Circle' 'Electrum' 'Coinbase'],Blockchain,1,0,0,0,0,0,0,1,0,1,0,0,0,0,1,0,1,0,1
1296,Coinbase,0,0,1,1,4,0,0,0,0,1,1,0,1,1,0,1,1,1,1,0,0,5,3,3,['Circle' 'Blockchain' 'Coinbase' 'Electrum'],Circle,0,0,0,1,1,0,0,0,0,0,1,0,0,1,0,0,0,1,1
1297,Circle,0,0,1,1,4,1,0,1,0,0,1,1,0,0,0,1,1,1,0,0,1,5,3,5,['Blockchain' 'Circle' 'Coinbase' 'Electrum'],Blockchain,1,0,0,0,0,0,0,1,0,0,1,0,0,1,0,0,1,0,1
1298,Electrum,1,1,0,0,1,1,1,1,0,1,0,1,1,0,1,1,0,0,0,1,1,2,5,3,['Blockchain' 'Electrum' 'Coinbase' 'Circle'],Blockchain,1,0,0,0,0,1,0,0,0,0,1,0,0,0,0,1,1,0,1
1299,Blockchain,1,0,0,0,4,0,1,0,1,0,1,1,1,0,1,0,1,1,0,1,1,1,3,2,['Blockchain' 'Circle' 'Coinbase' 'Electrum'],Blockchain,1,0,0,0,0,0,0,1,0,0,1,0,0,1,0,0,1,0,1
1300,Electrum,1,1,0,0,3,0,1,0,1,1,0,1,1,0,1,1,1,0,1,0,0,1,4,5,['Electrum' 'Coinbase' 'Blockchain' 'Circle'],Electrum,0,1,0,0,0,0,1,0,1,0,0,0,0,0,0,1,1,0,0
1301,Electrum,1,1,0,0,4,0,0,0,0,1,1,0,0,1,0,1,1,1,0,0,1,4,3,1,['Electrum' 'Blockchain' 'Coinbase' 'Circle'],Electrum,0,1,0,0,1,0,0,0,0,0,1,0,0,0,0,1,1,0,0
1302,Electrum,1,1,0,0,4,0,1,1,1,1,0,0,0,1,0,1,1,1,1,1,0,4,1,5,['Coinbase' 'Blockchain' 'Circle' 'Electrum'],Coinbase,0,0,1,0,1,0,0,0,0,0,0,1,0,1,0,0,0,1,1
1303,Blockchain,1,0,0,0,1,1,1,1,0,0,1,1,1,0,0,0,1,0,0,1,0,4,5,2,['Coinbase' 'Electrum' 'Blockchain' 'Circle'],Coinbase,0,0,1,0,0,1,0,0,1,0,0,0,0,0,0,1,0,1,1
1304,Circle,0,0,1,1,2,0,0,0,0,1,0,1,1,0,1,1,0,0,0,1,0,2,3,3,['Circle' 'Coinbase' 'Blockchain' 'Electrum'],Circle,0,0,0,1,0,0,1,0,1,0,0,0,0,1,0,0,0,1,1
1305,Circle,0,0,1,1,3,1,1,0,1,0,1,0,1,1,0,1,0,0,0,0,0,3,2,5,['Circle' 'Coinbase' 'Electrum' 'Blockchain'],Circle,0,0,0,1,0,0,1,0,0,1,0,0,1,0,0,0,0,1,1
1306,Blockchain,1,0,0,0,3,1,1,1,0,0,0,1,1,1,0,0,0,0,0,1,0,5,5,4,['Blockchain' 'Circle' 'Electrum' 'Coinbase'],Blockchain,1,0,0,0,0,0,0,1,0,1,0,0,0,0,1,0,1,0,1
1307,Electrum,1,1,0,0,2,1,0,0,1,0,1,1,1,0,0,0,1,1,0,0,0,5,1,2,['Blockchain' 'Electrum' 'Circle' 'Coinbase'],Blockchain,1,0,0,0,0,1,0,0,0,0,0,1,0,0,1,0,1,0,1
1308,Coinbase,0,0,1,1,1,1,0,0,1,1,0,0,0,0,0,0,0,0,0,1,1,2,1,5,['Coinbase' 'Blockchain' 'Electrum' 'Circle'],Coinbase,0,0,1,0,1,0,0,0,0,1,0,0,0,0,0,1,0,1,1
1309,Coinbase,0,0,1,1,1,0,1,0,0,0,0,1,0,0,1,0,1,0,1,0,1,5,3,1,['Blockchain' 'Coinbase' 'Electrum' 'Circle'],Blockchain,1,0,0,0,0,0,1,0,0,1,0,0,0,0,0,1,1,0,1
1310,Coinbase,0,0,1,1,4,0,1,1,0,0,1,0,0,1,1,1,0,1,1,1,1,2,2,5,['Circle' 'Coinbase' 'Blockchain' 'Electrum'],Circle,0,0,0,1,0,0,1,0,1,0,0,0,0,1,0,0,0,1,1
1311,Blockchain,1,0,0,0,1,0,1,1,1,1,0,1,1,1,1,1,1,1,1,0,0,5,3,4,['Blockchain' 'Electrum' 'Circle' 'Coinbase'],Blockchain,1,0,0,0,0,1,0,0,0,0,0,1,0,0,1,0,1,0,1
1312,Circle,0,0,1,1,1,1,1,1,0,1,1,1,0,1,0,0,1,1,1,1,1,2,3,2,['Coinbase' 'Blockchain' 'Electrum' 'Circle'],Coinbase,0,0,1,0,1,0,0,0,0,1,0,0,0,0,0,1,0,1,1
1313,Circle,0,0,1,1,3,0,0,1,1,0,1,1,0,0,0,0,0,0,0,1,1,4,2,2,['Electrum' 'Circle' 'Coinbase' 'Blockchain'],Electrum,0,1,0,0,0,0,0,1,0,0,1,0,1,0,0,0,1,0,0
1314,Blockchain,1,0,0,0,3,1,0,0,0,1,1,1,1,0,0,0,0,0,0,0,1,4,1,4,['Coinbase' 'Blockchain' 'Electrum' 'Circle'],Coinbase,0,0,1,0,1,0,0,0,0,1,0,0,0,0,0,1,0,1,1
1315,Coinbase,0,0,1,1,3,0,0,1,1,1,1,0,1,1,0,0,1,0,1,1,1,4,4,2,['Blockchain' 'Coinbase' 'Electrum' 'Circle'],Blockchain,1,0,0,0,0,0,1,0,0,1,0,0,0,0,0,1,1,0,1
1316,Electrum,1,1,0,0,3,0,1,0,1,0,1,1,0,0,1,1,0,0,1,0,1,5,5,5,['Electrum' 'Circle' 'Blockchain' 'Coinbase'],Electrum,0,1,0,0,0,0,0,1,1,0,0,0,0,0,1,0,1,0,0
1317,Coinbase,0,0,1,1,4,0,1,0,1,0,1,0,0,0,0,0,0,1,1,1,0,4,1,1,['Circle' 'Coinbase' 'Blockchain' 'Electrum'],Circle,0,0,0,1,0,0,1,0,1,0,0,0,0,1,0,0,0,1,1
1318,Blockchain,1,0,0,0,1,0,1,1,1,0,0,0,1,1,1,1,1,0,0,1,0,1,4,2,['Coinbase' 'Blockchain' 'Electrum' 'Circle'],Coinbase,0,0,1,0,1,0,0,0,0,1,0,0,0,0,0,1,0,1,1
1319,Electrum,1,1,0,0,4,1,0,0,0,0,0,1,1,1,0,1,1,1,0,0,0,1,5,5,['Blockchain' 'Circle' 'Electrum' 'Coinbase'],Blockchain,1,0,0,0,0,0,0,1,0,1,0,0,0,0,1,0,1,0,1
1320,Electrum,1,1,0,0,3,1,1,1,1,1,0,0,1,0,1,0,0,1,0,0,1,3,2,2,['Blockchain' 'Coinbase' 'Circle' 'Electrum'],Blockchain,1,0,0,0,0,0,1,0,0,0,0,1,0,1,0,0,1,0,1
1321,Circle,0,0,1,1,4,1,1,1,0,1,0,0,0,0,0,0,1,0,0,0,1,4,5,4,['Blockchain' 'Coinbase' 'Circle' 'Electrum'],Blockchain,1,0,0,0,0,0,1,0,0,0,0,1,0,1,0,0,1,0,1
1322,Electrum,1,1,0,0,1,1,0,1,1,1,0,0,1,0,0,1,1,1,1,1,0,4,3,1,['Electrum' 'Circle' 'Blockchain' 'Coinbase'],Electrum,0,1,0,0,0,0,0,1,1,0,0,0,0,0,1,0,1,0,0
1323,Electrum,1,1,0,0,2,1,0,0,0,1,0,1,0,0,0,1,1,0,1,0,1,3,3,2,['Blockchain' 'Electrum' 'Circle' 'Coinbase'],Blockchain,1,0,0,0,0,1,0,0,0,0,0,1,0,0,1,0,1,0,1
1324,Blockchain,1,0,0,0,1,0,1,1,0,0,1,0,0,1,1,0,0,1,0,1,0,5,3,2,['Coinbase' 'Blockchain' 'Electrum' 'Circle'],Coinbase,0,0,1,0,1,0,0,0,0,1,0,0,0,0,0,1,0,1,1
1325,Electrum,1,1,0,0,4,0,1,1,0,1,1,1,1,0,1,0,0,1,0,0,1,4,2,1,['Electrum' 'Coinbase' 'Blockchain' 'Circle'],Electrum,0,1,0,0,0,0,1,0,1,0,0,0,0,0,0,1,1,0,0
1326,Electrum,1,1,0,0,1,0,1,0,1,0,0,0,1,0,1,0,1,0,0,0,0,5,4,5,['Blockchain' 'Electrum' 'Coinbase' 'Circle'],Blockchain,1,0,0,0,0,1,0,0,0,0,1,0,0,0,0,1,1,0,1
1327,Blockchain,1,0,0,0,3,1,1,0,0,1,0,0,1,0,1,0,0,1,0,1,0,1,2,5,['Coinbase' 'Circle' 'Electrum' 'Blockchain'],Coinbase,0,0,1,0,0,0,0,1,0,1,0,0,1,0,0,0,0,1,1
1328,Coinbase,0,0,1,1,1,0,1,0,0,0,0,1,1,0,0,1,0,1,1,1,1,1,1,2,['Coinbase' 'Blockchain' 'Electrum' 'Circle'],Coinbase,0,0,1,0,1,0,0,0,0,1,0,0,0,0,0,1,0,1,1
1329,Circle,0,0,1,1,1,1,0,1,1,1,1,1,1,0,0,0,1,0,1,0,1,4,1,2,['Coinbase' 'Circle' 'Electrum' 'Blockchain'],Coinbase,0,0,1,0,0,0,0,1,0,1,0,0,1,0,0,0,0,1,1
1330,Electrum,1,1,0,0,1,0,0,1,1,0,1,1,0,0,1,0,1,1,0,0,0,1,2,2,['Coinbase' 'Electrum' 'Blockchain' 'Circle'],Coinbase,0,0,1,0,0,1,0,0,1,0,0,0,0,0,0,1,0,1,1
1331,Blockchain,1,0,0,0,3,0,1,0,0,0,1,0,0,0,0,1,0,1,0,0,0,4,4,3,['Blockchain' 'Electrum' 'Circle' 'Coinbase'],Blockchain,1,0,0,0,0,1,0,0,0,0,0,1,0,0,1,0,1,0,1
1332,Electrum,1,1,0,0,4,1,1,1,1,1,1,1,0,0,1,0,0,1,1,1,1,5,1,2,['Blockchain' 'Coinbase' 'Circle' 'Electrum'],Blockchain,1,0,0,0,0,0,1,0,0,0,0,1,0,1,0,0,1,0,1
1333,Coinbase,0,0,1,1,1,1,0,1,0,1,1,0,0,0,1,1,0,1,1,0,0,4,5,3,['Coinbase' 'Blockchain' 'Circle' 'Electrum'],Coinbase,0,0,1,0,1,0,0,0,0,0,0,1,0,1,0,0,0,1,1
1334,Electrum,1,1,0,0,2,1,0,0,1,1,0,0,0,0,1,0,1,0,1,0,1,2,2,4,['Blockchain' 'Electrum' 'Circle' 'Coinbase'],Blockchain,1,0,0,0,0,1,0,0,0,0,0,1,0,0,1,0,1,0,1
1335,Circle,0,0,1,1,2,1,0,1,0,1,1,1,0,0,1,1,1,0,0,0,0,2,3,1,['Coinbase' 'Circle' 'Blockchain' 'Electrum'],Coinbase,0,0,1,0,0,0,0,1,1,0,0,0,0,1,0,0,0,1,1
1336,Circle,0,0,1,1,2,0,0,1,0,0,1,0,0,1,1,1,0,1,1,0,1,2,3,5,['Electrum' 'Blockchain' 'Coinbase' 'Circle'],Electrum,0,1,0,0,1,0,0,0,0,0,1,0,0,0,0,1,1,0,0
1337,Electrum,1,1,0,0,3,1,0,1,1,1,1,0,0,0,1,0,1,1,1,0,1,3,2,3,['Blockchain' 'Circle' 'Electrum' 'Coinbase'],Blockchain,1,0,0,0,0,0,0,1,0,1,0,0,0,0,1,0,1,0,1
1338,Blockchain,1,0,0,0,4,1,1,1,0,0,1,0,1,0,0,1,0,0,1,0,1,4,3,5,['Circle' 'Electrum' 'Coinbase' 'Blockchain'],Circle,0,0,0,1,0,1,0,0,0,0,1,0,1,0,0,0,0,1,1
1339,Electrum,1,1,0,0,1,1,1,1,0,1,0,1,0,1,1,0,1,1,1,1,0,5,3,4,['Electrum' 'Blockchain' 'Circle' 'Coinbase'],Electrum,0,1,0,0,1,0,0,0,0,0,0,1,0,0,1,0,1,0,0
1340,Circle,0,0,1,1,3,0,1,1,1,0,1,0,0,0,1,1,1,0,1,1,1,5,5,3,['Circle' 'Blockchain' 'Coinbase' 'Electrum'],Circle,0,0,0,1,1,0,0,0,0,0,1,0,0,1,0,0,0,1,1
1341,Electrum,1,1,0,0,1,1,0,1,0,0,1,1,1,1,1,0,1,0,0,0,1,3,2,2,['Blockchain' 'Circle' 'Electrum' 'Coinbase'],Blockchain,1,0,0,0,0,0,0,1,0,1,0,0,0,0,1,0,1,0,1
1342,Blockchain,1,0,0,0,4,0,1,0,1,1,1,0,0,0,0,0,0,1,0,0,0,2,1,4,['Electrum' 'Circle' 'Coinbase' 'Blockchain'],Electrum,0,1,0,0,0,0,0,1,0,0,1,0,1,0,0,0,1,0,0
1343,Coinbase,0,0,1,1,1,0,1,0,1,1,1,1,0,1,1,0,0,1,0,0,0,5,2,2,['Circle' 'Electrum' 'Coinbase' 'Blockchain'],Circle,0,0,0,1,0,1,0,0,0,0,1,0,1,0,0,0,0,1,1
1344,Electrum,1,1,0,0,2,1,1,0,1,0,1,0,0,1,0,1,0,0,0,0,0,1,2,1,['Electrum' 'Circle' 'Coinbase' 'Blockchain'],Electrum,0,1,0,0,0,0,0,1,0,0,1,0,1,0,0,0,1,0,0
1345,Circle,0,0,1,1,4,1,1,0,0,1,0,1,0,1,0,1,0,0,0,1,1,3,1,4,['Coinbase' 'Blockchain' 'Electrum' 'Circle'],Coinbase,0,0,1,0,1,0,0,0,0,1,0,0,0,0,0,1,0,1,1
1346,Blockchain,1,0,0,0,4,0,1,1,0,1,0,1,1,1,1,1,0,0,0,0,1,1,4,3,['Electrum' 'Blockchain' 'Circle' 'Coinbase'],Electrum,0,1,0,0,1,0,0,0,0,0,0,1,0,0,1,0,1,0,0
1347,Circle,0,0,1,1,2,0,0,0,1,1,1,1,0,1,1,0,1,1,1,0,0,4,3,2,['Circle' 'Blockchain' 'Coinbase' 'Electrum'],Circle,0,0,0,1,1,0,0,0,0,0,1,0,0,1,0,0,0,1,1
1348,Blockchain,1,0,0,0,3,0,0,0,0,0,0,0,0,1,1,1,1,0,1,1,0,1,4,3,['Circle' 'Blockchain' 'Coinbase' 'Electrum'],Circle,0,0,0,1,1,0,0,0,0,0,1,0,0,1,0,0,0,1,1
1349,Circle,0,0,1,1,4,1,0,0,0,0,0,0,0,1,1,0,1,1,1,0,1,3,1,2,['Circle' 'Electrum' 'Coinbase' 'Blockchain'],Circle,0,0,0,1,0,1,0,0,0,0,1,0,1,0,0,0,0,1,1
1350,Circle,0,0,1,1,3,0,1,1,0,0,0,0,0,1,1,0,0,0,0,0,1,2,3,1,['Blockchain' 'Coinbase' 'Electrum' 'Circle'],Blockchain,1,0,0,0,0,0,1,0,0,1,0,0,0,0,0,1,1,0,1
1351,Coinbase,0,0,1,1,1,1,1,0,1,1,0,0,1,1,1,1,1,1,0,1,0,4,2,1,['Coinbase' 'Electrum' 'Blockchain' 'Circle'],Coinbase,0,0,1,0,0,1,0,0,1,0,0,0,0,0,0,1,0,1,1
1352,Coinbase,0,0,1,1,4,1,1,0,1,1,1,0,1,1,1,1,0,0,0,1,0,4,1,3,['Circle' 'Coinbase' 'Electrum' 'Blockchain'],Circle,0,0,0,1,0,0,1,0,0,1,0,0,1,0,0,0,0,1,1
1353,Circle,0,0,1,1,2,1,1,1,1,0,0,0,0,1,0,0,0,1,0,0,1,3,4,1,['Blockchain' 'Coinbase' 'Circle' 'Electrum'],Blockchain,1,0,0,0,0,0,1,0,0,0,0,1,0,1,0,0,1,0,1
1354,Circle,0,0,1,1,4,0,0,0,0,0,0,1,1,0,1,0,1,0,1,1,0,1,3,1,['Circle' 'Electrum' 'Blockchain' 'Coinbase'],Circle,0,0,0,1,0,1,0,0,1,0,0,0,0,0,1,0,0,1,1
1355,Electrum,1,1,0,0,3,0,1,1,0,1,1,0,1,0,0,1,1,1,1,1,0,4,3,2,['Blockchain' 'Coinbase' 'Circle' 'Electrum'],Blockchain,1,0,0,0,0,0,1,0,0,0,0,1,0,1,0,0,1,0,1
1356,Electrum,1,1,0,0,4,0,1,0,1,1,1,1,0,0,0,0,1,1,1,0,0,3,3,5,['Blockchain' 'Coinbase' 'Electrum' 'Circle'],Blockchain,1,0,0,0,0,0,1,0,0,1,0,0,0,0,0,1,1,0,1
1357,Coinbase,0,0,1,1,4,0,0,1,1,0,0,0,0,0,0,0,1,0,0,1,0,4,5,1,['Electrum' 'Blockchain' 'Coinbase' 'Circle'],Electrum,0,1,0,0,1,0,0,0,0,0,1,0,0,0,0,1,1,0,0
1358,Coinbase,0,0,1,1,1,1,1,0,1,1,0,0,0,0,0,0,0,0,0,0,0,3,3,3,['Circle' 'Blockchain' 'Coinbase' 'Electrum'],Circle,0,0,0,1,1,0,0,0,0,0,1,0,0,1,0,0,0,1,1
1359,Electrum,1,1,0,0,4,0,1,0,1,1,0,0,0,0,1,1,0,1,1,1,0,4,4,1,['Blockchain' 'Circle' 'Coinbase' 'Electrum'],Blockchain,1,0,0,0,0,0,0,1,0,0,1,0,0,1,0,0,1,0,1
1360,Electrum,1,1,0,0,3,1,1,0,1,1,1,0,1,1,1,1,0,0,0,0,1,1,5,2,['Circle' 'Electrum' 'Coinbase' 'Blockchain'],Circle,0,0,0,1,0,1,0,0,0,0,1,0,1,0,0,0,0,1,1
1361,Circle,0,0,1,1,4,1,0,1,0,0,0,1,1,1,0,0,1,0,0,0,1,5,5,5,['Circle' 'Coinbase' 'Electrum' 'Blockchain'],Circle,0,0,0,1,0,0,1,0,0,1,0,0,1,0,0,0,0,1,1
1362,Electrum,1,1,0,0,2,0,0,1,0,0,1,0,1,0,0,0,1,0,0,1,0,5,4,1,['Coinbase' 'Electrum' 'Blockchain' 'Circle'],Coinbase,0,0,1,0,0,1,0,0,1,0,0,0,0,0,0,1,0,1,1
1363,Blockchain,1,0,0,0,1,0,0,1,1,0,0,1,0,1,0,0,0,0,0,1,1,3,1,2,['Coinbase' 'Electrum' 'Circle' 'Blockchain'],Coinbase,0,0,1,0,0,1,0,0,0,0,0,1,1,0,0,0,0,1,1
1364,Electrum,1,1,0,0,4,1,1,0,1,1,1,0,1,1,0,1,0,0,1,1,1,1,2,4,['Coinbase' 'Blockchain' 'Electrum' 'Circle'],Coinbase,0,0,1,0,1,0,0,0,0,1,0,0,0,0,0,1,0,1,1
1365,Circle,0,0,1,1,3,0,0,0,0,0,0,0,1,0,1,1,0,0,0,0,1,4,5,4,['Electrum' 'Coinbase' 'Blockchain' 'Circle'],Electrum,0,1,0,0,0,0,1,0,1,0,0,0,0,0,0,1,1,0,0
1366,Blockchain,1,0,0,0,3,0,0,1,0,0,1,0,0,1,1,0,0,0,1,1,0,3,3,1,['Blockchain' 'Coinbase' 'Circle' 'Electrum'],Blockchain,1,0,0,0,0,0,1,0,0,0,0,1,0,1,0,0,1,0,1
1367,Electrum,1,1,0,0,2,1,0,1,1,0,0,1,0,1,1,1,0,1,0,0,0,5,4,5,['Coinbase' 'Electrum' 'Circle' 'Blockchain'],Coinbase,0,0,1,0,0,1,0,0,0,0,0,1,1,0,0,0,0,1,1
1368,Electrum,1,1,0,0,3,0,1,1,1,0,1,1,1,1,1,0,0,0,1,1,0,3,3,3,['Circle' 'Coinbase' 'Electrum' 'Blockchain'],Circle,0,0,0,1,0,0,1,0,0,1,0,0,1,0,0,0,0,1,1
1369,Coinbase,0,0,1,1,3,0,0,1,1,1,0,0,1,0,1,1,0,1,0,1,0,3,3,2,['Coinbase' 'Blockchain' 'Electrum' 'Circle'],Coinbase,0,0,1,0,1,0,0,0,0,1,0,0,0,0,0,1,0,1,1
1370,Coinbase,0,0,1,1,2,1,0,0,0,0,1,1,0,1,1,0,0,0,0,0,1,4,4,5,['Circle' 'Blockchain' 'Coinbase' 'Electrum'],Circle,0,0,0,1,1,0,0,0,0,0,1,0,0,1,0,0,0,1,1
1371,Coinbase,0,0,1,1,1,0,1,1,0,1,0,1,1,0,0,1,1,1,0,0,1,2,2,1,['Circle' 'Blockchain' 'Electrum' 'Coinbase'],Circle,0,0,0,1,1,0,0,0,0,1,0,0,0,0,1,0,0,1,1
1372,Circle,0,0,1,1,2,0,0,0,0,0,0,0,0,1,1,1,1,0,1,0,0,3,4,2,['Circle' 'Electrum' 'Blockchain' 'Coinbase'],Circle,0,0,0,1,0,1,0,0,1,0,0,0,0,0,1,0,0,1,1
1373,Coinbase,0,0,1,1,1,1,0,0,0,1,0,0,0,0,1,0,1,1,0,0,0,4,4,5,['Circle' 'Coinbase' 'Blockchain' 'Electrum'],Circle,0,0,0,1,0,0,1,0,1,0,0,0,0,1,0,0,0,1,1
1374,Blockchain,1,0,0,0,1,0,0,0,0,0,1,1,0,0,0,1,0,0,0,1,1,2,3,2,['Blockchain' 'Coinbase' 'Circle' 'Electrum'],Blockchain,1,0,0,0,0,0,1,0,0,0,0,1,0,1,0,0,1,0,1
1375,Circle,0,0,1,1,3,0,1,1,0,1,1,1,1,1,1,0,1,1,1,0,1,1,1,5,['Blockchain' 'Electrum' 'Coinbase' 'Circle'],Blockchain,1,0,0,0,0,1,0,0,0,0,1,0,0,0,0,1,1,0,1
1376,Blockchain,1,0,0,0,3,1,1,0,0,0,1,0,1,1,0,1,1,0,1,1,0,4,2,4,['Electrum' 'Circle' 'Blockchain' 'Coinbase'],Electrum,0,1,0,0,0,0,0,1,1,0,0,0,0,0,1,0,1,0,0
1377,Electrum,1,1,0,0,3,0,0,0,0,0,1,1,1,0,0,0,0,1,0,0,1,2,4,5,['Electrum' 'Circle' 'Coinbase' 'Blockchain'],Electrum,0,1,0,0,0,0,0,1,0,0,1,0,1,0,0,0,1,0,0
1378,Circle,0,0,1,1,2,1,1,1,1,0,1,1,1,0,0,1,0,0,1,1,0,2,3,5,['Blockchain' 'Coinbase' 'Electrum' 'Circle'],Blockchain,1,0,0,0,0,0,1,0,0,1,0,0,0,0,0,1,1,0,1
1379,Electrum,1,1,0,0,1,1,1,0,1,0,1,0,1,0,1,1,0,1,1,1,1,5,5,1,['Blockchain' 'Coinbase' 'Circle' 'Electrum'],Blockchain,1,0,0,0,0,0,1,0,0,0,0,1,0,1,0,0,1,0,1
1380,Coinbase,0,0,1,1,4,1,1,0,1,1,1,1,1,1,1,0,1,0,0,1,0,2,1,2,['Electrum' 'Coinbase' 'Blockchain' 'Circle'],Electrum,0,1,0,0,0,0,1,0,1,0,0,0,0,0,0,1,1,0,0
1381,Coinbase,0,0,1,1,1,0,1,0,0,0,0,1,1,1,0,1,0,1,1,0,0,3,4,1,['Electrum' 'Blockchain' 'Coinbase' 'Circle'],Electrum,0,1,0,0,1,0,0,0,0,0,1,0,0,0,0,1,1,0,0
1382,Blockchain,1,0,0,0,4,0,1,0,0,1,0,1,1,1,1,0,1,0,0,1,1,2,5,1,['Circle' 'Electrum' 'Coinbase' 'Blockchain'],Circle,0,0,0,1,0,1,0,0,0,0,1,0,1,0,0,0,0,1,1
1383,Coinbase,0,0,1,1,2,0,1,1,0,0,1,1,1,0,1,0,0,0,1,0,0,5,1,1,['Blockchain' 'Circle' 'Electrum' 'Coinbase'],Blockchain,1,0,0,0,0,0,0,1,0,1,0,0,0,0,1,0,1,0,1
1384,Electrum,1,1,0,0,4,1,0,0,0,1,1,0,0,1,1,0,1,1,0,0,1,3,4,5,['Electrum' 'Blockchain' 'Circle' 'Coinbase'],Electrum,0,1,0,0,1,0,0,0,0,0,0,1,0,0,1,0,1,0,0
1385,Blockchain,1,0,0,0,1,0,0,1,1,1,1,0,0,1,1,1,1,1,0,1,1,3,2,5,['Electrum' 'Coinbase' 'Circle' 'Blockchain'],Electrum,0,1,0,0,0,0,1,0,0,0,0,1,1,0,0,0,1,0,0
1386,Coinbase,0,0,1,1,1,0,0,1,1,0,0,0,1,1,0,0,0,0,1,0,1,2,3,2,['Coinbase' 'Electrum' 'Blockchain' 'Circle'],Coinbase,0,0,1,0,0,1,0,0,1,0,0,0,0,0,0,1,0,1,1
1387,Electrum,1,1,0,0,3,1,0,1,1,1,1,1,1,0,0,0,0,1,1,0,1,4,1,3,['Blockchain' 'Circle' 'Coinbase' 'Electrum'],Blockchain,1,0,0,0,0,0,0,1,0,0,1,0,0,1,0,0,1,0,1
1388,Electrum,1,1,0,0,2,1,0,1,1,1,1,1,1,1,1,1,1,0,1,0,1,4,3,5,['Coinbase' 'Circle' 'Blockchain' 'Electrum'],Coinbase,0,0,1,0,0,0,0,1,1,0,0,0,0,1,0,0,0,1,1
1389,Coinbase,0,0,1,1,2,0,1,1,1,1,0,1,1,0,0,1,1,0,1,1,1,2,5,4,['Circle' 'Electrum' 'Coinbase' 'Blockchain'],Circle,0,0,0,1,0,1,0,0,0,0,1,0,1,0,0,0,0,1,1
1390,Blockchain,1,0,0,0,4,0,0,1,0,1,0,1,1,0,0,1,0,0,0,0,1,5,4,1,['Circle' 'Coinbase' 'Blockchain' 'Electrum'],Circle,0,0,0,1,0,0,1,0,1,0,0,0,0,1,0,0,0,1,1
1391,Electrum,1,1,0,0,1,0,1,0,1,1,1,0,1,1,1,1,0,1,0,1,1,2,3,4,['Electrum' 'Blockchain' 'Circle' 'Coinbase'],Electrum,0,1,0,0,1,0,0,0,0,0,0,1,0,0,1,0,1,0,0
1392,Coinbase,0,0,1,1,4,0,0,1,1,1,0,0,1,1,0,0,1,0,0,1,0,3,5,4,['Blockchain' 'Coinbase' 'Circle' 'Electrum'],Blockchain,1,0,0,0,0,0,1,0,0,0,0,1,0,1,0,0,1,0,1
1393,Electrum,1,1,0,0,1,1,1,1,0,1,1,0,1,0,0,1,1,0,0,0,0,2,2,5,['Electrum' 'Circle' 'Coinbase' 'Blockchain'],Electrum,0,1,0,0,0,0,0,1,0,0,1,0,1,0,0,0,1,0,0
1394,Electrum,1,1,0,0,3,0,0,0,0,1,0,0,0,0,1,0,1,1,1,0,0,5,3,1,['Coinbase' 'Circle' 'Electrum' 'Blockchain'],Coinbase,0,0,1,0,0,0,0,1,0,1,0,0,1,0,0,0,0,1,1
1395,Coinbase,0,0,1,1,1,0,1,1,1,1,1,0,0,1,0,0,0,0,1,1,1,1,5,2,['Blockchain' 'Circle' 'Coinbase' 'Electrum'],Blockchain,1,0,0,0,0,0,0,1,0,0,1,0,0,1,0,0,1,0,1
1396,Circle,0,0,1,1,4,1,1,0,0,0,1,0,1,1,1,1,1,0,1,1,0,5,4,5,['Electrum' 'Coinbase' 'Circle' 'Blockchain'],Electrum,0,1,0,0,0,0,1,0,0,0,0,1,1,0,0,0,1,0,0
1397,Electrum,1,1,0,0,3,0,0,1,1,1,1,0,0,0,1,0,0,0,0,1,0,5,4,5,['Circle' 'Electrum' 'Blockchain' 'Coinbase'],Circle,0,0,0,1,0,1,0,0,1,0,0,0,0,0,1,0,0,1,1
1398,Electrum,1,1,0,0,2,0,0,1,1,1,0,1,1,1,1,0,0,0,0,1,1,5,3,5,['Blockchain' 'Circle' 'Coinbase' 'Electrum'],Blockchain,1,0,0,0,0,0,0,1,0,0,1,0,0,1,0,0,1,0,1
1399,Blockchain,1,0,0,0,4,0,1,1,1,0,1,1,1,0,1,1,1,0,1,0,1,2,2,1,['Circle' 'Electrum' 'Coinbase' 'Blockchain'],Circle,0,0,0,1,0,1,0,0,0,0,1,0,1,0,0,0,0,1,1
1400,Coinbase,0,0,1,1,2,1,0,0,1,1,1,1,0,0,1,0,0,0,1,1,0,4,5,2,['Circle' 'Blockchain' 'Electrum' 'Coinbase'],Circle,0,0,0,1,1,0,0,0,0,1,0,0,0,0,1,0,0,1,1
1401,Electrum,1,1,0,0,4,0,1,0,0,1,0,0,0,1,0,0,0,1,1,1,0,1,1,4,['Blockchain' 'Circle' 'Coinbase' 'Electrum'],Blockchain,1,0,0,0,0,0,0,1,0,0,1,0,0,1,0,0,1,0,1
1402,Coinbase,0,0,1,1,3,0,0,1,0,0,1,0,0,1,0,0,0,0,1,0,1,5,2,5,['Electrum' 'Circle' 'Blockchain' 'Coinbase'],Electrum,0,1,0,0,0,0,0,1,1,0,0,0,0,0,1,0,1,0,0
1403,Blockchain,1,0,0,0,2,1,1,0,1,1,0,1,1,1,0,0,0,0,1,1,1,4,3,3,['Electrum' 'Blockchain' 'Circle' 'Coinbase'],Electrum,0,1,0,0,1,0,0,0,0,0,0,1,0,0,1,0,1,0,0
1404,Blockchain,1,0,0,0,3,0,1,0,0,1,1,1,0,1,0,0,0,0,0,1,1,5,2,5,['Electrum' 'Circle' 'Blockchain' 'Coinbase'],Electrum,0,1,0,0,0,0,0,1,1,0,0,0,0,0,1,0,1,0,0
1405,Circle,0,0,1,1,1,0,0,0,1,1,1,0,0,1,0,1,0,0,1,0,0,2,3,5,['Coinbase' 'Electrum' 'Circle' 'Blockchain'],Coinbase,0,0,1,0,0,1,0,0,0,0,0,1,1,0,0,0,0,1,1
1406,Blockchain,1,0,0,0,2,0,1,0,0,1,0,0,0,0,1,1,0,0,1,0,0,1,2,2,['Coinbase' 'Blockchain' 'Electrum' 'Circle'],Coinbase,0,0,1,0,1,0,0,0,0,1,0,0,0,0,0,1,0,1,1
1407,Coinbase,0,0,1,1,2,0,0,1,1,0,1,1,0,1,1,1,1,1,1,1,1,1,5,2,['Circle' 'Electrum' 'Coinbase' 'Blockchain'],Circle,0,0,0,1,0,1,0,0,0,0,1,0,1,0,0,0,0,1,1
1408,Electrum,1,1,0,0,3,1,0,1,0,1,0,0,1,1,0,0,1,1,0,1,1,2,2,1,['Electrum' 'Blockchain' 'Coinbase' 'Circle'],Electrum,0,1,0,0,1,0,0,0,0,0,1,0,0,0,0,1,1,0,0
1409,Circle,0,0,1,1,2,1,1,1,0,0,1,0,1,1,0,0,0,1,1,1,0,1,1,2,['Blockchain' 'Coinbase' 'Circle' 'Electrum'],Blockchain,1,0,0,0,0,0,1,0,0,0,0,1,0,1,0,0,1,0,1
1410,Electrum,1,1,0,0,4,1,0,0,1,0,1,0,0,1,0,1,1,0,1,1,1,4,4,5,['Blockchain' 'Coinbase' 'Circle' 'Electrum'],Blockchain,1,0,0,0,0,0,1,0,0,0,0,1,0,1,0,0,1,0,1
1411,Blockchain,1,0,0,0,4,0,0,0,0,1,1,1,1,0,0,0,1,1,1,0,0,3,3,4,['Blockchain' 'Coinbase' 'Circle' 'Electrum'],Blockchain,1,0,0,0,0,0,1,0,0,0,0,1,0,1,0,0,1,0,1
1412,Blockchain,1,0,0,0,2,1,1,1,0,1,1,0,1,1,1,0,0,0,1,0,1,5,3,4,['Circle' 'Coinbase' 'Electrum' 'Blockchain'],Circle,0,0,0,1,0,0,1,0,0,1,0,0,1,0,0,0,0,1,1
1413,Coinbase,0,0,1,1,1,0,1,1,0,1,1,0,1,0,1,0,1,0,1,1,0,3,3,3,['Coinbase' 'Electrum' 'Circle' 'Blockchain'],Coinbase,0,0,1,0,0,1,0,0,0,0,0,1,1,0,0,0,0,1,1
1414,Blockchain,1,0,0,0,3,0,1,1,0,0,0,1,1,0,0,0,1,1,1,1,1,5,5,2,['Electrum' 'Blockchain' 'Coinbase' 'Circle'],Electrum,0,1,0,0,1,0,0,0,0,0,1,0,0,0,0,1,1,0,0
1415,Blockchain,1,0,0,0,3,0,1,0,1,0,0,0,0,1,0,1,1,0,1,0,0,1,3,2,['Circle' 'Coinbase' 'Electrum' 'Blockchain'],Circle,0,0,0,1,0,0,1,0,0,1,0,0,1,0,0,0,0,1,1
1416,Blockchain,1,0,0,0,4,0,0,1,0,1,0,0,1,0,1,1,1,0,0,0,1,1,1,1,['Blockchain' 'Coinbase' 'Electrum' 'Circle'],Blockchain,1,0,0,0,0,0,1,0,0,1,0,0,0,0,0,1,1,0,1
1417,Electrum,1,1,0,0,3,1,1,0,0,0,0,1,0,0,0,1,0,0,1,1,0,5,3,5,['Coinbase' 'Circle' 'Blockchain' 'Electrum'],Coinbase,0,0,1,0,0,0,0,1,1,0,0,0,0,1,0,0,0,1,1
1418,Electrum,1,1,0,0,3,1,0,1,0,1,0,0,0,1,0,1,0,1,0,0,1,2,1,3,['Electrum' 'Circle' 'Coinbase' 'Blockchain'],Electrum,0,1,0,0,0,0,0,1,0,0,1,0,1,0,0,0,1,0,0
1419,Blockchain,1,0,0,0,1,0,1,0,1,0,0,1,0,1,1,1,0,0,1,0,1,4,3,3,['Coinbase' 'Electrum' 'Circle' 'Blockchain'],Coinbase,0,0,1,0,0,1,0,0,0,0,0,1,1,0,0,0,0,1,1
1420,Electrum,1,1,0,0,4,1,1,1,1,0,1,0,1,0,1,0,0,1,1,1,0,4,2,4,['Electrum' 'Blockchain' 'Circle' 'Coinbase'],Electrum,0,1,0,0,1,0,0,0,0,0,0,1,0,0,1,0,1,0,0
1421,Blockchain,1,0,0,0,3,1,1,1,0,1,0,1,0,0,1,0,0,1,0,1,0,5,4,2,['Electrum' 'Blockchain' 'Coinbase' 'Circle'],Electrum,0,1,0,0,1,0,0,0,0,0,1,0,0,0,0,1,1,0,0
1422,Coinbase,0,0,1,1,2,1,0,1,0,0,1,0,1,0,1,0,0,1,1,1,1,3,2,3,['Blockchain' 'Circle' 'Electrum' 'Coinbase'],Blockchain,1,0,0,0,0,0,0,1,0,1,0,0,0,0,1,0,1,0,1
1423,Coinbase,0,0,1,1,1,0,0,1,1,0,0,0,0,1,1,0,1,0,0,0,1,1,5,4,['Circle' 'Coinbase' 'Blockchain' 'Electrum'],Circle,0,0,0,1,0,0,1,0,1,0,0,0,0,1,0,0,0,1,1
1424,Electrum,1,1,0,0,2,1,0,0,0,1,1,0,0,1,1,1,0,1,1,1,1,3,3,5,['Blockchain' 'Coinbase' 'Circle' 'Electrum'],Blockchain,1,0,0,0,0,0,1,0,0,0,0,1,0,1,0,0,1,0,1
1425,Blockchain,1,0,0,0,1,1,0,0,1,1,1,1,0,0,1,1,0,1,0,0,1,4,2,2,['Circle' 'Electrum' 'Coinbase' 'Blockchain'],Circle,0,0,0,1,0,1,0,0,0,0,1,0,1,0,0,0,0,1,1
1426,Coinbase,0,0,1,1,1,0,0,1,0,1,1,0,0,1,1,1,1,1,1,0,1,4,3,3,['Circle' 'Blockchain' 'Coinbase' 'Electrum'],Circle,0,0,0,1,1,0,0,0,0,0,1,0,0,1,0,0,0,1,1
1427,Coinbase,0,0,1,1,4,0,1,0,1,1,1,1,0,0,1,1,0,0,0,1,0,5,3,4,['Blockchain' 'Electrum' 'Circle' 'Coinbase'],Blockchain,1,0,0,0,0,1,0,0,0,0,0,1,0,0,1,0,1,0,1
1428,Electrum,1,1,0,0,2,1,0,1,0,1,0,1,0,1,1,1,1,1,1,1,0,2,1,1,['Blockchain' 'Circle' 'Electrum' 'Coinbase'],Blockchain,1,0,0,0,0,0,0,1,0,1,0,0,0,0,1,0,1,0,1
1429,Circle,0,0,1,1,1,1,1,0,0,0,1,0,0,0,0,1,1,1,1,0,1,5,5,5,['Circle' 'Electrum' 'Blockchain' 'Coinbase'],Circle,0,0,0,1,0,1,0,0,1,0,0,0,0,0,1,0,0,1,1
1430,Blockchain,1,0,0,0,3,1,1,0,0,1,0,1,0,0,1,0,1,1,1,1,1,5,1,4,['Blockchain' 'Electrum' 'Coinbase' 'Circle'],Blockchain,1,0,0,0,0,1,0,0,0,0,1,0,0,0,0,1,1,0,1
1431,Coinbase,0,0,1,1,2,0,1,0,0,1,0,0,0,0,0,1,0,0,0,1,1,3,2,4,['Coinbase' 'Blockchain' 'Circle' 'Electrum'],Coinbase,0,0,1,0,1,0,0,0,0,0,0,1,0,1,0,0,0,1,1
1432,Coinbase,0,0,1,1,1,1,1,1,0,0,0,1,0,1,1,0,1,1,1,0,0,4,1,5,['Coinbase' 'Blockchain' 'Electrum' 'Circle'],Coinbase,0,0,1,0,1,0,0,0,0,1,0,0,0,0,0,1,0,1,1
1433,Coinbase,0,0,1,1,1,1,1,0,1,1,0,0,1,1,1,1,0,1,1,0,0,1,5,4,['Electrum' 'Coinbase' 'Circle' 'Blockchain'],Electrum,0,1,0,0,0,0,1,0,0,0,0,1,1,0,0,0,1,0,0
1434,Blockchain,1,0,0,0,1,0,1,0,0,0,1,1,0,1,1,1,1,0,0,1,1,5,4,4,['Coinbase' 'Blockchain' 'Circle' 'Electrum'],Coinbase,0,0,1,0,1,0,0,0,0,0,0,1,0,1,0,0,0,1,1
1435,Circle,0,0,1,1,1,1,0,1,1,1,0,0,0,1,1,0,0,1,1,1,1,4,2,3,['Coinbase' 'Circle' 'Blockchain' 'Electrum'],Coinbase,0,0,1,0,0,0,0,1,1,0,0,0,0,1,0,0,0,1,1
1436,Circle,0,0,1,1,4,1,0,0,0,1,0,0,1,0,0,0,0,0,0,1,1,2,4,1,['Circle' 'Blockchain' 'Coinbase' 'Electrum'],Circle,0,0,0,1,1,0,0,0,0,0,1,0,0,1,0,0,0,1,1
1437,Coinbase,0,0,1,1,1,1,0,0,1,0,0,1,1,0,1,0,1,1,1,1,1,3,1,1,['Electrum' 'Circle' 'Coinbase' 'Blockchain'],Electrum,0,1,0,0,0,0,0,1,0,0,1,0,1,0,0,0,1,0,0
1438,Coinbase,0,0,1,1,4,0,0,0,1,1,0,0,1,1,1,1,0,0,1,0,0,1,2,4,['Electrum' 'Circle' 'Blockchain' 'Coinbase'],Electrum,0,1,0,0,0,0,0,1,1,0,0,0,0,0,1,0,1,0,0
1439,Coinbase,0,0,1,1,3,0,0,0,1,1,1,1,1,1,1,0,1,0,0,0,0,5,5,4,['Electrum' 'Coinbase' 'Circle' 'Blockchain'],Electrum,0,1,0,0,0,0,1,0,0,0,0,1,1,0,0,0,1,0,0
1440,Coinbase,0,0,1,1,4,0,1,0,0,1,1,1,1,0,0,1,0,0,1,1,1,3,5,1,['Electrum' 'Circle' 'Coinbase' 'Blockchain'],Electrum,0,1,0,0,0,0,0,1,0,0,1,0,1,0,0,0,1,0,0
1441,Electrum,1,1,0,0,3,1,0,1,0,0,1,0,0,1,0,1,1,0,0,0,0,4,1,5,['Blockchain' 'Coinbase' 'Electrum' 'Circle'],Blockchain,1,0,0,0,0,0,1,0,0,1,0,0,0,0,0,1,1,0,1
1442,Electrum,1,1,0,0,1,0,0,0,0,1,1,0,1,0,0,1,1,1,0,1,1,1,3,3,['Coinbase' 'Electrum' 'Blockchain' 'Circle'],Coinbase,0,0,1,0,0,1,0,0,1,0,0,0,0,0,0,1,0,1,1
1443,Coinbase,0,0,1,1,3,0,0,1,1,1,0,0,1,0,1,1,1,0,0,1,1,1,1,1,['Coinbase' 'Circle' 'Electrum' 'Blockchain'],Coinbase,0,0,1,0,0,0,0,1,0,1,0,0,1,0,0,0,0,1,1
1444,Blockchain,1,0,0,0,4,0,1,1,1,1,0,1,1,1,0,0,1,1,1,1,1,2,1,2,['Electrum' 'Circle' 'Coinbase' 'Blockchain'],Electrum,0,1,0,0,0,0,0,1,0,0,1,0,1,0,0,0,1,0,0
1445,Coinbase,0,0,1,1,3,1,0,1,0,1,0,0,1,0,0,1,0,1,1,1,1,3,4,5,['Circle' 'Blockchain' 'Electrum' 'Coinbase'],Circle,0,0,0,1,1,0,0,0,0,1,0,0,0,0,1,0,0,1,1
1446,Coinbase,0,0,1,1,2,0,0,1,1,1,0,0,1,1,0,1,1,1,0,0,1,2,2,4,['Circle' 'Electrum' 'Coinbase' 'Blockchain'],Circle,0,0,0,1,0,1,0,0,0,0,1,0,1,0,0,0,0,1,1
1447,Electrum,1,1,0,0,2,0,0,1,0,1,0,1,1,0,0,0,1,1,1,0,0,5,2,3,['Blockchain' 'Electrum' 'Circle' 'Coinbase'],Blockchain,1,0,0,0,0,1,0,0,0,0,0,1,0,0,1,0,1,0,1
1448,Coinbase,0,0,1,1,3,1,0,1,1,0,1,0,0,1,1,1,0,1,1,1,1,4,1,1,['Blockchain' 'Circle' 'Electrum' 'Coinbase'],Blockchain,1,0,0,0,0,0,0,1,0,1,0,0,0,0,1,0,1,0,1
1449,Electrum,1,1,0,0,1,0,1,0,1,1,0,1,0,0,1,1,1,1,1,0,0,2,1,4,['Electrum' 'Coinbase' 'Circle' 'Blockchain'],Electrum,0,1,0,0,0,0,1,0,0,0,0,1,1,0,0,0,1,0,0
1450,Coinbase,0,0,1,1,1,1,1,1,1,0,0,0,1,1,0,1,0,1,0,1,1,3,2,4,['Circle' 'Blockchain' 'Coinbase' 'Electrum'],Circle,0,0,0,1,1,0,0,0,0,0,1,0,0,1,0,0,0,1,1
1451,Blockchain,1,0,0,0,2,0,0,0,1,0,0,1,1,0,1,1,1,0,1,0,0,1,2,1,['Blockchain' 'Electrum' 'Coinbase' 'Circle'],Blockchain,1,0,0,0,0,1,0,0,0,0,1,0,0,0,0,1,1,0,1
1452,Blockchain,1,0,0,0,2,1,1,0,0,1,0,0,0,1,0,1,0,1,1,1,0,3,5,4,['Coinbase' 'Blockchain' 'Circle' 'Electrum'],Coinbase,0,0,1,0,1,0,0,0,0,0,0,1,0,1,0,0,0,1,1
1453,Electrum,1,1,0,0,4,1,1,0,1,1,0,1,0,0,1,0,1,1,1,1,0,2,1,3,['Coinbase' 'Circle' 'Electrum' 'Blockchain'],Coinbase,0,0,1,0,0,0,0,1,0,1,0,0,1,0,0,0,0,1,1
1454,Coinbase,0,0,1,1,2,1,0,1,0,1,1,0,1,0,1,1,0,1,0,1,1,3,1,1,['Coinbase' 'Blockchain' 'Circle' 'Electrum'],Coinbase,0,0,1,0,1,0,0,0,0,0,0,1,0,1,0,0,0,1,1
1455,Blockchain,1,0,0,0,1,0,1,1,0,1,0,0,1,0,1,1,1,0,1,1,0,4,1,4,['Circle' 'Coinbase' 'Electrum' 'Blockchain'],Circle,0,0,0,1,0,0,1,0,0,1,0,0,1,0,0,0,0,1,1
1456,Blockchain,1,0,0,0,4,1,1,0,0,1,0,1,0,1,1,1,0,0,1,1,0,4,4,2,['Circle' 'Electrum' 'Blockchain' 'Coinbase'],Circle,0,0,0,1,0,1,0,0,1,0,0,0,0,0,1,0,0,1,1
1457,Circle,0,0,1,1,3,0,0,1,0,1,0,0,0,1,0,0,0,1,0,1,0,5,1,5,['Blockchain' 'Circle' 'Electrum' 'Coinbase'],Blockchain,1,0,0,0,0,0,0,1,0,1,0,0,0,0,1,0,1,0,1
1458,Blockchain,1,0,0,0,2,1,1,0,1,0,0,0,1,0,0,0,0,0,1,0,1,4,2,4,['Circle' 'Coinbase' 'Electrum' 'Blockchain'],Circle,0,0,0,1,0,0,1,0,0,1,0,0,1,0,0,0,0,1,1
1459,Blockchain,1,0,0,0,4,1,0,0,1,0,0,0,0,0,0,1,1,0,1,0,0,3,4,4,['Circle' 'Blockchain' 'Electrum' 'Coinbase'],Circle,0,0,0,1,1,0,0,0,0,1,0,0,0,0,1,0,0,1,1
1460,Electrum,1,1,0,0,4,0,0,0,1,1,0,1,0,0,1,0,1,0,0,0,0,5,1,1,['Circle' 'Electrum' 'Blockchain' 'Coinbase'],Circle,0,0,0,1,0,1,0,0,1,0,0,0,0,0,1,0,0,1,1
1461,Blockchain,1,0,0,0,3,0,0,0,1,0,0,0,1,0,0,1,0,1,0,1,1,1,2,1,['Circle' 'Electrum' 'Coinbase' 'Blockchain'],Circle,0,0,0,1,0,1,0,0,0,0,1,0,1,0,0,0,0,1,1
1462,Coinbase,0,0,1,1,2,0,0,1,0,0,0,1,1,1,0,0,0,1,1,0,1,3,3,1,['Coinbase' 'Blockchain' 'Electrum' 'Circle'],Coinbase,0,0,1,0,1,0,0,0,0,1,0,0,0,0,0,1,0,1,1
1463,Electrum,1,1,0,0,1,0,0,1,1,0,1,0,1,0,1,0,0,1,0,0,0,2,3,3,['Circle' 'Electrum' 'Coinbase' 'Blockchain'],Circle,0,0,0,1,0,1,0,0,0,0,1,0,1,0,0,0,0,1,1
1464,Blockchain,1,0,0,0,1,0,1,1,0,1,0,1,1,1,0,0,0,1,0,1,0,5,2,3,['Coinbase' 'Blockchain' 'Circle' 'Electrum'],Coinbase,0,0,1,0,1,0,0,0,0,0,0,1,0,1,0,0,0,1,1
1465,Circle,0,0,1,1,4,1,0,0,1,0,1,1,0,0,1,1,1,0,1,1,1,2,1,3,['Coinbase' 'Electrum' 'Circle' 'Blockchain'],Coinbase,0,0,1,0,0,1,0,0,0,0,0,1,1,0,0,0,0,1,1
1466,Electrum,1,1,0,0,3,0,0,1,1,1,0,0,0,1,1,0,0,0,0,0,1,2,2,2,['Coinbase' 'Circle' 'Blockchain' 'Electrum'],Coinbase,0,0,1,0,0,0,0,1,1,0,0,0,0,1,0,0,0,1,1
1467,Coinbase,0,0,1,1,1,0,0,0,1,1,0,1,0,1,0,0,1,0,0,1,1,3,1,5,['Electrum' 'Circle' 'Coinbase' 'Blockchain'],Electrum,0,1,0,0,0,0,0,1,0,0,1,0,1,0,0,0,1,0,0
1468,Electrum,1,1,0,0,1,0,1,0,0,0,1,1,1,1,0,0,0,1,0,0,0,2,1,3,['Blockchain' 'Coinbase' 'Circle' 'Electrum'],Blockchain,1,0,0,0,0,0,1,0,0,0,0,1,0,1,0,0,1,0,1
1469,Circle,0,0,1,1,2,0,1,0,1,1,0,0,0,0,1,0,0,0,1,1,1,5,4,2,['Electrum' 'Blockchain' 'Circle' 'Coinbase'],Electrum,0,1,0,0,1,0,0,0,0,0,0,1,0,0,1,0,1,0,0
1470,Coinbase,0,0,1,1,3,1,0,1,1,0,0,0,0,1,0,0,0,0,1,1,1,5,3,5,['Circle' 'Electrum' 'Blockchain' 'Coinbase'],Circle,0,0,0,1,0,1,0,0,1,0,0,0,0,0,1,0,0,1,1
1471,Blockchain,1,0,0,0,1,0,1,0,1,0,0,0,1,1,0,0,1,0,1,1,0,4,5,4,['Coinbase' 'Blockchain' 'Electrum' 'Circle'],Coinbase,0,0,1,0,1,0,0,0,0,1,0,0,0,0,0,1,0,1,1
1472,Electrum,1,1,0,0,3,0,0,0,0,0,0,1,0,0,0,0,0,1,1,0,0,2,3,5,['Blockchain' 'Electrum' 'Coinbase' 'Circle'],Blockchain,1,0,0,0,0,1,0,0,0,0,1,0,0,0,0,1,1,0,1
1473,Coinbase,0,0,1,1,2,0,1,0,1,1,1,1,0,1,0,0,1,1,1,1,0,1,4,2,['Electrum' 'Blockchain' 'Coinbase' 'Circle'],Electrum,0,1,0,0,1,0,0,0,0,0,1,0,0,0,0,1,1,0,0
1474,Coinbase,0,0,1,1,2,1,0,1,0,1,1,0,0,0,0,1,1,1,1,1,0,1,2,3,['Coinbase' 'Circle' 'Blockchain' 'Electrum'],Coinbase,0,0,1,0,0,0,0,1,1,0,0,0,0,1,0,0,0,1,1
1475,Blockchain,1,0,0,0,1,0,0,0,1,0,1,0,1,1,1,0,0,0,1,0,1,3,5,3,['Electrum' 'Circle' 'Blockchain' 'Coinbase'],Electrum,0,1,0,0,0,0,0,1,1,0,0,0,0,0,1,0,1,0,0
1476,Blockchain,1,0,0,0,1,1,0,1,1,0,1,0,0,0,0,0,0,1,1,1,0,2,5,4,['Coinbase' 'Electrum' 'Blockchain' 'Circle'],Coinbase,0,0,1,0,0,1,0,0,1,0,0,0,0,0,0,1,0,1,1
1477,Coinbase,0,0,1,1,3,0,1,1,1,0,0,0,0,1,0,0,1,0,1,1,1,5,4,4,['Blockchain' 'Coinbase' 'Circle' 'Electrum'],Blockchain,1,0,0,0,0,0,1,0,0,0,0,1,0,1,0,0,1,0,1
1478,Blockchain,1,0,0,0,2,1,1,0,0,0,0,1,1,0,0,0,0,1,1,0,1,1,3,3,['Electrum' 'Blockchain' 'Coinbase' 'Circle'],Electrum,0,1,0,0,1,0,0,0,0,0,1,0,0,0,0,1,1,0,0
1479,Blockchain,1,0,0,0,3,0,0,0,0,1,0,1,0,1,0,0,1,0,0,0,0,1,5,1,['Electrum' 'Blockchain' 'Coinbase' 'Circle'],Electrum,0,1,0,0,1,0,0,0,0,0,1,0,0,0,0,1,1,0,0
1480,Electrum,1,1,0,0,3,0,0,1,1,0,0,0,1,0,0,1,1,1,0,0,1,3,5,4,['Blockchain' 'Electrum' 'Circle' 'Coinbase'],Blockchain,1,0,0,0,0,1,0,0,0,0,0,1,0,0,1,0,1,0,1
1481,Coinbase,0,0,1,1,1,0,0,1,0,0,1,0,1,1,1,0,0,0,1,1,0,3,4,1,['Coinbase' 'Circle' 'Electrum' 'Blockchain'],Coinbase,0,0,1,0,0,0,0,1,0,1,0,0,1,0,0,0,0,1,1
1482,Coinbase,0,0,1,1,1,1,0,1,0,0,0,0,1,1,0,1,1,1,0,0,0,5,3,1,['Coinbase' 'Electrum' 'Circle' 'Blockchain'],Coinbase,0,0,1,0,0,1,0,0,0,0,0,1,1,0,0,0,0,1,1
1483,Circle,0,0,1,1,2,0,1,0,1,0,0,0,1,1,1,0,1,1,1,0,1,3,3,3,['Coinbase' 'Electrum' 'Circle' 'Blockchain'],Coinbase,0,0,1,0,0,1,0,0,0,0,0,1,1,0,0,0,0,1,1
1484,Electrum,1,1,0,0,4,0,0,0,0,1,1,0,0,0,1,1,0,1,1,0,1,3,5,3,['Circle' 'Electrum' 'Blockchain' 'Coinbase'],Circle,0,0,0,1,0,1,0,0,1,0,0,0,0,0,1,0,0,1,1
1485,Coinbase,0,0,1,1,1,1,0,0,0,1,0,1,0,0,1,0,0,1,1,0,0,3,1,4,['Coinbase' 'Electrum' 'Blockchain' 'Circle'],Coinbase,0,0,1,0,0,1,0,0,1,0,0,0,0,0,0,1,0,1,1
1486,Circle,0,0,1,1,1,1,0,0,0,0,0,1,0,0,0,0,0,0,1,0,1,5,4,3,['Coinbase' 'Electrum' 'Blockchain' 'Circle'],Coinbase,0,0,1,0,0,1,0,0,1,0,0,0,0,0,0,1,0,1,1
1487,Blockchain,1,0,0,0,2,1,1,0,0,1,1,0,1,0,0,0,1,1,0,1,1,2,5,3,['Blockchain' 'Coinbase' 'Circle' 'Electrum'],Blockchain,1,0,0,0,0,0,1,0,0,0,0,1,0,1,0,0,1,0,1
1488,Circle,0,0,1,1,3,1,0,1,1,0,0,0,1,1,1,1,1,1,0,0,0,4,2,4,['Blockchain' 'Electrum' 'Circle' 'Coinbase'],Blockchain,1,0,0,0,0,1,0,0,0,0,0,1,0,0,1,0,1,0,1
1489,Circle,0,0,1,1,3,0,0,1,1,1,0,1,1,0,0,1,1,0,0,1,0,1,1,1,['Circle' 'Electrum' 'Blockchain' 'Coinbase'],Circle,0,0,0,1,0,1,0,0,1,0,0,0,0,0,1,0,0,1,1
1490,Coinbase,0,0,1,1,4,1,0,0,1,0,1,1,0,0,0,0,1,0,1,0,1,2,2,1,['Circle' 'Coinbase' 'Blockchain' 'Electrum'],Circle,0,0,0,1,0,0,1,0,1,0,0,0,0,1,0,0,0,1,1
1491,Coinbase,0,0,1,1,1,1,0,1,0,0,0,0,1,1,1,1,0,1,0,0,0,4,2,5,['Circle' 'Electrum' 'Blockchain' 'Coinbase'],Circle,0,0,0,1,0,1,0,0,1,0,0,0,0,0,1,0,0,1,1
1492,Electrum,1,1,0,0,1,0,0,0,1,0,0,1,1,1,0,1,0,1,1,0,1,1,4,1,['Electrum' 'Circle' 'Blockchain' 'Coinbase'],Electrum,0,1,0,0,0,0,0,1,1,0,0,0,0,0,1,0,1,0,0
1493,Circle,0,0,1,1,3,0,0,0,1,1,1,1,0,1,0,1,0,0,0,1,1,3,2,4,['Circle' 'Coinbase' 'Electrum' 'Blockchain'],Circle,0,0,0,1,0,0,1,0,0,1,0,0,1,0,0,0,0,1,1
1494,Blockchain,1,0,0,0,3,1,0,1,0,0,0,0,0,1,0,1,0,0,1,1,0,5,3,5,['Electrum' 'Blockchain' 'Circle' 'Coinbase'],Electrum,0,1,0,0,1,0,0,0,0,0,0,1,0,0,1,0,1,0,0
1495,Electrum,1,1,0,0,3,1,1,1,1,1,1,1,1,0,1,0,0,0,1,0,1,4,4,4,['Coinbase' 'Circle' 'Electrum' 'Blockchain'],Coinbase,0,0,1,0,0,0,0,1,0,1,0,0,1,0,0,0,0,1,1
1496,Circle,0,0,1,1,4,1,1,1,0,1,1,1,0,1,1,0,1,1,1,0,0,1,2,5,['Blockchain' 'Coinbase' 'Electrum' 'Circle'],Blockchain,1,0,0,0,0,0,1,0,0,1,0,0,0,0,0,1,1,0,1
1497,Blockchain,1,0,0,0,2,1,1,0,0,0,1,0,0,0,0,0,0,1,0,0,0,4,5,3,['Blockchain' 'Electrum' 'Circle' 'Coinbase'],Blockchain,1,0,0,0,0,1,0,0,0,0,0,1,0,0,1,0,1,0,1
1498,Electrum,1,1,0,0,4,1,0,1,0,1,1,0,1,0,1,0,1,0,1,0,0,2,1,2,['Blockchain' 'Coinbase' 'Circle' 'Electrum'],Blockchain,1,0,0,0,0,0,1,0,0,0,0,1,0,1,0,0,1,0,1
1499,Blockchain,1,0,0,0,1,0,1,1,0,0,1,0,1,0,0,0,0,1,0,0,0,2,2,1,['Blockchain' 'Circle' 'Coinbase' 'Electrum'],Blockchain,1,0,0,0,0,0,0,1,0,0,1,0,0,1,0,0,1,0,1
1500,Circle,0,0,1,1,2,1,1,0,0,1,1,1,0,0,1,1,0,1,1,0,0,2,3,4,['Circle' 'Electrum' 'Coinbase' 'Blockchain'],Circle,0,0,0,1,0,1,0,0,0,0,1,0,1,0,0,0,0,1,1
1501,Blockchain,1,0,0,0,3,1,0,1,1,1,1,1,0,0,0,0,0,0,0,1,1,3,2,4,['Coinbase' 'Circle' 'Blockchain' 'Electrum'],Coinbase,0,0,1,0,0,0,0,1,1,0,0,0,0,1,0,0,0,1,1
1502,Circle,0,0,1,1,1,1,0,0,0,1,1,0,1,0,1,0,1,1,0,0,1,4,4,2,['Coinbase' 'Blockchain' 'Circle' 'Electrum'],Coinbase,0,0,1,0,1,0,0,0,0,0,0,1,0,1,0,0,0,1,1
1503,Circle,0,0,1,1,2,0,1,1,1,0,0,1,0,1,1,1,0,0,1,0,1,3,4,3,['Coinbase' 'Circle' 'Electrum' 'Blockchain'],Coinbase,0,0,1,0,0,0,0,1,0,1,0,0,1,0,0,0,0,1,1
1504,Blockchain,1,0,0,0,2,0,1,1,0,0,1,0,0,1,0,0,1,0,1,1,0,2,5,1,['Blockchain' 'Coinbase' 'Electrum' 'Circle'],Blockchain,1,0,0,0,0,0,1,0,0,1,0,0,0,0,0,1,1,0,1
1505,Coinbase,0,0,1,1,3,0,1,0,1,1,1,1,1,0,0,1,1,0,1,1,1,5,3,5,['Coinbase' 'Electrum' 'Circle' 'Blockchain'],Coinbase,0,0,1,0,0,1,0,0,0,0,0,1,1,0,0,0,0,1,1
1506,Coinbase,0,0,1,1,2,1,0,0,0,0,1,0,0,0,1,1,1,1,1,0,1,3,4,5,['Electrum' 'Circle' 'Blockchain' 'Coinbase'],Electrum,0,1,0,0,0,0,0,1,1,0,0,0,0,0,1,0,1,0,0
1507,Coinbase,0,0,1,1,1,1,0,1,0,1,0,1,0,0,1,0,1,0,1,0,0,3,3,4,['Circle' 'Electrum' 'Coinbase' 'Blockchain'],Circle,0,0,0,1,0,1,0,0,0,0,1,0,1,0,0,0,0,1,1
1508,Coinbase,0,0,1,1,1,1,1,0,1,1,0,1,0,1,1,1,0,1,0,1,1,3,4,1,['Coinbase' 'Electrum' 'Circle' 'Blockchain'],Coinbase,0,0,1,0,0,1,0,0,0,0,0,1,1,0,0,0,0,1,1
1509,Circle,0,0,1,1,3,0,0,0,1,0,0,1,1,0,0,1,0,0,1,0,1,1,2,3,['Circle' 'Electrum' 'Blockchain' 'Coinbase'],Circle,0,0,0,1,0,1,0,0,1,0,0,0,0,0,1,0,0,1,1
1510,Electrum,1,1,0,0,4,0,1,1,1,0,1,0,1,1,0,0,0,0,0,0,1,1,3,5,['Blockchain' 'Electrum' 'Coinbase' 'Circle'],Blockchain,1,0,0,0,0,1,0,0,0,0,1,0,0,0,0,1,1,0,1
1511,Blockchain,1,0,0,0,3,1,0,0,0,0,1,1,1,1,1,0,1,0,0,1,1,4,3,3,['Coinbase' 'Circle' 'Electrum' 'Blockchain'],Coinbase,0,0,1,0,0,0,0,1,0,1,0,0,1,0,0,0,0,1,1
1512,Blockchain,1,0,0,0,3,1,0,0,1,0,0,1,0,0,1,1,1,0,1,0,0,3,2,3,['Blockchain' 'Circle' 'Coinbase' 'Electrum'],Blockchain,1,0,0,0,0,0,0,1,0,0,1,0,0,1,0,0,1,0,1
1513,Electrum,1,1,0,0,1,1,0,0,0,0,1,0,1,0,1,1,0,1,1,0,1,2,3,3,['Coinbase' 'Blockchain' 'Circle' 'Electrum'],Coinbase,0,0,1,0,1,0,0,0,0,0,0,1,0,1,0,0,0,1,1
1514,Circle,0,0,1,1,2,1,1,1,1,1,0,0,1,0,1,1,1,0,1,1,1,5,3,2,['Electrum' 'Circle' 'Coinbase' 'Blockchain'],Electrum,0,1,0,0,0,0,0,1,0,0,1,0,1,0,0,0,1,0,0
1515,Blockchain,1,0,0,0,2,0,0,1,1,1,0,1,0,0,0,0,1,1,1,0,1,4,3,1,['Electrum' 'Coinbase' 'Blockchain' 'Circle'],Electrum,0,1,0,0,0,0,1,0,1,0,0,0,0,0,0,1,1,0,0
1516,Coinbase,0,0,1,1,1,1,0,1,1,0,1,1,0,0,0,1,1,1,1,1,1,5,4,2,['Electrum' 'Blockchain' 'Coinbase' 'Circle'],Electrum,0,1,0,0,1,0,0,0,0,0,1,0,0,0,0,1,1,0,0
1517,Circle,0,0,1,1,4,1,1,1,1,0,0,1,1,0,1,0,0,1,0,0,1,3,5,3,['Coinbase' 'Blockchain' 'Circle' 'Electrum'],Coinbase,0,0,1,0,1,0,0,0,0,0,0,1,0,1,0,0,0,1,1
1518,Electrum,1,1,0,0,1,0,0,0,1,1,1,1,1,1,0,0,1,1,1,0,1,3,3,5,['Blockchain' 'Circle' 'Electrum' 'Coinbase'],Blockchain,1,0,0,0,0,0,0,1,0,1,0,0,0,0,1,0,1,0,1
1519,Coinbase,0,0,1,1,3,1,1,1,1,1,0,1,0,1,0,1,0,0,1,0,1,1,3,2,['Coinbase' 'Electrum' 'Blockchain' 'Circle'],Coinbase,0,0,1,0,0,1,0,0,1,0,0,0,0,0,0,1,0,1,1
1520,Blockchain,1,0,0,0,3,1,0,1,0,1,1,1,1,1,0,1,1,0,0,1,1,3,1,4,['Circle' 'Coinbase' 'Blockchain' 'Electrum'],Circle,0,0,0,1,0,0,1,0,1,0,0,0,0,1,0,0,0,1,1
1521,Blockchain,1,0,0,0,1,1,0,1,0,0,1,0,1,0,1,1,0,1,0,0,0,3,4,3,['Electrum' 'Coinbase' 'Circle' 'Blockchain'],Electrum,0,1,0,0,0,0,1,0,0,0,0,1,1,0,0,0,1,0,0
1522,Blockchain,1,0,0,0,2,1,1,0,1,0,1,1,0,0,0,0,1,1,0,1,0,2,1,3,['Electrum' 'Coinbase' 'Circle' 'Blockchain'],Electrum,0,1,0,0,0,0,1,0,0,0,0,1,1,0,0,0,1,0,0
1523,Coinbase,0,0,1,1,2,0,1,1,1,1,1,0,1,1,1,1,0,1,1,1,1,2,1,4,['Circle' 'Electrum' 'Coinbase' 'Blockchain'],Circle,0,0,0,1,0,1,0,0,0,0,1,0,1,0,0,0,0,1,1
1524,Circle,0,0,1,1,3,1,1,1,1,1,0,0,0,0,1,0,1,1,1,0,1,1,5,2,['Electrum' 'Circle' 'Blockchain' 'Coinbase'],Electrum,0,1,0,0,0,0,0,1,1,0,0,0,0,0,1,0,1,0,0
1525,Circle,0,0,1,1,4,1,1,1,0,0,1,0,1,1,1,1,0,1,1,1,0,3,3,3,['Blockchain' 'Coinbase' 'Electrum' 'Circle'],Blockchain,1,0,0,0,0,0,1,0,0,1,0,0,0,0,0,1,1,0,1
1526,Blockchain,1,0,0,0,3,1,0,1,0,1,0,0,0,0,1,0,0,0,0,0,1,2,3,2,['Circle' 'Electrum' 'Coinbase' 'Blockchain'],Circle,0,0,0,1,0,1,0,0,0,0,1,0,1,0,0,0,0,1,1
1527,Circle,0,0,1,1,2,1,0,0,0,0,0,0,0,0,0,1,1,0,0,1,0,4,4,4,['Coinbase' 'Circle' 'Electrum' 'Blockchain'],Coinbase,0,0,1,0,0,0,0,1,0,1,0,0,1,0,0,0,0,1,1
1528,Coinbase,0,0,1,1,4,0,1,1,1,0,1,1,0,0,1,0,1,1,1,0,1,4,4,3,['Blockchain' 'Electrum' 'Coinbase' 'Circle'],Blockchain,1,0,0,0,0,1,0,0,0,0,1,0,0,0,0,1,1,0,1
1529,Circle,0,0,1,1,4,0,1,0,0,0,1,1,0,0,0,1,0,0,0,1,0,2,5,2,['Electrum' 'Blockchain' 'Coinbase' 'Circle'],Electrum,0,1,0,0,1,0,0,0,0,0,1,0,0,0,0,1,1,0,0
1530,Electrum,1,1,0,0,2,0,1,0,0,0,1,1,0,1,0,1,1,1,0,0,0,2,5,4,['Electrum' 'Coinbase' 'Circle' 'Blockchain'],Electrum,0,1,0,0,0,0,1,0,0,0,0,1,1,0,0,0,1,0,0
1531,Coinbase,0,0,1,1,1,1,1,1,1,1,0,1,0,1,0,1,0,1,1,1,0,3,3,5,['Coinbase' 'Blockchain' 'Electrum' 'Circle'],Coinbase,0,0,1,0,1,0,0,0,0,1,0,0,0,0,0,1,0,1,1
1532,Electrum,1,1,0,0,4,1,0,0,1,1,1,0,1,1,1,1,1,0,1,0,1,3,5,3,['Blockchain' 'Electrum' 'Coinbase' 'Circle'],Blockchain,1,0,0,0,0,1,0,0,0,0,1,0,0,0,0,1,1,0,1
1533,Electrum,1,1,0,0,3,1,1,1,1,0,1,1,1,1,0,1,0,1,0,0,1,2,2,1,['Electrum' 'Circle' 'Coinbase' 'Blockchain'],Electrum,0,1,0,0,0,0,0,1,0,0,1,0,1,0,0,0,1,0,0
1534,Coinbase,0,0,1,1,3,1,0,0,1,0,0,0,0,0,1,1,0,0,0,0,0,4,1,2,['Circle' 'Coinbase' 'Electrum' 'Blockchain'],Circle,0,0,0,1,0,0,1,0,0,1,0,0,1,0,0,0,0,1,1
1535,Circle,0,0,1,1,1,1,0,1,0,1,1,0,0,1,1,0,0,0,1,0,0,4,1,4,['Electrum' 'Circle' 'Blockchain' 'Coinbase'],Electrum,0,1,0,0,0,0,0,1,1,0,0,0,0,0,1,0,1,0,0
1536,Circle,0,0,1,1,4,1,1,0,1,0,1,1,0,1,0,1,1,0,0,0,0,2,4,1,['Electrum' 'Blockchain' 'Coinbase' 'Circle'],Electrum,0,1,0,0,1,0,0,0,0,0,1,0,0,0,0,1,1,0,0
1537,Blockchain,1,0,0,0,3,1,0,1,0,1,0,0,1,1,0,0,0,1,1,1,1,5,4,4,['Circle' 'Blockchain' 'Electrum' 'Coinbase'],Circle,0,0,0,1,1,0,0,0,0,1,0,0,0,0,1,0,0,1,1
1538,Circle,0,0,1,1,2,1,0,0,1,0,0,1,1,1,1,0,1,0,0,0,1,1,2,1,['Electrum' 'Blockchain' 'Coinbase' 'Circle'],Electrum,0,1,0,0,1,0,0,0,0,0,1,0,0,0,0,1,1,0,0
1539,Electrum,1,1,0,0,4,0,0,0,0,0,0,1,0,0,1,1,0,1,0,0,1,3,1,4,['Coinbase' 'Blockchain' 'Electrum' 'Circle'],Coinbase,0,0,1,0,1,0,0,0,0,1,0,0,0,0,0,1,0,1,1
1540,Coinbase,0,0,1,1,4,0,0,1,1,1,1,1,0,1,0,0,0,0,0,0,0,2,1,1,['Coinbase' 'Circle' 'Electrum' 'Blockchain'],Coinbase,0,0,1,0,0,0,0,1,0,1,0,0,1,0,0,0,0,1,1
1541,Electrum,1,1,0,0,4,0,0,1,1,1,0,0,1,1,1,1,1,1,1,0,1,3,1,1,['Blockchain' 'Electrum' 'Coinbase' 'Circle'],Blockchain,1,0,0,0,0,1,0,0,0,0,1,0,0,0,0,1,1,0,1
1542,Blockchain,1,0,0,0,1,0,1,1,1,0,0,1,0,0,0,0,0,0,0,0,1,3,2,3,['Electrum' 'Circle' 'Blockchain' 'Coinbase'],Electrum,0,1,0,0,0,0,0,1,1,0,0,0,0,0,1,0,1,0,0
1543,Electrum,1,1,0,0,2,1,0,1,0,0,0,1,0,0,1,0,1,0,1,1,0,3,1,1,['Electrum' 'Circle' 'Coinbase' 'Blockchain'],Electrum,0,1,0,0,0,0,0,1,0,0,1,0,1,0,0,0,1,0,0
1544,Coinbase,0,0,1,1,3,1,1,1,0,0,1,0,0,1,0,0,0,0,0,0,0,1,3,5,['Electrum' 'Circle' 'Coinbase' 'Blockchain'],Electrum,0,1,0,0,0,0,0,1,0,0,1,0,1,0,0,0,1,0,0
1545,Electrum,1,1,0,0,2,0,0,0,1,1,1,1,1,1,0,1,0,0,1,0,1,2,2,5,['Blockchain' 'Electrum' 'Circle' 'Coinbase'],Blockchain,1,0,0,0,0,1,0,0,0,0,0,1,0,0,1,0,1,0,1
1546,Electrum,1,1,0,0,1,1,0,0,1,0,0,0,0,0,0,1,0,1,1,0,0,5,3,3,['Electrum' 'Coinbase' 'Circle' 'Blockchain'],Electrum,0,1,0,0,0,0,1,0,0,0,0,1,1,0,0,0,1,0,0
1547,Circle,0,0,1,1,2,1,1,0,1,0,0,1,1,0,1,0,0,0,0,1,1,3,1,1,['Electrum' 'Coinbase' 'Circle' 'Blockchain'],Electrum,0,1,0,0,0,0,1,0,0,0,0,1,1,0,0,0,1,0,0
1548,Circle,0,0,1,1,1,1,0,0,1,1,0,0,1,0,0,1,1,0,0,0,0,1,5,2,['Circle' 'Electrum' 'Coinbase' 'Blockchain'],Circle,0,0,0,1,0,1,0,0,0,0,1,0,1,0,0,0,0,1,1
1549,Circle,0,0,1,1,4,1,0,0,1,1,1,0,1,1,1,1,0,1,1,1,1,1,5,2,['Circle' 'Blockchain' 'Coinbase' 'Electrum'],Circle,0,0,0,1,1,0,0,0,0,0,1,0,0,1,0,0,0,1,1
1550,Electrum,1,1,0,0,3,0,0,1,0,1,0,1,0,0,1,0,0,1,0,0,1,5,3,3,['Coinbase' 'Electrum' 'Circle' 'Blockchain'],Coinbase,0,0,1,0,0,1,0,0,0,0,0,1,1,0,0,0,0,1,1
1551,Coinbase,0,0,1,1,2,0,1,0,1,1,0,1,0,1,0,0,1,0,1,1,1,1,4,3,['Circle' 'Blockchain' 'Coinbase' 'Electrum'],Circle,0,0,0,1,1,0,0,0,0,0,1,0,0,1,0,0,0,1,1
1552,Electrum,1,1,0,0,3,1,1,1,1,0,0,0,1,1,0,1,1,0,0,0,1,4,3,4,['Blockchain' 'Electrum' 'Circle' 'Coinbase'],Blockchain,1,0,0,0,0,1,0,0,0,0,0,1,0,0,1,0,1,0,1
1553,Blockchain,1,0,0,0,2,0,0,1,1,1,0,1,0,1,1,0,0,1,0,1,1,4,3,2,['Electrum' 'Coinbase' 'Circle' 'Blockchain'],Electrum,0,1,0,0,0,0,1,0,0,0,0,1,1,0,0,0,1,0,0
1554,Coinbase,0,0,1,1,3,1,1,0,1,1,0,1,0,0,1,1,1,0,0,0,0,3,3,4,['Coinbase' 'Circle' 'Blockchain' 'Electrum'],Coinbase,0,0,1,0,0,0,0,1,1,0,0,0,0,1,0,0,0,1,1
1555,Coinbase,0,0,1,1,4,1,0,0,1,0,0,1,0,1,1,0,1,0,1,1,1,2,5,2,['Coinbase' 'Circle' 'Electrum' 'Blockchain'],Coinbase,0,0,1,0,0,0,0,1,0,1,0,0,1,0,0,0,0,1,1
1556,Circle,0,0,1,1,2,1,1,1,1,0,0,0,1,0,1,1,0,0,0,1,1,2,4,5,['Blockchain' 'Coinbase' 'Electrum' 'Circle'],Blockchain,1,0,0,0,0,0,1,0,0,1,0,0,0,0,0,1,1,0,1
1557,Blockchain,1,0,0,0,2,0,1,1,1,1,1,0,0,0,0,1,1,0,1,1,0,5,5,3,['Coinbase' 'Circle' 'Electrum' 'Blockchain'],Coinbase,0,0,1,0,0,0,0,1,0,1,0,0,1,0,0,0,0,1,1
1558,Circle,0,0,1,1,3,0,0,1,1,1,1,0,1,1,0,1,0,1,0,1,1,5,2,2,['Circle' 'Blockchain' 'Coinbase' 'Electrum'],Circle,0,0,0,1,1,0,0,0,0,0,1,0,0,1,0,0,0,1,1
1559,Electrum,1,1,0,0,1,1,1,1,1,0,1,0,0,0,0,1,0,1,1,1,0,5,4,1,['Coinbase' 'Electrum' 'Circle' 'Blockchain'],Coinbase,0,0,1,0,0,1,0,0,0,0,0,1,1,0,0,0,0,1,1
1560,Circle,0,0,1,1,1,1,1,1,0,0,1,0,0,0,1,0,0,1,0,1,1,3,5,1,['Electrum' 'Coinbase' 'Blockchain' 'Circle'],Electrum,0,1,0,0,0,0,1,0,1,0,0,0,0,0,0,1,1,0,0
1561,Blockchain,1,0,0,0,2,1,1,1,0,1,0,0,0,0,0,1,1,1,1,0,0,2,3,1,['Electrum' 'Circle' 'Coinbase' 'Blockchain'],Electrum,0,1,0,0,0,0,0,1,0,0,1,0,1,0,0,0,1,0,0
1562,Coinbase,0,0,1,1,4,1,0,1,0,0,1,1,1,1,1,0,1,0,1,0,1,5,5,3,['Blockchain' 'Electrum' 'Circle' 'Coinbase'],Blockchain,1,0,0,0,0,1,0,0,0,0,0,1,0,0,1,0,1,0,1
1563,Electrum,1,1,0,0,4,0,0,0,1,0,0,1,1,0,1,1,1,0,1,1,1,3,2,2,['Circle' 'Electrum' 'Coinbase' 'Blockchain'],Circle,0,0,0,1,0,1,0,0,0,0,1,0,1,0,0,0,0,1,1
1564,Electrum,1,1,0,0,1,1,1,0,0,1,0,0,1,0,1,0,1,0,1,0,1,3,1,4,['Coinbase' 'Circle' 'Electrum' 'Blockchain'],Coinbase,0,0,1,0,0,0,0,1,0,1,0,0,1,0,0,0,0,1,1
1565,Circle,0,0,1,1,2,1,1,1,1,0,0,0,0,0,0,0,1,1,1,0,1,3,3,1,['Circle' 'Coinbase' 'Blockchain' 'Electrum'],Circle,0,0,0,1,0,0,1,0,1,0,0,0,0,1,0,0,0,1,1
1566,Coinbase,0,0,1,1,3,1,1,1,1,0,1,0,0,0,0,1,1,0,0,1,1,5,4,2,['Blockchain' 'Circle' 'Coinbase' 'Electrum'],Blockchain,1,0,0,0,0,0,0,1,0,0,1,0,0,1,0,0,1,0,1
1567,Circle,0,0,1,1,2,0,1,1,1,0,0,1,1,0,0,1,1,0,1,1,1,1,3,1,['Coinbase' 'Blockchain' 'Circle' 'Electrum'],Coinbase,0,0,1,0,1,0,0,0,0,0,0,1,0,1,0,0,0,1,1
1568,Blockchain,1,0,0,0,4,0,1,0,1,1,1,0,0,0,0,0,1,0,1,0,0,3,1,2,['Blockchain' 'Electrum' 'Circle' 'Coinbase'],Blockchain,1,0,0,0,0,1,0,0,0,0,0,1,0,0,1,0,1,0,1
1569,Blockchain,1,0,0,0,4,0,0,1,0,0,1,0,1,0,0,0,1,0,1,0,0,3,5,5,['Coinbase' 'Blockchain' 'Electrum' 'Circle'],Coinbase,0,0,1,0,1,0,0,0,0,1,0,0,0,0,0,1,0,1,1
1570,Electrum,1,1,0,0,1,0,1,1,0,0,0,1,0,1,1,1,1,0,1,0,1,4,1,5,['Circle' 'Blockchain' 'Electrum' 'Coinbase'],Circle,0,0,0,1,1,0,0,0,0,1,0,0,0,0,1,0,0,1,1
1571,Coinbase,0,0,1,1,2,0,0,0,0,0,0,0,1,1,1,1,0,1,0,1,1,5,1,4,['Blockchain' 'Coinbase' 'Circle' 'Electrum'],Blockchain,1,0,0,0,0,0,1,0,0,0,0,1,0,1,0,0,1,0,1
1572,Electrum,1,1,0,0,4,0,1,0,0,0,0,0,0,0,0,1,0,1,0,0,0,4,3,1,['Circle' 'Blockchain' 'Electrum' 'Coinbase'],Circle,0,0,0,1,1,0,0,0,0,1,0,0,0,0,1,0,0,1,1
1573,Coinbase,0,0,1,1,2,0,1,0,0,0,1,1,1,0,0,0,0,0,1,0,0,5,1,2,['Electrum' 'Circle' 'Coinbase' 'Blockchain'],Electrum,0,1,0,0,0,0,0,1,0,0,1,0,1,0,0,0,1,0,0
1574,Circle,0,0,1,1,1,1,1,0,1,1,1,1,1,1,0,0,1,0,0,0,0,1,3,5,['Coinbase' 'Circle' 'Electrum' 'Blockchain'],Coinbase,0,0,1,0,0,0,0,1,0,1,0,0,1,0,0,0,0,1,1
1575,Coinbase,0,0,1,1,1,0,0,0,1,1,0,1,1,1,0,1,0,0,0,0,1,3,3,4,['Circle' 'Blockchain' 'Electrum' 'Coinbase'],Circle,0,0,0,1,1,0,0,0,0,1,0,0,0,0,1,0,0,1,1
1576,Coinbase,0,0,1,1,1,1,1,0,0,0,0,1,1,0,1,1,1,0,1,1,1,4,2,3,['Circle' 'Blockchain' 'Electrum' 'Coinbase'],Circle,0,0,0,1,1,0,0,0,0,1,0,0,0,0,1,0,0,1,1
1577,Coinbase,0,0,1,1,2,1,1,1,0,1,0,1,0,1,0,1,0,0,1,0,1,5,1,3,['Electrum' 'Blockchain' 'Circle' 'Coinbase'],Electrum,0,1,0,0,1,0,0,0,0,0,0,1,0,0,1,0,1,0,0
1578,Electrum,1,1,0,0,3,0,1,0,0,1,1,1,0,0,1,1,0,0,1,0,0,3,4,1,['Coinbase' 'Electrum' 'Circle' 'Blockchain'],Coinbase,0,0,1,0,0,1,0,0,0,0,0,1,1,0,0,0,0,1,1
1579,Blockchain,1,0,0,0,4,0,0,1,0,1,1,0,1,0,1,0,1,1,0,1,1,2,3,4,['Blockchain' 'Circle' 'Coinbase' 'Electrum'],Blockchain,1,0,0,0,0,0,0,1,0,0,1,0,0,1,0,0,1,0,1
1580,Electrum,1,1,0,0,4,0,0,1,1,0,1,1,1,0,0,1,1,1,0,1,0,3,4,3,['Circle' 'Coinbase' 'Electrum' 'Blockchain'],Circle,0,0,0,1,0,0,1,0,0,1,0,0,1,0,0,0,0,1,1
1581,Blockchain,1,0,0,0,1,0,1,1,0,1,0,1,0,0,0,1,1,0,0,1,0,2,1,1,['Coinbase' 'Blockchain' 'Circle' 'Electrum'],Coinbase,0,0,1,0,1,0,0,0,0,0,0,1,0,1,0,0,0,1,1
1582,Electrum,1,1,0,0,4,0,1,0,0,1,0,0,0,0,1,1,1,1,1,1,1,1,5,4,['Coinbase' 'Circle' 'Blockchain' 'Electrum'],Coinbase,0,0,1,0,0,0,0,1,1,0,0,0,0,1,0,0,0,1,1
1583,Circle,0,0,1,1,1,1,1,0,1,0,0,0,0,0,0,1,1,1,1,1,1,2,2,5,['Coinbase' 'Circle' 'Blockchain' 'Electrum'],Coinbase,0,0,1,0,0,0,0,1,1,0,0,0,0,1,0,0,0,1,1
1584,Blockchain,1,0,0,0,1,0,0,1,1,1,0,1,1,0,0,1,0,1,1,0,0,1,3,2,['Blockchain' 'Electrum' 'Coinbase' 'Circle'],Blockchain,1,0,0,0,0,1,0,0,0,0,1,0,0,0,0,1,1,0,1
1585,Electrum,1,1,0,0,1,1,0,0,0,0,0,1,1,1,1,1,0,0,0,1,0,1,4,1,['Circle' 'Blockchain' 'Electrum' 'Coinbase'],Circle,0,0,0,1,1,0,0,0,0,1,0,0,0,0,1,0,0,1,1
1586,Blockchain,1,0,0,0,3,0,0,0,1,1,0,1,1,0,0,0,1,0,1,1,0,3,5,4,['Circle' 'Electrum' 'Coinbase' 'Blockchain'],Circle,0,0,0,1,0,1,0,0,0,0,1,0,1,0,0,0,0,1,1
1587,Electrum,1,1,0,0,1,0,1,1,0,1,1,1,1,0,0,0,1,1,0,0,0,4,3,4,['Electrum' 'Coinbase' 'Circle' 'Blockchain'],Electrum,0,1,0,0,0,0,1,0,0,0,0,1,1,0,0,0,1,0,0
1588,Circle,0,0,1,1,2,1,0,1,1,1,1,1,1,0,0,0,0,1,1,0,0,3,5,3,['Circle' 'Electrum' 'Coinbase' 'Blockchain'],Circle,0,0,0,1,0,1,0,0,0,0,1,0,1,0,0,0,0,1,1
1589,Electrum,1,1,0,0,3,0,1,0,0,1,0,1,0,1,1,1,1,0,0,1,1,2,3,4,['Electrum' 'Blockchain' 'Coinbase' 'Circle'],Electrum,0,1,0,0,1,0,0,0,0,0,1,0,0,0,0,1,1,0,0
1590,Circle,0,0,1,1,1,1,1,0,1,0,0,1,0,1,0,1,0,1,0,0,1,1,5,4,['Circle' 'Electrum' 'Blockchain' 'Coinbase'],Circle,0,0,0,1,0,1,0,0,1,0,0,0,0,0,1,0,0,1,1
1591,Blockchain,1,0,0,0,4,1,1,1,0,0,1,0,0,0,0,0,1,0,1,0,0,3,5,3,['Electrum' 'Circle' 'Coinbase' 'Blockchain'],Electrum,0,1,0,0,0,0,0,1,0,0,1,0,1,0,0,0,1,0,0
1592,Circle,0,0,1,1,2,0,1,1,1,1,1,0,1,0,0,0,0,1,1,0,1,3,1,2,['Circle' 'Blockchain' 'Electrum' 'Coinbase'],Circle,0,0,0,1,1,0,0,0,0,1,0,0,0,0,1,0,0,1,1
1593,Blockchain,1,0,0,0,1,1,0,0,0,1,0,1,0,1,0,0,0,0,1,0,1,5,1,5,['Blockchain' 'Coinbase' 'Circle' 'Electrum'],Blockchain,1,0,0,0,0,0,1,0,0,0,0,1,0,1,0,0,1,0,1
1594,Coinbase,0,0,1,1,3,1,1,0,1,1,1,0,0,0,0,0,1,0,0,1,1,5,2,1,['Blockchain' 'Electrum' 'Circle' 'Coinbase'],Blockchain,1,0,0,0,0,1,0,0,0,0,0,1,0,0,1,0,1,0,1
1595,Blockchain,1,0,0,0,3,1,0,0,0,1,0,1,0,1,1,1,1,0,0,1,0,1,1,2,['Coinbase' 'Electrum' 'Circle' 'Blockchain'],Coinbase,0,0,1,0,0,1,0,0,0,0,0,1,1,0,0,0,0,1,1
1596,Electrum,1,1,0,0,3,1,0,1,1,0,0,0,0,1,1,0,0,1,1,1,1,1,2,3,['Circle' 'Electrum' 'Coinbase' 'Blockchain'],Circle,0,0,0,1,0,1,0,0,0,0,1,0,1,0,0,0,0,1,1
1597,Circle,0,0,1,1,4,1,0,0,0,0,0,0,0,0,0,0,1,1,1,1,1,1,1,2,['Coinbase' 'Circle' 'Blockchain' 'Electrum'],Coinbase,0,0,1,0,0,0,0,1,1,0,0,0,0,1,0,0,0,1,1
1598,Electrum,1,1,0,0,3,1,0,0,1,0,1,0,0,1,1,1,1,1,0,0,0,4,4,5,['Blockchain' 'Coinbase' 'Circle' 'Electrum'],Blockchain,1,0,0,0,0,0,1,0,0,0,0,1,0,1,0,0,1,0,1
1599,Blockchain,1,0,0,0,4,1,0,0,0,1,1,0,1,0,1,0,0,1,1,1,0,2,2,1,['Circle' 'Electrum' 'Blockchain' 'Coinbase'],Circle,0,0,0,1,0,1,0,0,1,0,0,0,0,0,1,0,0,1,1
1600,Coinbase,0,0,1,1,2,0,0,0,0,0,0,0,1,0,1,1,1,1,1,0,0,4,5,2,['Electrum' 'Circle' 'Blockchain' 'Coinbase'],Electrum,0,1,0,0,0,0,0,1,1,0,0,0,0,0,1,0,1,0,0
1601,Coinbase,0,0,1,1,2,1,0,1,0,1,0,0,1,1,1,0,0,1,0,1,0,1,4,2,['Coinbase' 'Electrum' 'Circle' 'Blockchain'],Coinbase,0,0,1,0,0,1,0,0,0,0,0,1,1,0,0,0,0,1,1
1602,Blockchain,1,0,0,0,3,1,1,1,0,0,0,1,0,0,0,0,0,1,1,1,0,5,2,4,['Blockchain' 'Coinbase' 'Circle' 'Electrum'],Blockchain,1,0,0,0,0,0,1,0,0,0,0,1,0,1,0,0,1,0,1
1603,Coinbase,0,0,1,1,2,1,1,1,0,0,0,1,1,0,1,1,0,0,0,0,0,2,3,3,['Electrum' 'Coinbase' 'Circle' 'Blockchain'],Electrum,0,1,0,0,0,0,1,0,0,0,0,1,1,0,0,0,1,0,0
1604,Electrum,1,1,0,0,3,0,1,0,0,0,0,0,1,1,0,0,1,0,0,1,0,2,5,5,['Electrum' 'Circle' 'Coinbase' 'Blockchain'],Electrum,0,1,0,0,0,0,0,1,0,0,1,0,1,0,0,0,1,0,0
1605,Circle,0,0,1,1,1,1,1,1,1,1,1,1,1,0,0,0,0,0,1,0,0,4,5,5,['Coinbase' 'Circle' 'Blockchain' 'Electrum'],Coinbase,0,0,1,0,0,0,0,1,1,0,0,0,0,1,0,0,0,1,1
1606,Electrum,1,1,0,0,1,0,0,0,1,0,1,1,1,0,0,0,1,0,0,0,0,4,2,5,['Blockchain' 'Electrum' 'Circle' 'Coinbase'],Blockchain,1,0,0,0,0,1,0,0,0,0,0,1,0,0,1,0,1,0,1
1607,Electrum,1,1,0,0,3,1,1,0,1,0,0,0,0,1,0,1,0,0,1,1,0,1,5,3,['Circle' 'Blockchain' 'Electrum' 'Coinbase'],Circle,0,0,0,1,1,0,0,0,0,1,0,0,0,0,1,0,0,1,1
1608,Blockchain,1,0,0,0,3,0,0,1,0,1,0,1,1,0,1,0,0,0,1,1,1,5,5,1,['Coinbase' 'Circle' 'Blockchain' 'Electrum'],Coinbase,0,0,1,0,0,0,0,1,1,0,0,0,0,1,0,0,0,1,1
1609,Blockchain,1,0,0,0,4,1,1,1,1,1,1,1,1,1,0,0,1,0,1,1,0,1,5,4,['Circle' 'Blockchain' 'Coinbase' 'Electrum'],Circle,0,0,0,1,1,0,0,0,0,0,1,0,0,1,0,0,0,1,1
1610,Circle,0,0,1,1,3,0,0,1,0,1,0,0,1,0,0,1,1,0,0,0,1,4,3,4,['Circle' 'Blockchain' 'Electrum' 'Coinbase'],Circle,0,0,0,1,1,0,0,0,0,1,0,0,0,0,1,0,0,1,1
1611,Circle,0,0,1,1,3,0,0,0,1,0,1,0,1,1,1,0,0,1,0,1,0,4,3,5,['Blockchain' 'Coinbase' 'Electrum' 'Circle'],Blockchain,1,0,0,0,0,0,1,0,0,1,0,0,0,0,0,1,1,0,1
1612,Coinbase,0,0,1,1,1,0,0,0,0,1,1,1,1,0,0,0,1,0,0,1,0,4,1,4,['Coinbase' 'Blockchain' 'Electrum' 'Circle'],Coinbase,0,0,1,0,1,0,0,0,0,1,0,0,0,0,0,1,0,1,1
1613,Circle,0,0,1,1,3,1,0,1,1,0,1,1,0,0,1,1,1,1,1,1,1,4,4,3,['Blockchain' 'Electrum' 'Coinbase' 'Circle'],Blockchain,1,0,0,0,0,1,0,0,0,0,1,0,0,0,0,1,1,0,1
1614,Circle,0,0,1,1,2,0,0,1,0,1,0,1,1,1,0,1,0,1,1,1,1,4,4,2,['Coinbase' 'Circle' 'Electrum' 'Blockchain'],Coinbase,0,0,1,0,0,0,0,1,0,1,0,0,1,0,0,0,0,1,1
1615,Coinbase,0,0,1,1,2,0,0,1,0,0,0,0,0,1,0,0,1,0,0,1,1,1,4,2,['Coinbase' 'Electrum' 'Blockchain' 'Circle'],Coinbase,0,0,1,0,0,1,0,0,1,0,0,0,0,0,0,1,0,1,1
1616,Electrum,1,1,0,0,2,1,0,0,1,1,0,1,0,1,1,1,1,0,1,0,1,4,4,4,['Coinbase' 'Blockchain' 'Electrum' 'Circle'],Coinbase,0,0,1,0,1,0,0,0,0,1,0,0,0,0,0,1,0,1,1
1617,Coinbase,0,0,1,1,2,1,1,0,0,1,0,1,1,1,0,0,1,1,1,0,1,4,5,1,['Circle' 'Coinbase' 'Blockchain' 'Electrum'],Circle,0,0,0,1,0,0,1,0,1,0,0,0,0,1,0,0,0,1,1
1618,Blockchain,1,0,0,0,2,1,0,0,1,0,1,1,1,0,1,0,0,0,0,1,1,4,1,5,['Circle' 'Coinbase' 'Electrum' 'Blockchain'],Circle,0,0,0,1,0,0,1,0,0,1,0,0,1,0,0,0,0,1,1
1619,Electrum,1,1,0,0,3,1,0,1,0,0,1,1,1,0,0,0,1,0,0,1,1,2,3,3,['Circle' 'Blockchain' 'Electrum' 'Coinbase'],Circle,0,0,0,1,1,0,0,0,0,1,0,0,0,0,1,0,0,1,1
1620,Blockchain,1,0,0,0,3,0,0,1,0,0,1,1,0,0,0,1,0,1,1,1,0,1,1,2,['Coinbase' 'Electrum' 'Circle' 'Blockchain'],Coinbase,0,0,1,0,0,1,0,0,0,0,0,1,1,0,0,0,0,1,1
1621,Electrum,1,1,0,0,2,1,0,1,1,0,0,0,0,1,0,0,0,1,1,0,1,1,4,3,['Circle' 'Coinbase' 'Blockchain' 'Electrum'],Circle,0,0,0,1,0,0,1,0,1,0,0,0,0,1,0,0,0,1,1
1622,Circle,0,0,1,1,1,1,1,0,0,1,1,0,1,1,1,0,1,1,0,0,0,1,5,5,['Coinbase' 'Circle' 'Electrum' 'Blockchain'],Coinbase,0,0,1,0,0,0,0,1,0,1,0,0,1,0,0,0,0,1,1
1623,Coinbase,0,0,1,1,4,1,1,1,1,1,1,0,0,1,0,1,0,1,0,1,1,4,2,1,['Coinbase' 'Blockchain' 'Circle' 'Electrum'],Coinbase,0,0,1,0,1,0,0,0,0,0,0,1,0,1,0,0,0,1,1
1624,Coinbase,0,0,1,1,3,1,1,1,0,1,1,0,1,1,1,0,1,0,0,0,0,3,5,4,['Blockchain' 'Coinbase' 'Circle' 'Electrum'],Blockchain,1,0,0,0,0,0,1,0,0,0,0,1,0,1,0,0,1,0,1
1625,Circle,0,0,1,1,3,0,0,1,0,1,1,0,1,1,0,1,1,0,1,1,0,3,1,2,['Circle' 'Electrum' 'Blockchain' 'Coinbase'],Circle,0,0,0,1,0,1,0,0,1,0,0,0,0,0,1,0,0,1,1
1626,Blockchain,1,0,0,0,4,0,1,1,0,1,0,0,0,0,1,0,0,1,0,0,1,2,1,1,['Coinbase' 'Electrum' 'Circle' 'Blockchain'],Coinbase,0,0,1,0,0,1,0,0,0,0,0,1,1,0,0,0,0,1,1
1627,Electrum,1,1,0,0,4,1,1,1,1,0,1,0,1,1,1,1,1,0,0,0,1,4,1,2,['Blockchain' 'Coinbase' 'Circle' 'Electrum'],Blockchain,1,0,0,0,0,0,1,0,0,0,0,1,0,1,0,0,1,0,1
1628,Blockchain,1,0,0,0,3,1,1,1,1,1,0,0,1,0,1,0,0,1,1,0,1,3,3,4,['Electrum' 'Blockchain' 'Coinbase' 'Circle'],Electrum,0,1,0,0,1,0,0,0,0,0,1,0,0,0,0,1,1,0,0
1629,Coinbase,0,0,1,1,1,1,0,0,1,1,0,1,1,0,1,1,0,1,1,1,1,3,5,2,['Blockchain' 'Electrum' 'Coinbase' 'Circle'],Blockchain,1,0,0,0,0,1,0,0,0,0,1,0,0,0,0,1,1,0,1
1630,Electrum,1,1,0,0,4,1,1,1,1,1,1,0,1,1,0,1,1,1,0,0,1,5,1,1,['Coinbase' 'Circle' 'Blockchain' 'Electrum'],Coinbase,0,0,1,0,0,0,0,1,1,0,0,0,0,1,0,0,0,1,1
1631,Electrum,1,1,0,0,1,1,1,0,1,0,1,0,1,1,1,1,0,1,1,0,0,3,1,1,['Coinbase' 'Circle' 'Electrum' 'Blockchain'],Coinbase,0,0,1,0,0,0,0,1,0,1,0,0,1,0,0,0,0,1,1
1632,Circle,0,0,1,1,3,0,0,0,1,1,1,0,1,1,0,0,1,0,0,1,1,2,1,4,['Coinbase' 'Circle' 'Blockchain' 'Electrum'],Coinbase,0,0,1,0,0,0,0,1,1,0,0,0,0,1,0,0,0,1,1
1633,Circle,0,0,1,1,1,1,1,1,0,1,0,1,0,1,0,0,1,0,0,0,0,2,3,1,['Circle' 'Electrum' 'Blockchain' 'Coinbase'],Circle,0,0,0,1,0,1,0,0,1,0,0,0,0,0,1,0,0,1,1
1634,Coinbase,0,0,1,1,2,0,1,1,0,1,0,0,1,0,1,0,1,1,1,1,1,3,2,3,['Electrum' 'Blockchain' 'Circle' 'Coinbase'],Electrum,0,1,0,0,1,0,0,0,0,0,0,1,0,0,1,0,1,0,0
1635,Electrum,1,1,0,0,3,1,1,0,1,0,1,1,1,0,1,1,1,1,1,0,0,4,5,1,['Coinbase' 'Electrum' 'Blockchain' 'Circle'],Coinbase,0,0,1,0,0,1,0,0,1,0,0,0,0,0,0,1,0,1,1
1636,Coinbase,0,0,1,1,4,0,0,0,1,1,0,1,0,0,1,1,0,0,1,1,0,4,2,5,['Electrum' 'Coinbase' 'Circle' 'Blockchain'],Electrum,0,1,0,0,0,0,1,0,0,0,0,1,1,0,0,0,1,0,0
1637,Circle,0,0,1,1,1,1,1,0,1,0,0,0,0,1,1,0,1,1,0,1,1,3,3,4,['Blockchain' 'Circle' 'Coinbase' 'Electrum'],Blockchain,1,0,0,0,0,0,0,1,0,0,1,0,0,1,0,0,1,0,1
1638,Coinbase,0,0,1,1,3,0,0,1,0,1,1,0,0,1,1,1,0,1,0,0,1,2,4,1,['Circle' 'Blockchain' 'Electrum' 'Coinbase'],Circle,0,0,0,1,1,0,0,0,0,1,0,0,0,0,1,0,0,1,1
1639,Electrum,1,1,0,0,4,0,0,0,0,0,0,1,1,1,1,0,1,1,0,0,1,1,4,4,['Coinbase' 'Electrum' 'Circle' 'Blockchain'],Coinbase,0,0,1,0,0,1,0,0,0,0,0,1,1,0,0,0,0,1,1
1640,Electrum,1,1,0,0,3,0,1,1,1,0,0,0,0,0,0,1,1,0,0,1,0,1,4,1,['Blockchain' 'Electrum' 'Circle' 'Coinbase'],Blockchain,1,0,0,0,0,1,0,0,0,0,0,1,0,0,1,0,1,0,1
1641,Electrum,1,1,0,0,1,1,0,0,1,0,1,1,1,1,1,0,0,0,1,1,0,5,2,2,['Circle' 'Electrum' 'Blockchain' 'Coinbase'],Circle,0,0,0,1,0,1,0,0,1,0,0,0,0,0,1,0,0,1,1
1642,Blockchain,1,0,0,0,3,1,0,0,0,0,0,0,1,1,0,0,1,1,1,0,0,5,1,5,['Electrum' 'Circle' 'Blockchain' 'Coinbase'],Electrum,0,1,0,0,0,0,0,1,1,0,0,0,0,0,1,0,1,0,0
1643,Electrum,1,1,0,0,1,0,0,1,0,1,1,0,1,0,1,0,0,1,1,1,1,2,4,5,['Circle' 'Electrum' 'Blockchain' 'Coinbase'],Circle,0,0,0,1,0,1,0,0,1,0,0,0,0,0,1,0,0,1,1
1644,Blockchain,1,0,0,0,4,0,1,1,1,1,1,0,0,1,1,1,1,1,0,1,1,1,4,5,['Electrum' 'Coinbase' 'Circle' 'Blockchain'],Electrum,0,1,0,0,0,0,1,0,0,0,0,1,1,0,0,0,1,0,0
1645,Circle,0,0,1,1,1,1,0,1,1,0,0,0,1,0,1,1,0,1,0,1,0,1,2,4,['Electrum' 'Blockchain' 'Coinbase' 'Circle'],Electrum,0,1,0,0,1,0,0,0,0,0,1,0,0,0,0,1,1,0,0
1646,Blockchain,1,0,0,0,4,1,1,1,1,1,1,0,0,0,1,0,1,0,0,0,0,3,5,5,['Circle' 'Electrum' 'Blockchain' 'Coinbase'],Circle,0,0,0,1,0,1,0,0,1,0,0,0,0,0,1,0,0,1,1
1647,Circle,0,0,1,1,3,1,0,1,0,1,1,1,0,1,0,0,0,1,1,1,1,5,1,1,['Circle' 'Electrum' 'Coinbase' 'Blockchain'],Circle,0,0,0,1,0,1,0,0,0,0,1,0,1,0,0,0,0,1,1
1648,Circle,0,0,1,1,4,1,0,1,1,0,0,1,1,1,1,0,0,1,1,0,1,3,4,3,['Coinbase' 'Electrum' 'Circle' 'Blockchain'],Coinbase,0,0,1,0,0,1,0,0,0,0,0,1,1,0,0,0,0,1,1
1649,Coinbase,0,0,1,1,4,0,1,1,1,1,1,0,1,1,1,0,1,1,0,1,0,5,3,3,['Blockchain' 'Circle' 'Electrum' 'Coinbase'],Blockchain,1,0,0,0,0,0,0,1,0,1,0,0,0,0,1,0,1,0,1
1650,Electrum,1,1,0,0,4,0,1,0,1,1,1,1,1,0,1,1,1,1,1,1,0,4,4,4,['Circle' 'Coinbase' 'Electrum' 'Blockchain'],Circle,0,0,0,1,0,0,1,0,0,1,0,0,1,0,0,0,0,1,1
1651,Circle,0,0,1,1,4,1,1,0,1,1,1,1,0,1,0,1,1,1,1,0,0,2,2,1,['Coinbase' 'Circle' 'Electrum' 'Blockchain'],Coinbase,0,0,1,0,0,0,0,1,0,1,0,0,1,0,0,0,0,1,1
1652,Circle,0,0,1,1,1,0,0,1,1,1,0,0,1,0,1,1,0,0,1,1,0,2,2,4,['Coinbase' 'Blockchain' 'Electrum' 'Circle'],Coinbase,0,0,1,0,1,0,0,0,0,1,0,0,0,0,0,1,0,1,1
1653,Blockchain,1,0,0,0,1,0,0,1,0,1,1,0,0,0,1,0,1,1,0,1,0,5,3,5,['Circle' 'Coinbase' 'Electrum' 'Blockchain'],Circle,0,0,0,1,0,0,1,0,0,1,0,0,1,0,0,0,0,1,1
1654,Electrum,1,1,0,0,2,0,1,0,1,0,1,0,0,1,1,1,0,0,0,0,1,4,2,5,['Blockchain' 'Electrum' 'Circle' 'Coinbase'],Blockchain,1,0,0,0,0,1,0,0,0,0,0,1,0,0,1,0,1,0,1
1655,Circle,0,0,1,1,4,1,0,1,0,0,0,0,0,0,0,1,0,1,0,1,0,2,4,2,['Electrum' 'Circle' 'Blockchain' 'Coinbase'],Electrum,0,1,0,0,0,0,0,1,1,0,0,0,0,0,1,0,1,0,0
1656,Electrum,1,1,0,0,2,0,0,1,1,1,1,0,1,1,1,1,1,1,1,1,0,3,3,2,['Circle' 'Coinbase' 'Electrum' 'Blockchain'],Circle,0,0,0,1,0,0,1,0,0,1,0,0,1,0,0,0,0,1,1
1657,Blockchain,1,0,0,0,4,1,0,0,0,1,0,1,1,0,1,0,1,1,1,0,0,5,2,5,['Electrum' 'Circle' 'Blockchain' 'Coinbase'],Electrum,0,1,0,0,0,0,0,1,1,0,0,0,0,0,1,0,1,0,0
1658,Coinbase,0,0,1,1,2,0,1,1,0,1,1,0,1,1,1,1,1,0,0,0,0,5,4,3,['Blockchain' 'Electrum' 'Circle' 'Coinbase'],Blockchain,1,0,0,0,0,1,0,0,0,0,0,1,0,0,1,0,1,0,1
1659,Coinbase,0,0,1,1,3,0,1,0,0,1,0,1,0,0,0,1,0,0,1,0,0,1,2,3,['Electrum' 'Blockchain' 'Circle' 'Coinbase'],Electrum,0,1,0,0,1,0,0,0,0,0,0,1,0,0,1,0,1,0,0
1660,Coinbase,0,0,1,1,2,0,1,1,0,0,1,0,1,1,0,0,1,0,0,0,0,4,3,3,['Coinbase' 'Electrum' 'Circle' 'Blockchain'],Coinbase,0,0,1,0,0,1,0,0,0,0,0,1,1,0,0,0,0,1,1
1661,Blockchain,1,0,0,0,4,0,1,0,0,0,0,1,1,0,0,1,1,1,1,1,1,1,2,3,['Circle' 'Blockchain' 'Coinbase' 'Electrum'],Circle,0,0,0,1,1,0,0,0,0,0,1,0,0,1,0,0,0,1,1
1662,Circle,0,0,1,1,4,1,0,0,1,0,1,1,1,1,0,1,0,1,1,1,0,4,5,4,['Blockchain' 'Circle' 'Electrum' 'Coinbase'],Blockchain,1,0,0,0,0,0,0,1,0,1,0,0,0,0,1,0,1,0,1
1663,Electrum,1,1,0,0,1,0,0,1,0,1,1,1,0,1,1,1,1,0,1,0,1,5,2,1,['Electrum' 'Circle' 'Coinbase' 'Blockchain'],Electrum,0,1,0,0,0,0,0,1,0,0,1,0,1,0,0,0,1,0,0
1664,Coinbase,0,0,1,1,1,0,0,0,0,0,1,1,1,1,1,0,0,1,0,0,1,5,4,5,['Circle' 'Coinbase' 'Blockchain' 'Electrum'],Circle,0,0,0,1,0,0,1,0,1,0,0,0,0,1,0,0,0,1,1
1665,Electrum,1,1,0,0,2,0,0,0,0,0,1,1,1,0,1,1,0,0,0,1,0,1,5,3,['Electrum' 'Blockchain' 'Circle' 'Coinbase'],Electrum,0,1,0,0,1,0,0,0,0,0,0,1,0,0,1,0,1,0,0
1666,Electrum,1,1,0,0,3,0,0,1,0,1,1,0,1,0,0,0,0,1,0,0,1,4,2,4,['Blockchain' 'Electrum' 'Circle' 'Coinbase'],Blockchain,1,0,0,0,0,1,0,0,0,0,0,1,0,0,1,0,1,0,1
1667,Circle,0,0,1,1,4,1,0,1,0,1,1,0,1,0,0,0,1,1,0,1,1,5,4,2,['Coinbase' 'Blockchain' 'Circle' 'Electrum'],Coinbase,0,0,1,0,1,0,0,0,0,0,0,1,0,1,0,0,0,1,1
1668,Electrum,1,1,0,0,2,0,1,1,0,0,1,0,1,0,1,0,1,0,1,0,0,1,3,5,['Electrum' 'Coinbase' 'Blockchain' 'Circle'],Electrum,0,1,0,0,0,0,1,0,1,0,0,0,0,0,0,1,1,0,0
1669,Electrum,1,1,0,0,1,0,1,1,0,0,1,1,0,1,1,0,1,1,0,1,1,4,5,5,['Circle' 'Blockchain' 'Coinbase' 'Electrum'],Circle,0,0,0,1,1,0,0,0,0,0,1,0,0,1,0,0,0,1,1
1670,Electrum,1,1,0,0,3,1,1,1,0,1,0,0,0,1,0,0,0,0,1,0,1,2,3,5,['Circle' 'Electrum' 'Coinbase' 'Blockchain'],Circle,0,0,0,1,0,1,0,0,0,0,1,0,1,0,0,0,0,1,1
1671,Blockchain,1,0,0,0,3,1,1,0,0,0,1,1,1,1,0,1,0,0,0,1,0,1,1,5,['Blockchain' 'Electrum' 'Coinbase' 'Circle'],Blockchain,1,0,0,0,0,1,0,0,0,0,1,0,0,0,0,1,1,0,1
1672,Blockchain,1,0,0,0,4,0,0,1,1,1,0,0,0,0,0,1,0,1,1,1,1,5,2,3,['Blockchain' 'Coinbase' 'Electrum' 'Circle'],Blockchain,1,0,0,0,0,0,1,0,0,1,0,0,0,0,0,1,1,0,1
1673,Electrum,1,1,0,0,3,0,1,0,0,1,0,0,1,1,0,0,1,0,1,0,0,5,3,2,['Circle' 'Electrum' 'Coinbase' 'Blockchain'],Circle,0,0,0,1,0,1,0,0,0,0,1,0,1,0,0,0,0,1,1
1674,Coinbase,0,0,1,1,2,0,1,1,1,1,1,0,0,1,0,0,0,0,1,0,0,5,3,4,['Coinbase' 'Electrum' 'Blockchain' 'Circle'],Coinbase,0,0,1,0,0,1,0,0,1,0,0,0,0,0,0,1,0,1,1
1675,Blockchain,1,0,0,0,3,0,1,0,0,0,0,0,0,1,1,1,1,1,0,1,0,3,2,4,['Circle' 'Blockchain' 'Electrum' 'Coinbase'],Circle,0,0,0,1,1,0,0,0,0,1,0,0,0,0,1,0,0,1,1
1676,Blockchain,1,0,0,0,4,0,0,0,0,0,0,1,0,0,0,1,0,1,1,0,0,4,2,5,['Electrum' 'Blockchain' 'Circle' 'Coinbase'],Electrum,0,1,0,0,1,0,0,0,0,0,0,1,0,0,1,0,1,0,0
1677,Blockchain,1,0,0,0,4,0,0,0,0,0,1,0,1,1,1,0,1,0,0,1,1,2,1,1,['Coinbase' 'Blockchain' 'Electrum' 'Circle'],Coinbase,0,0,1,0,1,0,0,0,0,1,0,0,0,0,0,1,0,1,1
1678,Blockchain,1,0,0,0,3,0,0,1,1,1,1,0,1,0,1,1,1,1,1,0,1,5,3,3,['Coinbase' 'Circle' 'Electrum' 'Blockchain'],Coinbase,0,0,1,0,0,0,0,1,0,1,0,0,1,0,0,0,0,1,1
1679,Coinbase,0,0,1,1,4,1,0,0,0,1,1,0,1,1,0,0,0,0,0,1,1,4,4,2,['Coinbase' 'Circle' 'Electrum' 'Blockchain'],Coinbase,0,0,1,0,0,0,0,1,0,1,0,0,1,0,0,0,0,1,1
1680,Coinbase,0,0,1,1,3,1,1,0,0,1,0,1,0,0,1,0,0,0,0,0,1,1,5,4,['Electrum' 'Blockchain' 'Circle' 'Coinbase'],Electrum,0,1,0,0,1,0,0,0,0,0,0,1,0,0,1,0,1,0,0
1681,Blockchain,1,0,0,0,1,0,1,1,0,1,0,0,1,1,1,0,0,0,1,0,0,5,2,5,['Electrum' 'Circle' 'Coinbase' 'Blockchain'],Electrum,0,1,0,0,0,0,0,1,0,0,1,0,1,0,0,0,1,0,0
1682,Circle,0,0,1,1,2,1,1,1,0,0,0,0,0,0,0,1,1,1,0,0,1,3,2,3,['Circle' 'Coinbase' 'Blockchain' 'Electrum'],Circle,0,0,0,1,0,0,1,0,1,0,0,0,0,1,0,0,0,1,1
1683,Blockchain,1,0,0,0,1,1,1,1,1,0,1,1,0,0,0,0,0,1,1,0,1,2,4,5,['Electrum' 'Coinbase' 'Circle' 'Blockchain'],Electrum,0,1,0,0,0,0,1,0,0,0,0,1,1,0,0,0,1,0,0
1684,Coinbase,0,0,1,1,3,0,1,1,0,0,0,0,1,0,1,1,1,1,1,1,0,4,1,1,['Coinbase' 'Blockchain' 'Circle' 'Electrum'],Coinbase,0,0,1,0,1,0,0,0,0,0,0,1,0,1,0,0,0,1,1
1685,Coinbase,0,0,1,1,4,1,1,0,0,0,1,0,1,0,1,1,0,1,1,1,1,3,3,4,['Electrum' 'Blockchain' 'Circle' 'Coinbase'],Electrum,0,1,0,0,1,0,0,0,0,0,0,1,0,0,1,0,1,0,0
1686,Blockchain,1,0,0,0,3,1,1,0,0,0,0,0,0,0,0,0,1,1,0,1,0,4,1,5,['Blockchain' 'Circle' 'Coinbase' 'Electrum'],Blockchain,1,0,0,0,0,0,0,1,0,0,1,0,0,1,0,0,1,0,1
1687,Electrum,1,1,0,0,1,0,1,1,1,0,1,0,1,1,1,0,1,1,1,0,1,1,1,3,['Circle' 'Electrum' 'Coinbase' 'Blockchain'],Circle,0,0,0,1,0,1,0,0,0,0,1,0,1,0,0,0,0,1,1
1688,Coinbase,0,0,1,1,4,0,0,1,0,1,1,0,1,0,1,0,0,0,1,0,0,4,3,2,['Electrum' 'Blockchain' 'Coinbase' 'Circle'],Electrum,0,1,0,0,1,0,0,0,0,0,1,0,0,0,0,1,1,0,0
1689,Coinbase,0,0,1,1,1,1,1,0,1,0,1,1,0,0,0,0,0,0,1,1,1,2,5,2,['Blockchain' 'Electrum' 'Circle' 'Coinbase'],Blockchain,1,0,0,0,0,1,0,0,0,0,0,1,0,0,1,0,1,0,1
1690,Circle,0,0,1,1,4,0,1,1,1,1,1,1,1,0,1,0,0,0,1,1,0,5,4,3,['Coinbase' 'Blockchain' 'Electrum' 'Circle'],Coinbase,0,0,1,0,1,0,0,0,0,1,0,0,0,0,0,1,0,1,1
1691,Circle,0,0,1,1,3,0,0,1,1,0,1,0,1,1,0,0,0,0,1,0,1,3,3,4,['Circle' 'Coinbase' 'Electrum' 'Blockchain'],Circle,0,0,0,1,0,0,1,0,0,1,0,0,1,0,0,0,0,1,1
1692,Coinbase,0,0,1,1,4,0,1,0,0,0,0,0,1,0,0,1,1,0,1,0,1,2,4,1,['Blockchain' 'Electrum' 'Coinbase' 'Circle'],Blockchain,1,0,0,0,0,1,0,0,0,0,1,0,0,0,0,1,1,0,1
1693,Electrum,1,1,0,0,3,1,1,0,0,1,0,0,1,1,1,0,0,0,0,1,1,5,1,2,['Blockchain' 'Circle' 'Electrum' 'Coinbase'],Blockchain,1,0,0,0,0,0,0,1,0,1,0,0,0,0,1,0,1,0,1
1694,Coinbase,0,0,1,1,2,1,0,0,1,1,1,0,1,1,1,1,0,1,1,0,1,4,2,1,['Electrum' 'Coinbase' 'Blockchain' 'Circle'],Electrum,0,1,0,0,0,0,1,0,1,0,0,0,0,0,0,1,1,0,0
1695,Electrum,1,1,0,0,4,1,1,0,0,0,1,1,0,1,1,1,1,0,1,1,1,5,3,2,['Blockchain' 'Circle' 'Coinbase' 'Electrum'],Blockchain,1,0,0,0,0,0,0,1,0,0,1,0,0,1,0,0,1,0,1
1696,Blockchain,1,0,0,0,4,1,1,0,1,0,1,1,0,1,1,0,1,1,0,1,1,1,3,3,['Electrum' 'Coinbase' 'Blockchain' 'Circle'],Electrum,0,1,0,0,0,0,1,0,1,0,0,0,0,0,0,1,1,0,0
1697,Electrum,1,1,0,0,4,0,1,1,1,1,0,1,0,1,0,1,0,0,0,1,1,3,1,3,['Circle' 'Electrum' 'Blockchain' 'Coinbase'],Circle,0,0,0,1,0,1,0,0,1,0,0,0,0,0,1,0,0,1,1
1698,Blockchain,1,0,0,0,4,0,0,1,0,1,1,0,0,0,1,1,0,1,0,1,1,5,3,1,['Circle' 'Electrum' 'Coinbase' 'Blockchain'],Circle,0,0,0,1,0,1,0,0,0,0,1,0,1,0,0,0,0,1,1
1699,Circle,0,0,1,1,2,1,0,0,0,0,1,1,1,1,0,1,0,1,0,1,0,1,2,1,['Circle' 'Coinbase' 'Electrum' 'Blockchain'],Circle,0,0,0,1,0,0,1,0,0,1,0,0,1,0,0,0,0,1,1
1700,Coinbase,0,0,1,1,1,1,1,1,1,0,1,0,0,0,1,0,0,0,0,0,1,4,4,5,['Blockchain' 'Electrum' 'Coinbase' 'Circle'],Blockchain,1,0,0,0,0,1,0,0,0,0,1,0,0,0,0,1,1,0,1
1701,Circle,0,0,1,1,4,1,1,1,1,0,1,1,1,0,0,1,1,1,0,0,1,2,5,5,['Circle' 'Blockchain' 'Electrum' 'Coinbase'],Circle,0,0,0,1,1,0,0,0,0,1,0,0,0,0,1,0,0,1,1
1702,Electrum,1,1,0,0,2,1,1,0,0,0,0,0,0,0,0,0,1,1,1,1,0,2,4,5,['Blockchain' 'Coinbase' 'Electrum' 'Circle'],Blockchain,1,0,0,0,0,0,1,0,0,1,0,0,0,0,0,1,1,0,1
1703,Circle,0,0,1,1,1,1,1,1,1,0,1,0,0,0,0,0,1,1,1,0,0,5,2,2,['Blockchain' 'Electrum' 'Circle' 'Coinbase'],Blockchain,1,0,0,0,0,1,0,0,0,0,0,1,0,0,1,0,1,0,1
1704,Blockchain,1,0,0,0,3,1,1,1,1,0,1,0,0,0,1,1,0,1,1,0,0,1,3,1,['Circle' 'Electrum' 'Blockchain' 'Coinbase'],Circle,0,0,0,1,0,1,0,0,1,0,0,0,0,0,1,0,0,1,1
1705,Circle,0,0,1,1,3,0,0,1,0,1,1,0,0,1,0,1,1,1,0,0,0,2,1,4,['Electrum' 'Coinbase' 'Circle' 'Blockchain'],Electrum,0,1,0,0,0,0,1,0,0,0,0,1,1,0,0,0,1,0,0
1706,Electrum,1,1,0,0,2,1,0,1,1,0,0,1,1,0,0,1,0,1,1,1,0,1,4,5,['Circle' 'Electrum' 'Blockchain' 'Coinbase'],Circle,0,0,0,1,0,1,0,0,1,0,0,0,0,0,1,0,0,1,1
1707,Coinbase,0,0,1,1,3,1,0,0,1,1,0,0,0,1,0,0,0,1,1,1,1,2,4,2,['Blockchain' 'Circle' 'Electrum' 'Coinbase'],Blockchain,1,0,0,0,0,0,0,1,0,1,0,0,0,0,1,0,1,0,1
1708,Blockchain,1,0,0,0,3,0,1,0,0,1,1,0,0,0,1,0,1,0,0,0,1,2,3,5,['Coinbase' 'Circle' 'Electrum' 'Blockchain'],Coinbase,0,0,1,0,0,0,0,1,0,1,0,0,1,0,0,0,0,1,1
1709,Electrum,1,1,0,0,2,1,1,1,0,1,0,0,0,1,0,0,0,1,1,1,0,2,4,5,['Electrum' 'Circle' 'Blockchain' 'Coinbase'],Electrum,0,1,0,0,0,0,0,1,1,0,0,0,0,0,1,0,1,0,0
1710,Coinbase,0,0,1,1,1,0,1,1,1,1,1,1,1,0,1,0,0,1,1,0,1,2,3,3,['Coinbase' 'Electrum' 'Blockchain' 'Circle'],Coinbase,0,0,1,0,0,1,0,0,1,0,0,0,0,0,0,1,0,1,1
1711,Circle,0,0,1,1,2,1,0,0,1,0,1,1,0,1,0,0,0,1,1,1,1,5,4,2,['Circle' 'Coinbase' 'Electrum' 'Blockchain'],Circle,0,0,0,1,0,0,1,0,0,1,0,0,1,0,0,0,0,1,1
1712,Blockchain,1,0,0,0,4,0,1,0,1,0,1,1,1,0,1,0,0,0,0,1,0,1,3,4,['Circle' 'Coinbase' 'Blockchain' 'Electrum'],Circle,0,0,0,1,0,0,1,0,1,0,0,0,0,1,0,0,0,1,1
1713,Circle,0,0,1,1,1,0,1,0,1,0,0,1,1,0,1,0,1,1,0,1,1,4,4,3,['Coinbase' 'Blockchain' 'Electrum' 'Circle'],Coinbase,0,0,1,0,1,0,0,0,0,1,0,0,0,0,0,1,0,1,1
1714,Circle,0,0,1,1,2,1,1,1,1,0,1,0,0,1,1,0,0,1,1,1,0,5,1,5,['Coinbase' 'Circle' 'Electrum' 'Blockchain'],Coinbase,0,0,1,0,0,0,0,1,0,1,0,0,1,0,0,0,0,1,1
1715,Coinbase,0,0,1,1,2,0,1,1,1,0,0,0,1,0,0,1,1,0,1,0,0,3,5,3,['Blockchain' 'Electrum' 'Circle' 'Coinbase'],Blockchain,1,0,0,0,0,1,0,0,0,0,0,1,0,0,1,0,1,0,1
1716,Coinbase,0,0,1,1,3,1,0,1,1,1,1,0,1,0,1,0,0,1,1,0,0,3,4,3,['Electrum' 'Blockchain' 'Coinbase' 'Circle'],Electrum,0,1,0,0,1,0,0,0,0,0,1,0,0,0,0,1,1,0,0
1717,Electrum,1,1,0,0,1,0,0,1,0,0,1,1,1,1,0,0,0,0,1,1,1,1,4,4,['Coinbase' 'Blockchain' 'Circle' 'Electrum'],Coinbase,0,0,1,0,1,0,0,0,0,0,0,1,0,1,0,0,0,1,1
1718,Coinbase,0,0,1,1,1,0,1,0,1,1,0,0,1,0,1,1,0,0,0,0,0,1,4,1,['Blockchain' 'Electrum' 'Circle' 'Coinbase'],Blockchain,1,0,0,0,0,1,0,0,0,0,0,1,0,0,1,0,1,0,1
1719,Coinbase,0,0,1,1,3,0,0,1,1,0,0,1,1,1,0,1,0,1,1,1,0,4,4,1,['Coinbase' 'Electrum' 'Circle' 'Blockchain'],Coinbase,0,0,1,0,0,1,0,0,0,0,0,1,1,0,0,0,0,1,1
1720,Coinbase,0,0,1,1,3,0,1,0,1,0,1,0,1,1,0,1,0,0,1,0,1,2,4,3,['Electrum' 'Coinbase' 'Circle' 'Blockchain'],Electrum,0,1,0,0,0,0,1,0,0,0,0,1,1,0,0,0,1,0,0
1721,Electrum,1,1,0,0,2,0,1,1,1,1,0,0,0,0,1,1,0,0,1,0,1,1,1,4,['Electrum' 'Circle' 'Blockchain' 'Coinbase'],Electrum,0,1,0,0,0,0,0,1,1,0,0,0,0,0,1,0,1,0,0
1722,Coinbase,0,0,1,1,4,0,0,0,0,0,1,0,0,0,1,1,0,0,1,1,1,4,5,2,['Electrum' 'Coinbase' 'Circle' 'Blockchain'],Electrum,0,1,0,0,0,0,1,0,0,0,0,1,1,0,0,0,1,0,0
1723,Blockchain,1,0,0,0,1,1,1,0,0,0,1,1,1,0,1,0,0,0,0,0,1,5,3,4,['Coinbase' 'Electrum' 'Circle' 'Blockchain'],Coinbase,0,0,1,0,0,1,0,0,0,0,0,1,1,0,0,0,0,1,1
1724,Electrum,1,1,0,0,2,1,0,0,0,1,1,1,0,1,0,0,0,0,1,0,0,4,2,4,['Circle' 'Electrum' 'Blockchain' 'Coinbase'],Circle,0,0,0,1,0,1,0,0,1,0,0,0,0,0,1,0,0,1,1
1725,Electrum,1,1,0,0,3,1,0,1,1,1,1,1,1,0,1,0,0,0,0,0,1,2,3,2,['Electrum' 'Blockchain' 'Circle' 'Coinbase'],Electrum,0,1,0,0,1,0,0,0,0,0,0,1,0,0,1,0,1,0,0
1726,Coinbase,0,0,1,1,1,1,1,0,0,1,1,0,1,1,1,1,1,0,1,1,1,5,5,2,['Electrum' 'Blockchain' 'Coinbase' 'Circle'],Electrum,0,1,0,0,1,0,0,0,0,0,1,0,0,0,0,1,1,0,0
1727,Blockchain,1,0,0,0,2,1,1,0,1,1,1,1,0,1,0,0,0,1,1,1,0,4,3,3,['Blockchain' 'Electrum' 'Coinbase' 'Circle'],Blockchain,1,0,0,0,0,1,0,0,0,0,1,0,0,0,0,1,1,0,1
1728,Coinbase,0,0,1,1,4,0,0,0,1,0,0,1,1,0,0,0,0,1,1,1,0,3,1,2,['Electrum' 'Coinbase' 'Blockchain' 'Circle'],Electrum,0,1,0,0,0,0,1,0,1,0,0,0,0,0,0,1,1,0,0
1729,Circle,0,0,1,1,4,1,1,0,0,1,1,0,1,1,0,1,1,0,1,1,1,2,5,3,['Circle' 'Blockchain' 'Coinbase' 'Electrum'],Circle,0,0,0,1,1,0,0,0,0,0,1,0,0,1,0,0,0,1,1
1730,Blockchain,1,0,0,0,2,1,1,0,0,1,0,1,0,1,0,0,1,0,0,0,0,2,2,4,['Circle' 'Coinbase' 'Blockchain' 'Electrum'],Circle,0,0,0,1,0,0,1,0,1,0,0,0,0,1,0,0,0,1,1
1731,Coinbase,0,0,1,1,4,1,0,0,0,0,1,1,1,1,0,0,1,1,0,0,1,4,1,3,['Circle' 'Blockchain' 'Coinbase' 'Electrum'],Circle,0,0,0,1,1,0,0,0,0,0,1,0,0,1,0,0,0,1,1
1732,Blockchain,1,0,0,0,4,1,1,0,1,0,1,1,0,0,0,1,0,0,1,1,1,3,4,2,['Circle' 'Electrum' 'Coinbase' 'Blockchain'],Circle,0,0,0,1,0,1,0,0,0,0,1,0,1,0,0,0,0,1,1
1733,Circle,0,0,1,1,1,0,0,1,0,0,0,0,0,0,0,1,0,0,0,0,0,1,5,3,['Coinbase' 'Circle' 'Electrum' 'Blockchain'],Coinbase,0,0,1,0,0,0,0,1,0,1,0,0,1,0,0,0,0,1,1
1734,Blockchain,1,0,0,0,1,0,1,1,1,0,1,1,0,1,0,0,0,1,0,0,1,1,1,2,['Coinbase' 'Electrum' 'Blockchain' 'Circle'],Coinbase,0,0,1,0,0,1,0,0,1,0,0,0,0,0,0,1,0,1,1
1735,Coinbase,0,0,1,1,3,0,0,0,1,1,1,1,1,0,0,1,1,1,1,0,1,4,4,5,['Electrum' 'Circle' 'Blockchain' 'Coinbase'],Electrum,0,1,0,0,0,0,0,1,1,0,0,0,0,0,1,0,1,0,0
1736,Coinbase,0,0,1,1,2,1,1,0,1,0,0,0,0,0,1,0,0,1,0,0,0,3,3,1,['Electrum' 'Blockchain' 'Coinbase' 'Circle'],Electrum,0,1,0,0,1,0,0,0,0,0,1,0,0,0,0,1,1,0,0
1737,Circle,0,0,1,1,2,1,1,0,0,0,1,0,0,1,1,0,1,0,0,0,0,5,3,5,['Coinbase' 'Circle' 'Electrum' 'Blockchain'],Coinbase,0,0,1,0,0,0,0,1,0,1,0,0,1,0,0,0,0,1,1
1738,Coinbase,0,0,1,1,1,0,1,1,1,0,0,1,0,0,0,1,1,0,1,1,0,2,4,2,['Electrum' 'Circle' 'Coinbase' 'Blockchain'],Electrum,0,1,0,0,0,0,0,1,0,0,1,0,1,0,0,0,1,0,0
1739,Coinbase,0,0,1,1,4,1,1,1,0,0,1,0,0,0,0,1,1,0,0,0,1,1,1,4,['Circle' 'Electrum' 'Coinbase' 'Blockchain'],Circle,0,0,0,1,0,1,0,0,0,0,1,0,1,0,0,0,0,1,1
1740,Blockchain,1,0,0,0,3,1,1,1,1,0,1,1,1,1,1,1,1,1,0,1,0,1,1,5,['Electrum' 'Blockchain' 'Coinbase' 'Circle'],Electrum,0,1,0,0,1,0,0,0,0,0,1,0,0,0,0,1,1,0,0
1741,Electrum,1,1,0,0,4,0,1,0,1,1,0,1,1,1,1,0,1,1,0,1,0,1,4,5,['Electrum' 'Coinbase' 'Blockchain' 'Circle'],Electrum,0,1,0,0,0,0,1,0,1,0,0,0,0,0,0,1,1,0,0
1742,Circle,0,0,1,1,3,0,1,0,0,0,1,1,0,0,1,0,0,1,0,0,1,1,1,1,['Circle' 'Electrum' 'Coinbase' 'Blockchain'],Circle,0,0,0,1,0,1,0,0,0,0,1,0,1,0,0,0,0,1,1
1743,Circle,0,0,1,1,2,1,0,1,0,0,1,0,1,0,1,0,1,1,1,0,1,5,1,1,['Coinbase' 'Circle' 'Blockchain' 'Electrum'],Coinbase,0,0,1,0,0,0,0,1,1,0,0,0,0,1,0,0,0,1,1
1744,Coinbase,0,0,1,1,2,1,1,1,0,1,1,1,0,1,0,0,1,0,0,0,0,4,5,3,['Blockchain' 'Coinbase' 'Electrum' 'Circle'],Blockchain,1,0,0,0,0,0,1,0,0,1,0,0,0,0,0,1,1,0,1
1745,Electrum,1,1,0,0,2,0,1,1,0,1,1,1,1,0,1,1,1,1,0,1,0,3,1,2,['Electrum' 'Blockchain' 'Coinbase' 'Circle'],Electrum,0,1,0,0,1,0,0,0,0,0,1,0,0,0,0,1,1,0,0
1746,Coinbase,0,0,1,1,3,1,1,0,1,1,1,0,0,1,0,0,1,1,0,0,1,1,2,4,['Circle' 'Electrum' 'Blockchain' 'Coinbase'],Circle,0,0,0,1,0,1,0,0,1,0,0,0,0,0,1,0,0,1,1
1747,Electrum,1,1,0,0,3,1,1,0,0,1,1,0,1,0,0,0,0,0,0,1,1,5,3,5,['Electrum' 'Coinbase' 'Blockchain' 'Circle'],Electrum,0,1,0,0,0,0,1,0,1,0,0,0,0,0,0,1,1,0,0
1748,Electrum,1,1,0,0,3,1,1,0,0,0,1,0,1,1,1,0,0,1,1,0,1,2,4,3,['Coinbase' 'Circle' 'Electrum' 'Blockchain'],Coinbase,0,0,1,0,0,0,0,1,0,1,0,0,1,0,0,0,0,1,1
1749,Electrum,1,1,0,0,2,1,0,0,0,0,0,1,0,0,1,1,0,0,1,0,1,3,5,3,['Coinbase' 'Electrum' 'Blockchain' 'Circle'],Coinbase,0,0,1,0,0,1,0,0,1,0,0,0,0,0,0,1,0,1,1
1750,Circle,0,0,1,1,1,0,1,1,0,1,1,1,1,1,0,1,1,1,0,0,1,4,4,3,['Circle' 'Blockchain' 'Coinbase' 'Electrum'],Circle,0,0,0,1,1,0,0,0,0,0,1,0,0,1,0,0,0,1,1
1751,Electrum,1,1,0,0,4,0,1,1,1,1,1,1,0,1,0,1,1,0,0,0,1,3,2,1,['Coinbase' 'Electrum' 'Blockchain' 'Circle'],Coinbase,0,0,1,0,0,1,0,0,1,0,0,0,0,0,0,1,0,1,1
1752,Coinbase,0,0,1,1,3,0,1,1,1,1,1,0,0,0,0,1,1,1,1,1,0,2,2,5,['Electrum' 'Circle' 'Blockchain' 'Coinbase'],Electrum,0,1,0,0,0,0,0,1,1,0,0,0,0,0,1,0,1,0,0
1753,Electrum,1,1,0,0,3,1,1,1,1,0,1,1,1,1,1,1,1,1,0,1,0,1,2,4,['Coinbase' 'Electrum' 'Blockchain' 'Circle'],Coinbase,0,0,1,0,0,1,0,0,1,0,0,0,0,0,0,1,0,1,1
1754,Electrum,1,1,0,0,3,1,0,1,1,1,0,1,1,1,1,1,0,1,0,0,1,1,2,4,['Electrum' 'Coinbase' 'Circle' 'Blockchain'],Electrum,0,1,0,0,0,0,1,0,0,0,0,1,1,0,0,0,1,0,0
1755,Electrum,1,1,0,0,4,0,1,0,1,1,1,1,0,0,1,0,0,0,1,1,1,4,1,5,['Blockchain' 'Electrum' 'Circle' 'Coinbase'],Blockchain,1,0,0,0,0,1,0,0,0,0,0,1,0,0,1,0,1,0,1
1756,Circle,0,0,1,1,4,1,0,1,1,1,1,0,1,0,0,1,1,0,0,0,0,2,2,3,['Coinbase' 'Electrum' 'Blockchain' 'Circle'],Coinbase,0,0,1,0,0,1,0,0,1,0,0,0,0,0,0,1,0,1,1
1757,Blockchain,1,0,0,0,2,1,0,1,0,1,0,0,0,1,0,0,1,0,1,1,1,1,4,5,['Electrum' 'Blockchain' 'Coinbase' 'Circle'],Electrum,0,1,0,0,1,0,0,0,0,0,1,0,0,0,0,1,1,0,0
1758,Circle,0,0,1,1,1,1,1,0,0,1,1,1,1,0,0,1,0,0,1,1,0,1,3,1,['Blockchain' 'Circle' 'Electrum' 'Coinbase'],Blockchain,1,0,0,0,0,0,0,1,0,1,0,0,0,0,1,0,1,0,1
1759,Coinbase,0,0,1,1,3,0,1,1,1,1,0,1,0,1,1,0,0,0,1,0,0,4,5,4,['Coinbase' 'Electrum' 'Blockchain' 'Circle'],Coinbase,0,0,1,0,0,1,0,0,1,0,0,0,0,0,0,1,0,1,1
1760,Circle,0,0,1,1,4,1,0,1,1,1,1,0,0,0,0,1,0,0,0,1,1,3,1,3,['Coinbase' 'Electrum' 'Circle' 'Blockchain'],Coinbase,0,0,1,0,0,1,0,0,0,0,0,1,1,0,0,0,0,1,1
1761,Blockchain,1,0,0,0,3,0,0,1,0,0,1,1,0,0,0,0,0,0,1,1,1,5,1,3,['Blockchain' 'Electrum' 'Coinbase' 'Circle'],Blockchain,1,0,0,0,0,1,0,0,0,0,1,0,0,0,0,1,1,0,1
1762,Electrum,1,1,0,0,4,0,1,1,0,0,1,1,0,0,0,0,1,1,1,1,0,1,1,4,['Electrum' 'Circle' 'Coinbase' 'Blockchain'],Electrum,0,1,0,0,0,0,0,1,0,0,1,0,1,0,0,0,1,0,0
1763,Electrum,1,1,0,0,2,0,1,1,1,0,0,1,1,0,0,1,0,0,1,1,1,4,4,3,['Electrum' 'Circle' 'Coinbase' 'Blockchain'],Electrum,0,1,0,0,0,0,0,1,0,0,1,0,1,0,0,0,1,0,0
1764,Coinbase,0,0,1,1,1,1,0,1,1,0,0,0,1,0,1,0,1,0,1,1,1,1,2,1,['Blockchain' 'Electrum' 'Circle' 'Coinbase'],Blockchain,1,0,0,0,0,1,0,0,0,0,0,1,0,0,1,0,1,0,1
1765,Electrum,1,1,0,0,3,1,1,0,0,0,1,1,1,1,1,1,1,0,1,0,0,2,5,1,['Electrum' 'Coinbase' 'Blockchain' 'Circle'],Electrum,0,1,0,0,0,0,1,0,1,0,0,0,0,0,0,1,1,0,0
1766,Coinbase,0,0,1,1,1,0,0,1,0,0,1,0,1,1,1,1,0,1,1,0,0,2,2,1,['Electrum' 'Circle' 'Coinbase' 'Blockchain'],Electrum,0,1,0,0,0,0,0,1,0,0,1,0,1,0,0,0,1,0,0
1767,Coinbase,0,0,1,1,3,1,1,1,0,1,0,1,0,0,0,0,1,0,0,1,1,1,3,5,['Circle' 'Electrum' 'Blockchain' 'Coinbase'],Circle,0,0,0,1,0,1,0,0,1,0,0,0,0,0,1,0,0,1,1
1768,Coinbase,0,0,1,1,1,1,0,0,1,0,1,1,1,1,1,0,0,1,0,1,1,2,1,5,['Electrum' 'Coinbase' 'Blockchain' 'Circle'],Electrum,0,1,0,0,0,0,1,0,1,0,0,0,0,0,0,1,1,0,0
1769,Blockchain,1,0,0,0,4,0,0,0,1,0,1,1,1,0,1,0,0,0,1,1,0,5,1,5,['Electrum' 'Coinbase' 'Circle' 'Blockchain'],Electrum,0,1,0,0,0,0,1,0,0,0,0,1,1,0,0,0,1,0,0
1770,Coinbase,0,0,1,1,3,1,1,0,0,0,0,0,0,1,1,0,0,0,0,1,0,3,2,5,['Electrum' 'Coinbase' 'Blockchain' 'Circle'],Electrum,0,1,0,0,0,0,1,0,1,0,0,0,0,0,0,1,1,0,0
1771,Electrum,1,1,0,0,3,0,1,0,0,1,0,0,1,1,1,0,1,1,1,1,0,2,4,2,['Circle' 'Coinbase' 'Electrum' 'Blockchain'],Circle,0,0,0,1,0,0,1,0,0,1,0,0,1,0,0,0,0,1,1
1772,Blockchain,1,0,0,0,1,1,1,1,1,0,0,1,1,0,0,0,1,1,1,0,1,2,1,3,['Coinbase' 'Blockchain' 'Electrum' 'Circle'],Coinbase,0,0,1,0,1,0,0,0,0,1,0,0,0,0,0,1,0,1,1
1773,Electrum,1,1,0,0,4,1,1,1,0,1,1,1,0,0,1,0,0,0,0,0,1,4,2,2,['Blockchain' 'Circle' 'Coinbase' 'Electrum'],Blockchain,1,0,0,0,0,0,0,1,0,0,1,0,0,1,0,0,1,0,1
1774,Electrum,1,1,0,0,4,0,0,0,1,1,0,1,0,0,1,1,1,1,0,1,1,2,1,1,['Circle' 'Electrum' 'Blockchain' 'Coinbase'],Circle,0,0,0,1,0,1,0,0,1,0,0,0,0,0,1,0,0,1,1
1775,Coinbase,0,0,1,1,1,0,1,0,1,0,1,0,1,0,0,1,0,0,1,0,1,4,5,2,['Circle' 'Electrum' 'Blockchain' 'Coinbase'],Circle,0,0,0,1,0,1,0,0,1,0,0,0,0,0,1,0,0,1,1
1776,Electrum,1,1,0,0,2,0,1,1,1,0,0,0,0,1,0,1,1,1,0,0,1,4,1,1,['Coinbase' 'Blockchain' 'Electrum' 'Circle'],Coinbase,0,0,1,0,1,0,0,0,0,1,0,0,0,0,0,1,0,1,1
1777,Circle,0,0,1,1,1,1,1,1,1,1,0,0,0,0,0,0,1,1,0,1,1,5,1,1,['Blockchain' 'Coinbase' 'Circle' 'Electrum'],Blockchain,1,0,0,0,0,0,1,0,0,0,0,1,0,1,0,0,1,0,1
1778,Coinbase,0,0,1,1,3,0,0,1,0,1,1,1,0,0,0,1,0,1,0,1,0,2,1,5,['Coinbase' 'Circle' 'Electrum' 'Blockchain'],Coinbase,0,0,1,0,0,0,0,1,0,1,0,0,1,0,0,0,0,1,1
1779,Circle,0,0,1,1,2,1,0,1,0,1,1,0,0,1,0,1,1,0,1,0,1,5,4,1,['Blockchain' 'Coinbase' 'Electrum' 'Circle'],Blockchain,1,0,0,0,0,0,1,0,0,1,0,0,0,0,0,1,1,0,1
1780,Coinbase,0,0,1,1,2,0,0,1,1,1,0,0,0,1,1,0,1,1,0,0,1,4,5,5,['Electrum' 'Circle' 'Blockchain' 'Coinbase'],Electrum,0,1,0,0,0,0,0,1,1,0,0,0,0,0,1,0,1,0,0
1781,Circle,0,0,1,1,2,1,1,0,0,1,1,0,0,0,1,0,1,0,1,1,0,3,5,3,['Circle' 'Blockchain' 'Coinbase' 'Electrum'],Circle,0,0,0,1,1,0,0,0,0,0,1,0,0,1,0,0,0,1,1
1782,Electrum,1,1,0,0,2,0,1,0,1,1,1,1,0,0,1,1,0,1,0,0,1,5,5,4,['Blockchain' 'Coinbase' 'Circle' 'Electrum'],Blockchain,1,0,0,0,0,0,1,0,0,0,0,1,0,1,0,0,1,0,1
1783,Blockchain,1,0,0,0,3,0,1,1,0,0,0,0,0,0,0,1,0,0,0,0,1,2,5,5,['Electrum' 'Coinbase' 'Blockchain' 'Circle'],Electrum,0,1,0,0,0,0,1,0,1,0,0,0,0,0,0,1,1,0,0
1784,Blockchain,1,0,0,0,2,0,0,0,0,0,1,0,1,1,1,1,0,1,0,0,0,4,1,2,['Circle' 'Blockchain' 'Coinbase' 'Electrum'],Circle,0,0,0,1,1,0,0,0,0,0,1,0,0,1,0,0,0,1,1
1785,Circle,0,0,1,1,3,0,1,0,0,0,1,0,1,1,1,0,1,0,1,1,1,4,4,1,['Blockchain' 'Electrum' 'Circle' 'Coinbase'],Blockchain,1,0,0,0,0,1,0,0,0,0,0,1,0,0,1,0,1,0,1
1786,Blockchain,1,0,0,0,3,1,1,1,0,0,1,0,1,0,0,1,1,0,0,1,1,2,5,3,['Blockchain' 'Circle' 'Electrum' 'Coinbase'],Blockchain,1,0,0,0,0,0,0,1,0,1,0,0,0,0,1,0,1,0,1
1787,Circle,0,0,1,1,2,1,0,1,0,0,0,1,1,0,0,1,1,1,0,0,1,3,4,2,['Circle' 'Blockchain' 'Coinbase' 'Electrum'],Circle,0,0,0,1,1,0,0,0,0,0,1,0,0,1,0,0,0,1,1
1788,Circle,0,0,1,1,4,0,1,0,1,0,1,0,0,1,0,1,0,0,0,0,1,4,2,2,['Circle' 'Coinbase' 'Blockchain' 'Electrum'],Circle,0,0,0,1,0,0,1,0,1,0,0,0,0,1,0,0,0,1,1
1789,Electrum,1,1,0,0,3,1,0,0,1,0,0,0,1,0,0,1,0,1,1,1,1,1,1,4,['Coinbase' 'Blockchain' 'Electrum' 'Circle'],Coinbase,0,0,1,0,1,0,0,0,0,1,0,0,0,0,0,1,0,1,1
1790,Coinbase,0,0,1,1,1,0,1,0,0,0,1,0,1,0,0,1,1,0,0,1,1,5,2,4,['Circle' 'Blockchain' 'Coinbase' 'Electrum'],Circle,0,0,0,1,1,0,0,0,0,0,1,0,0,1,0,0,0,1,1
1791,Coinbase,0,0,1,1,1,0,1,1,0,1,0,1,1,1,0,0,0,1,1,1,0,4,1,1,['Blockchain' 'Circle' 'Coinbase' 'Electrum'],Blockchain,1,0,0,0,0,0,0,1,0,0,1,0,0,1,0,0,1,0,1
1792,Electrum,1,1,0,0,3,0,1,1,0,0,1,0,0,1,0,0,0,1,1,0,1,5,5,5,['Coinbase' 'Circle' 'Electrum' 'Blockchain'],Coinbase,0,0,1,0,0,0,0,1,0,1,0,0,1,0,0,0,0,1,1
1793,Circle,0,0,1,1,1,1,0,0,0,0,1,1,1,0,1,0,0,0,1,0,0,2,1,2,['Electrum' 'Circle' 'Coinbase' 'Blockchain'],Electrum,0,1,0,0,0,0,0,1,0,0,1,0,1,0,0,0,1,0,0
1794,Circle,0,0,1,1,4,0,0,1,1,1,1,0,1,1,0,0,1,0,0,1,1,3,1,1,['Circle' 'Coinbase' 'Blockchain' 'Electrum'],Circle,0,0,0,1,0,0,1,0,1,0,0,0,0,1,0,0,0,1,1
1795,Blockchain,1,0,0,0,2,0,0,1,0,0,0,1,0,1,1,1,1,0,1,1,1,5,2,4,['Coinbase' 'Blockchain' 'Electrum' 'Circle'],Coinbase,0,0,1,0,1,0,0,0,0,1,0,0,0,0,0,1,0,1,1
1796,Electrum,1,1,0,0,1,0,1,1,1,1,1,0,0,0,1,0,1,1,1,1,1,4,2,4,['Coinbase' 'Blockchain' 'Electrum' 'Circle'],Coinbase,0,0,1,0,1,0,0,0,0,1,0,0,0,0,0,1,0,1,1
1797,Electrum,1,1,0,0,4,0,1,1,1,0,0,1,1,0,1,1,1,1,1,1,0,5,1,3,['Blockchain' 'Electrum' 'Circle' 'Coinbase'],Blockchain,1,0,0,0,0,1,0,0,0,0,0,1,0,0,1,0,1,0,1
1798,Blockchain,1,0,0,0,2,1,0,0,0,1,1,0,0,1,0,1,1,0,0,0,0,1,1,2,['Blockchain' 'Coinbase' 'Electrum' 'Circle'],Blockchain,1,0,0,0,0,0,1,0,0,1,0,0,0,0,0,1,1,0,1
1799,Electrum,1,1,0,0,3,0,0,1,0,1,0,0,1,0,1,1,1,1,0,1,1,2,2,4,['Electrum' 'Circle' 'Coinbase' 'Blockchain'],Electrum,0,1,0,0,0,0,0,1,0,0,1,0,1,0,0,0,1,0,0
1800,Coinbase,0,0,1,1,1,1,0,1,1,0,0,0,0,1,0,1,0,0,0,0,0,5,3,2,['Electrum' 'Blockchain' 'Coinbase' 'Circle'],Electrum,0,1,0,0,1,0,0,0,0,0,1,0,0,0,0,1,1,0,0
1801,Blockchain,1,0,0,0,3,1,0,1,0,0,1,1,1,0,0,0,1,0,0,0,1,4,5,3,['Electrum' 'Blockchain' 'Coinbase' 'Circle'],Electrum,0,1,0,0,1,0,0,0,0,0,1,0,0,0,0,1,1,0,0
1802,Circle,0,0,1,1,1,1,1,0,1,1,1,0,0,1,1,1,0,1,0,0,0,1,4,5,['Blockchain' 'Coinbase' 'Circle' 'Electrum'],Blockchain,1,0,0,0,0,0,1,0,0,0,0,1,0,1,0,0,1,0,1
1803,Electrum,1,1,0,0,3,1,1,0,0,1,0,1,1,1,0,0,1,0,1,0,0,5,1,4,['Electrum' 'Blockchain' 'Coinbase' 'Circle'],Electrum,0,1,0,0,1,0,0,0,0,0,1,0,0,0,0,1,1,0,0
1804,Electrum,1,1,0,0,2,0,1,0,1,0,1,1,1,0,1,1,0,0,0,1,1,5,5,2,['Blockchain' 'Coinbase' 'Electrum' 'Circle'],Blockchain,1,0,0,0,0,0,1,0,0,1,0,0,0,0,0,1,1,0,1
1805,Coinbase,0,0,1,1,4,1,0,1,0,1,1,0,0,0,1,1,0,0,0,0,1,4,4,4,['Circle' 'Electrum' 'Coinbase' 'Blockchain'],Circle,0,0,0,1,0,1,0,0,0,0,1,0,1,0,0,0,0,1,1
1806,Electrum,1,1,0,0,2,0,1,0,1,0,1,1,1,1,1,1,1,0,0,1,1,1,2,4,['Blockchain' 'Circle' 'Coinbase' 'Electrum'],Blockchain,1,0,0,0,0,0,0,1,0,0,1,0,0,1,0,0,1,0,1
1807,Blockchain,1,0,0,0,2,1,0,0,1,0,1,1,0,0,0,1,1,1,0,1,0,4,1,1,['Electrum' 'Circle' 'Blockchain' 'Coinbase'],Electrum,0,1,0,0,0,0,0,1,1,0,0,0,0,0,1,0,1,0,0
1808,Circle,0,0,1,1,2,0,0,1,0,0,0,0,0,0,1,0,1,0,1,1,0,2,5,4,['Circle' 'Coinbase' 'Blockchain' 'Electrum'],Circle,0,0,0,1,0,0,1,0,1,0,0,0,0,1,0,0,0,1,1
1809,Circle,0,0,1,1,1,0,0,1,0,1,1,0,1,0,0,0,0,1,0,0,0,5,1,4,['Electrum' 'Blockchain' 'Circle' 'Coinbase'],Electrum,0,1,0,0,1,0,0,0,0,0,0,1,0,0,1,0,1,0,0
1810,Blockchain,1,0,0,0,2,0,0,0,0,1,1,0,0,1,0,0,0,0,0,1,1,2,4,1,['Circle' 'Coinbase' 'Blockchain' 'Electrum'],Circle,0,0,0,1,0,0,1,0,1,0,0,0,0,1,0,0,0,1,1
1811,Blockchain,1,0,0,0,4,0,0,1,1,1,1,1,0,0,1,1,1,0,0,1,0,1,5,2,['Blockchain' 'Electrum' 'Coinbase' 'Circle'],Blockchain,1,0,0,0,0,1,0,0,0,0,1,0,0,0,0,1,1,0,1
1812,Blockchain,1,0,0,0,4,1,1,0,1,0,0,1,1,1,0,0,1,0,0,1,1,3,1,3,['Blockchain' 'Electrum' 'Coinbase' 'Circle'],Blockchain,1,0,0,0,0,1,0,0,0,0,1,0,0,0,0,1,1,0,1
1813,Coinbase,0,0,1,1,4,1,0,0,1,0,0,1,1,1,1,1,0,0,0,1,1,2,2,2,['Coinbase' 'Blockchain' 'Electrum' 'Circle'],Coinbase,0,0,1,0,1,0,0,0,0,1,0,0,0,0,0,1,0,1,1
1814,Circle,0,0,1,1,3,1,0,1,1,1,0,0,1,1,0,1,0,0,1,1,0,4,5,3,['Coinbase' 'Circle' 'Blockchain' 'Electrum'],Coinbase,0,0,1,0,0,0,0,1,1,0,0,0,0,1,0,0,0,1,1
1815,Circle,0,0,1,1,2,0,1,0,0,1,1,0,0,0,0,0,0,1,0,0,0,5,3,3,['Circle' 'Blockchain' 'Electrum' 'Coinbase'],Circle,0,0,0,1,1,0,0,0,0,1,0,0,0,0,1,0,0,1,1
1816,Electrum,1,1,0,0,3,0,1,1,0,1,0,1,0,0,1,0,0,0,0,1,1,4,5,1,['Electrum' 'Blockchain' 'Coinbase' 'Circle'],Electrum,0,1,0,0,1,0,0,0,0,0,1,0,0,0,0,1,1,0,0
1817,Electrum,1,1,0,0,1,1,0,1,1,0,1,0,1,1,0,1,1,1,1,0,1,1,5,1,['Blockchain' 'Coinbase' 'Circle' 'Electrum'],Blockchain,1,0,0,0,0,0,1,0,0,0,0,1,0,1,0,0,1,0,1
1818,Electrum,1,1,0,0,2,1,1,1,1,0,0,0,1,0,1,0,0,1,0,1,0,5,4,4,['Circle' 'Electrum' 'Blockchain' 'Coinbase'],Circle,0,0,0,1,0,1,0,0,1,0,0,0,0,0,1,0,0,1,1
1819,Coinbase,0,0,1,1,1,0,1,1,0,0,0,1,1,1,1,1,0,0,0,1,0,2,1,4,['Electrum' 'Blockchain' 'Circle' 'Coinbase'],Electrum,0,1,0,0,1,0,0,0,0,0,0,1,0,0,1,0,1,0,0
1820,Circle,0,0,1,1,2,1,0,0,0,1,1,1,0,0,0,0,1,0,1,1,1,1,4,4,['Coinbase' 'Electrum' 'Circle' 'Blockchain'],Coinbase,0,0,1,0,0,1,0,0,0,0,0,1,1,0,0,0,0,1,1
1821,Circle,0,0,1,1,1,1,1,1,1,1,1,1,0,0,1,1,0,1,0,1,1,4,2,4,['Circle' 'Coinbase' 'Blockchain' 'Electrum'],Circle,0,0,0,1,0,0,1,0,1,0,0,0,0,1,0,0,0,1,1
1822,Coinbase,0,0,1,1,2,0,0,0,0,1,1,0,1,1,0,1,0,1,0,1,1,4,4,3,['Circle' 'Blockchain' 'Coinbase' 'Electrum'],Circle,0,0,0,1,1,0,0,0,0,0,1,0,0,1,0,0,0,1,1
1823,Circle,0,0,1,1,3,0,1,0,0,1,0,1,0,1,0,1,1,1,1,0,1,3,4,1,['Circle' 'Electrum' 'Coinbase' 'Blockchain'],Circle,0,0,0,1,0,1,0,0,0,0,1,0,1,0,0,0,0,1,1
1824,Coinbase,0,0,1,1,1,0,0,1,0,1,0,1,1,0,0,0,0,1,1,1,0,2,3,2,['Blockchain' 'Circle' 'Coinbase' 'Electrum'],Blockchain,1,0,0,0,0,0,0,1,0,0,1,0,0,1,0,0,1,0,1
1825,Coinbase,0,0,1,1,1,1,1,1,1,1,0,1,0,0,1,1,1,0,1,1,1,1,5,3,['Circle' 'Coinbase' 'Electrum' 'Blockchain'],Circle,0,0,0,1,0,0,1,0,0,1,0,0,1,0,0,0,0,1,1
1826,Circle,0,0,1,1,3,0,0,0,0,1,0,1,0,0,1,1,0,0,0,1,0,3,4,5,['Coinbase' 'Blockchain' 'Electrum' 'Circle'],Coinbase,0,0,1,0,1,0,0,0,0,1,0,0,0,0,0,1,0,1,1
1827,Blockchain,1,0,0,0,2,0,1,0,1,0,1,1,0,0,0,1,0,0,1,1,1,2,1,1,['Circle' 'Electrum' 'Blockchain' 'Coinbase'],Circle,0,0,0,1,0,1,0,0,1,0,0,0,0,0,1,0,0,1,1
1828,Electrum,1,1,0,0,2,1,0,1,1,1,0,0,0,1,0,0,1,0,1,0,0,3,3,1,['Electrum' 'Circle' 'Coinbase' 'Blockchain'],Electrum,0,1,0,0,0,0,0,1,0,0,1,0,1,0,0,0,1,0,0
1829,Coinbase,0,0,1,1,1,1,1,0,0,0,1,0,0,0,0,0,0,1,1,1,1,2,2,3,['Electrum' 'Coinbase' 'Circle' 'Blockchain'],Electrum,0,1,0,0,0,0,1,0,0,0,0,1,1,0,0,0,1,0,0
1830,Blockchain,1,0,0,0,1,1,0,0,0,1,0,1,1,0,1,0,0,1,1,1,1,3,4,1,['Circle' 'Coinbase' 'Electrum' 'Blockchain'],Circle,0,0,0,1,0,0,1,0,0,1,0,0,1,0,0,0,0,1,1
1831,Circle,0,0,1,1,2,1,0,0,0,1,0,0,1,1,0,1,0,0,0,1,0,3,1,1,['Blockchain' 'Electrum' 'Circle' 'Coinbase'],Blockchain,1,0,0,0,0,1,0,0,0,0,0,1,0,0,1,0,1,0,1
1832,Blockchain,1,0,0,0,1,0,0,0,1,0,1,1,1,1,0,1,0,0,1,1,0,2,2,3,['Circle' 'Coinbase' 'Blockchain' 'Electrum'],Circle,0,0,0,1,0,0,1,0,1,0,0,0,0,1,0,0,0,1,1
1833,Circle,0,0,1,1,4,0,0,1,0,1,1,0,1,1,0,1,1,1,1,0,0,4,4,5,['Blockchain' 'Circle' 'Electrum' 'Coinbase'],Blockchain,1,0,0,0,0,0,0,1,0,1,0,0,0,0,1,0,1,0,1
1834,Coinbase,0,0,1,1,4,0,0,0,0,1,0,1,0,1,0,0,0,1,0,0,0,3,3,3,['Electrum' 'Coinbase' 'Blockchain' 'Circle'],Electrum,0,1,0,0,0,0,1,0,1,0,0,0,0,0,0,1,1,0,0
1835,Coinbase,0,0,1,1,1,1,1,0,1,0,1,0,0,0,1,0,1,1,1,0,0,2,3,5,['Coinbase' 'Electrum' 'Blockchain' 'Circle'],Coinbase,0,0,1,0,0,1,0,0,1,0,0,0,0,0,0,1,0,1,1
1836,Blockchain,1,0,0,0,3,0,1,0,0,0,1,0,1,1,0,0,1,1,1,0,1,4,3,5,['Blockchain' 'Circle' 'Coinbase' 'Electrum'],Blockchain,1,0,0,0,0,0,0,1,0,0,1,0,0,1,0,0,1,0,1
1837,Coinbase,0,0,1,1,4,1,1,1,0,0,1,1,1,0,0,1,1,0,1,1,1,3,3,3,['Electrum' 'Blockchain' 'Coinbase' 'Circle'],Electrum,0,1,0,0,1,0,0,0,0,0,1,0,0,0,0,1,1,0,0
1838,Circle,0,0,1,1,1,1,0,0,0,0,1,1,1,1,0,1,1,1,1,0,0,3,4,5,['Blockchain' 'Circle' 'Electrum' 'Coinbase'],Blockchain,1,0,0,0,0,0,0,1,0,1,0,0,0,0,1,0,1,0,1
1839,Blockchain,1,0,0,0,2,1,1,1,0,1,0,1,1,1,1,1,0,1,0,1,0,3,2,3,['Circle' 'Electrum' 'Blockchain' 'Coinbase'],Circle,0,0,0,1,0,1,0,0,1,0,0,0,0,0,1,0,0,1,1
1840,Blockchain,1,0,0,0,2,0,1,0,1,0,0,1,1,0,0,1,0,1,0,1,1,1,1,5,['Circle' 'Coinbase' 'Blockchain' 'Electrum'],Circle,0,0,0,1,0,0,1,0,1,0,0,0,0,1,0,0,0,1,1
1841,Circle,0,0,1,1,2,0,0,0,0,0,0,0,1,1,1,0,1,0,0,1,1,1,3,5,['Circle' 'Blockchain' 'Coinbase' 'Electrum'],Circle,0,0,0,1,1,0,0,0,0,0,1,0,0,1,0,0,0,1,1
1842,Electrum,1,1,0,0,3,1,1,0,0,1,0,0,1,0,1,0,0,0,1,0,0,4,3,5,['Blockchain' 'Circle' 'Electrum' 'Coinbase'],Blockchain,1,0,0,0,0,0,0,1,0,1,0,0,0,0,1,0,1,0,1
1843,Blockchain,1,0,0,0,4,1,0,0,0,0,1,1,1,0,1,1,1,0,1,1,0,4,3,2,['Blockchain' 'Electrum' 'Coinbase' 'Circle'],Blockchain,1,0,0,0,0,1,0,0,0,0,1,0,0,0,0,1,1,0,1
1844,Electrum,1,1,0,0,2,1,0,1,0,1,0,0,0,0,0,0,1,0,1,0,1,4,1,3,['Electrum' 'Circle' 'Blockchain' 'Coinbase'],Electrum,0,1,0,0,0,0,0,1,1,0,0,0,0,0,1,0,1,0,0
1845,Coinbase,0,0,1,1,1,0,0,1,1,1,0,0,1,1,0,0,0,0,0,0,1,5,3,5,['Electrum' 'Coinbase' 'Blockchain' 'Circle'],Electrum,0,1,0,0,0,0,1,0,1,0,0,0,0,0,0,1,1,0,0
1846,Coinbase,0,0,1,1,3,0,0,1,0,1,0,0,1,0,0,1,1,1,1,0,1,1,1,3,['Circle' 'Blockchain' 'Electrum' 'Coinbase'],Circle,0,0,0,1,1,0,0,0,0,1,0,0,0,0,1,0,0,1,1
1847,Electrum,1,1,0,0,3,1,1,1,1,1,0,0,0,0,0,1,0,0,0,1,1,4,3,4,['Electrum' 'Coinbase' 'Circle' 'Blockchain'],Electrum,0,1,0,0,0,0,1,0,0,0,0,1,1,0,0,0,1,0,0
1848,Blockchain,1,0,0,0,1,1,1,0,0,1,0,1,1,0,0,0,1,0,0,1,0,2,5,1,['Circle' 'Electrum' 'Blockchain' 'Coinbase'],Circle,0,0,0,1,0,1,0,0,1,0,0,0,0,0,1,0,0,1,1
1849,Blockchain,1,0,0,0,2,0,1,0,0,0,1,1,0,0,0,0,1,0,0,0,1,5,4,4,['Circle' 'Coinbase' 'Blockchain' 'Electrum'],Circle,0,0,0,1,0,0,1,0,1,0,0,0,0,1,0,0,0,1,1
1850,Blockchain,1,0,0,0,3,1,0,1,1,1,0,1,0,0,0,0,1,1,1,1,0,5,1,1,['Blockchain' 'Coinbase' 'Electrum' 'Circle'],Blockchain,1,0,0,0,0,0,1,0,0,1,0,0,0,0,0,1,1,0,1
1851,Circle,0,0,1,1,3,0,1,1,1,0,1,1,0,1,0,0,1,1,0,0,0,1,5,4,['Blockchain' 'Circle' 'Electrum' 'Coinbase'],Blockchain,1,0,0,0,0,0,0,1,0,1,0,0,0,0,1,0,1,0,1
1852,Coinbase,0,0,1,1,4,0,0,1,1,0,1,0,1,1,0,1,1,0,1,0,0,5,4,4,['Coinbase' 'Circle' 'Electrum' 'Blockchain'],Coinbase,0,0,1,0,0,0,0,1,0,1,0,0,1,0,0,0,0,1,1
1853,Coinbase,0,0,1,1,2,1,1,0,1,1,1,1,0,1,0,0,1,1,0,0,0,2,1,1,['Coinbase' 'Electrum' 'Circle' 'Blockchain'],Coinbase,0,0,1,0,0,1,0,0,0,0,0,1,1,0,0,0,0,1,1
1854,Coinbase,0,0,1,1,3,1,1,0,0,1,1,1,1,0,1,1,0,1,0,1,1,4,2,1,['Coinbase' 'Electrum' 'Blockchain' 'Circle'],Coinbase,0,0,1,0,0,1,0,0,1,0,0,0,0,0,0,1,0,1,1
1855,Blockchain,1,0,0,0,2,1,1,1,0,0,1,0,0,0,1,0,0,0,1,0,1,3,3,2,['Electrum' 'Coinbase' 'Circle' 'Blockchain'],Electrum,0,1,0,0,0,0,1,0,0,0,0,1,1,0,0,0,1,0,0
1856,Circle,0,0,1,1,1,1,0,0,1,0,1,0,0,1,0,1,1,0,1,1,0,3,4,5,['Blockchain' 'Electrum' 'Coinbase' 'Circle'],Blockchain,1,0,0,0,0,1,0,0,0,0,1,0,0,0,0,1,1,0,1
1857,Circle,0,0,1,1,2,1,0,1,1,0,0,1,1,0,1,0,1,1,0,0,1,3,3,1,['Blockchain' 'Coinbase' 'Circle' 'Electrum'],Blockchain,1,0,0,0,0,0,1,0,0,0,0,1,0,1,0,0,1,0,1
1858,Blockchain,1,0,0,0,2,0,0,1,1,0,1,1,0,0,0,1,1,0,0,0,0,3,2,3,['Circle' 'Blockchain' 'Coinbase' 'Electrum'],Circle,0,0,0,1,1,0,0,0,0,0,1,0,0,1,0,0,0,1,1
1859,Circle,0,0,1,1,4,0,1,0,1,1,0,0,0,0,1,0,0,1,1,0,0,3,3,3,['Blockchain' 'Electrum' 'Circle' 'Coinbase'],Blockchain,1,0,0,0,0,1,0,0,0,0,0,1,0,0,1,0,1,0,1
1860,Coinbase,0,0,1,1,4,0,0,0,0,1,1,0,0,1,1,1,1,0,0,0,1,3,5,2,['Circle' 'Coinbase' 'Electrum' 'Blockchain'],Circle,0,0,0,1,0,0,1,0,0,1,0,0,1,0,0,0,0,1,1
1861,Circle,0,0,1,1,1,1,0,1,1,1,0,0,1,1,0,0,1,0,0,1,1,4,4,2,['Circle' 'Electrum' 'Blockchain' 'Coinbase'],Circle,0,0,0,1,0,1,0,0,1,0,0,0,0,0,1,0,0,1,1
1862,Circle,0,0,1,1,4,1,1,1,0,0,0,0,1,0,1,1,0,0,0,0,1,4,2,4,['Blockchain' 'Coinbase' 'Electrum' 'Circle'],Blockchain,1,0,0,0,0,0,1,0,0,1,0,0,0,0,0,1,1,0,1
1863,Circle,0,0,1,1,3,0,0,1,0,1,0,1,0,1,1,0,0,1,1,1,1,4,1,4,['Circle' 'Electrum' 'Blockchain' 'Coinbase'],Circle,0,0,0,1,0,1,0,0,1,0,0,0,0,0,1,0,0,1,1
1864,Blockchain,1,0,0,0,1,1,1,1,1,1,0,0,0,0,1,1,1,1,1,0,0,5,4,3,['Circle' 'Blockchain' 'Coinbase' 'Electrum'],Circle,0,0,0,1,1,0,0,0,0,0,1,0,0,1,0,0,0,1,1
1865,Blockchain,1,0,0,0,4,1,1,1,0,0,1,1,1,1,1,0,0,1,1,1,0,1,5,4,['Coinbase' 'Blockchain' 'Electrum' 'Circle'],Coinbase,0,0,1,0,1,0,0,0,0,1,0,0,0,0,0,1,0,1,1
1866,Coinbase,0,0,1,1,2,0,1,0,0,0,0,0,0,0,0,1,0,1,0,1,1,3,5,5,['Coinbase' 'Electrum' 'Circle' 'Blockchain'],Coinbase,0,0,1,0,0,1,0,0,0,0,0,1,1,0,0,0,0,1,1
1867,Blockchain,1,0,0,0,1,0,0,0,1,1,0,0,0,0,1,1,1,1,1,0,0,2,1,1,['Electrum' 'Blockchain' 'Coinbase' 'Circle'],Electrum,0,1,0,0,1,0,0,0,0,0,1,0,0,0,0,1,1,0,0
1868,Circle,0,0,1,1,4,1,1,1,0,1,1,1,1,1,1,0,1,0,0,0,0,4,3,5,['Blockchain' 'Electrum' 'Circle' 'Coinbase'],Blockchain,1,0,0,0,0,1,0,0,0,0,0,1,0,0,1,0,1,0,1
1869,Electrum,1,1,0,0,4,0,1,1,1,0,0,1,1,0,0,1,1,1,1,1,1,1,4,1,['Circle' 'Coinbase' 'Blockchain' 'Electrum'],Circle,0,0,0,1,0,0,1,0,1,0,0,0,0,1,0,0,0,1,1
1870,Electrum,1,1,0,0,2,1,0,1,1,1,1,1,1,0,1,0,0,1,1,0,1,1,5,4,['Electrum' 'Coinbase' 'Blockchain' 'Circle'],Electrum,0,1,0,0,0,0,1,0,1,0,0,0,0,0,0,1,1,0,0
1871,Circle,0,0,1,1,2,0,1,0,0,1,1,1,0,1,0,0,0,1,0,1,1,2,3,5,['Blockchain' 'Electrum' 'Circle' 'Coinbase'],Blockchain,1,0,0,0,0,1,0,0,0,0,0,1,0,0,1,0,1,0,1
1872,Circle,0,0,1,1,1,1,0,0,0,0,0,0,1,1,0,1,0,0,0,1,0,4,2,5,['Circle' 'Coinbase' 'Electrum' 'Blockchain'],Circle,0,0,0,1,0,0,1,0,0,1,0,0,1,0,0,0,0,1,1
1873,Coinbase,0,0,1,1,2,1,0,1,0,1,1,1,1,0,0,0,0,1,1,0,1,3,4,3,['Blockchain' 'Electrum' 'Coinbase' 'Circle'],Blockchain,1,0,0,0,0,1,0,0,0,0,1,0,0,0,0,1,1,0,1
1874,Blockchain,1,0,0,0,2,1,1,1,0,0,0,1,1,1,1,0,1,1,1,1,1,3,2,5,['Coinbase' 'Circle' 'Electrum' 'Blockchain'],Coinbase,0,0,1,0,0,0,0,1,0,1,0,0,1,0,0,0,0,1,1
1875,Electrum,1,1,0,0,4,0,0,1,1,1,0,1,1,1,0,0,0,0,0,0,0,5,2,5,['Electrum' 'Circle' 'Coinbase' 'Blockchain'],Electrum,0,1,0,0,0,0,0,1,0,0,1,0,1,0,0,0,1,0,0
1876,Blockchain,1,0,0,0,4,1,1,0,1,0,0,1,1,0,0,0,0,0,0,0,0,3,2,1,['Blockchain' 'Circle' 'Coinbase' 'Electrum'],Blockchain,1,0,0,0,0,0,0,1,0,0,1,0,0,1,0,0,1,0,1
1877,Coinbase,0,0,1,1,3,0,1,1,0,0,0,1,0,0,1,1,0,1,0,0,0,2,2,3,['Blockchain' 'Circle' 'Coinbase' 'Electrum'],Blockchain,1,0,0,0,0,0,0,1,0,0,1,0,0,1,0,0,1,0,1
1878,Coinbase,0,0,1,1,2,0,1,1,1,1,0,0,0,0,0,1,1,1,0,1,1,2,4,2,['Blockchain' 'Electrum' 'Coinbase' 'Circle'],Blockchain,1,0,0,0,0,1,0,0,0,0,1,0,0,0,0,1,1,0,1
1879,Electrum,1,1,0,0,1,0,1,0,1,0,1,1,1,0,0,0,1,0,0,1,0,5,2,5,['Blockchain' 'Circle' 'Coinbase' 'Electrum'],Blockchain,1,0,0,0,0,0,0,1,0,0,1,0,0,1,0,0,1,0,1
1880,Coinbase,0,0,1,1,2,1,0,1,0,1,1,1,1,0,0,1,0,0,1,0,0,3,1,1,['Coinbase' 'Blockchain' 'Electrum' 'Circle'],Coinbase,0,0,1,0,1,0,0,0,0,1,0,0,0,0,0,1,0,1,1
1881,Electrum,1,1,0,0,1,1,1,0,1,0,1,0,0,0,1,1,1,0,1,1,1,5,2,4,['Blockchain' 'Circle' 'Coinbase' 'Electrum'],Blockchain,1,0,0,0,0,0,0,1,0,0,1,0,0,1,0,0,1,0,1
1882,Blockchain,1,0,0,0,4,1,1,0,1,0,1,0,1,1,0,0,1,1,0,0,1,5,5,5,['Blockchain' 'Coinbase' 'Electrum' 'Circle'],Blockchain,1,0,0,0,0,0,1,0,0,1,0,0,0,0,0,1,1,0,1
1883,Circle,0,0,1,1,4,1,0,1,0,1,0,1,1,0,0,0,1,0,1,1,0,4,4,3,['Coinbase' 'Circle' 'Blockchain' 'Electrum'],Coinbase,0,0,1,0,0,0,0,1,1,0,0,0,0,1,0,0,0,1,1
1884,Blockchain,1,0,0,0,2,0,0,1,0,0,1,1,0,0,0,1,0,0,1,1,0,3,2,2,['Electrum' 'Circle' 'Blockchain' 'Coinbase'],Electrum,0,1,0,0,0,0,0,1,1,0,0,0,0,0,1,0,1,0,0
1885,Electrum,1,1,0,0,3,0,1,1,0,1,0,1,1,0,0,0,0,0,0,0,1,3,5,2,['Electrum' 'Circle' 'Blockchain' 'Coinbase'],Electrum,0,1,0,0,0,0,0,1,1,0,0,0,0,0,1,0,1,0,0
1886,Electrum,1,1,0,0,4,0,0,1,1,0,1,0,1,0,1,1,1,0,0,0,0,3,5,4,['Circle' 'Coinbase' 'Electrum' 'Blockchain'],Circle,0,0,0,1,0,0,1,0,0,1,0,0,1,0,0,0,0,1,1
1887,Blockchain,1,0,0,0,1,1,1,1,1,0,1,1,1,0,0,1,1,1,0,0,1,5,2,2,['Circle' 'Blockchain' 'Coinbase' 'Electrum'],Circle,0,0,0,1,1,0,0,0,0,0,1,0,0,1,0,0,0,1,1
1888,Circle,0,0,1,1,2,0,1,0,0,0,0,0,0,0,1,0,0,1,1,0,0,5,3,4,['Blockchain' 'Electrum' 'Coinbase' 'Circle'],Blockchain,1,0,0,0,0,1,0,0,0,0,1,0,0,0,0,1,1,0,1
1889,Electrum,1,1,0,0,4,1,0,1,1,0,1,0,0,0,0,1,0,1,0,0,1,3,1,1,['Circle' 'Blockchain' 'Coinbase' 'Electrum'],Circle,0,0,0,1,1,0,0,0,0,0,1,0,0,1,0,0,0,1,1
1890,Coinbase,0,0,1,1,3,1,0,1,1,0,1,1,1,0,0,1,1,1,0,1,1,4,1,4,['Electrum' 'Circle' 'Blockchain' 'Coinbase'],Electrum,0,1,0,0,0,0,0,1,1,0,0,0,0,0,1,0,1,0,0
1891,Coinbase,0,0,1,1,2,1,1,0,0,1,1,1,1,1,1,0,0,1,0,1,1,2,4,2,['Circle' 'Coinbase' 'Blockchain' 'Electrum'],Circle,0,0,0,1,0,0,1,0,1,0,0,0,0,1,0,0,0,1,1
1892,Electrum,1,1,0,0,2,0,0,1,0,0,1,0,0,0,1,1,0,0,0,1,0,4,4,2,['Electrum' 'Circle' 'Coinbase' 'Blockchain'],Electrum,0,1,0,0,0,0,0,1,0,0,1,0,1,0,0,0,1,0,0
1893,Coinbase,0,0,1,1,4,0,1,0,0,0,1,1,1,1,0,1,0,1,0,0,0,2,1,1,['Circle' 'Blockchain' 'Electrum' 'Coinbase'],Circle,0,0,0,1,1,0,0,0,0,1,0,0,0,0,1,0,0,1,1
1894,Electrum,1,1,0,0,2,0,1,1,1,0,1,1,0,0,0,1,1,0,1,0,0,1,1,3,['Blockchain' 'Circle' 'Electrum' 'Coinbase'],Blockchain,1,0,0,0,0,0,0,1,0,1,0,0,0,0,1,0,1,0,1
1895,Circle,0,0,1,1,4,0,1,1,1,1,0,1,0,0,0,0,0,1,0,0,1,5,2,4,['Circle' 'Coinbase' 'Blockchain' 'Electrum'],Circle,0,0,0,1,0,0,1,0,1,0,0,0,0,1,0,0,0,1,1
1896,Circle,0,0,1,1,1,1,1,0,1,1,0,1,0,0,0,1,1,1,1,1,1,3,2,2,['Circle' 'Electrum' 'Blockchain' 'Coinbase'],Circle,0,0,0,1,0,1,0,0,1,0,0,0,0,0,1,0,0,1,1
1897,Blockchain,1,0,0,0,4,1,0,1,0,1,0,0,1,1,1,0,1,1,1,1,1,4,4,5,['Electrum' 'Circle' 'Blockchain' 'Coinbase'],Electrum,0,1,0,0,0,0,0,1,1,0,0,0,0,0,1,0,1,0,0
1898,Coinbase,0,0,1,1,4,0,0,0,1,0,1,1,1,1,1,0,0,0,1,1,1,1,5,2,['Blockchain' 'Circle' 'Electrum' 'Coinbase'],Blockchain,1,0,0,0,0,0,0,1,0,1,0,0,0,0,1,0,1,0,1
1899,Coinbase,0,0,1,1,3,1,0,1,1,1,1,1,1,0,0,0,0,1,0,0,1,3,1,2,['Electrum' 'Coinbase' 'Circle' 'Blockchain'],Electrum,0,1,0,0,0,0,1,0,0,0,0,1,1,0,0,0,1,0,0
1900,Electrum,1,1,0,0,4,1,1,1,1,0,0,1,1,0,1,1,0,1,1,0,1,5,3,3,['Circle' 'Blockchain' 'Coinbase' 'Electrum'],Circle,0,0,0,1,1,0,0,0,0,0,1,0,0,1,0,0,0,1,1
1901,Electrum,1,1,0,0,3,0,0,0,0,1,0,0,1,0,1,1,0,1,1,1,0,5,3,5,['Electrum' 'Blockchain' 'Circle' 'Coinbase'],Electrum,0,1,0,0,1,0,0,0,0,0,0,1,0,0,1,0,1,0,0
1902,Circle,0,0,1,1,3,0,0,1,0,1,1,0,0,0,0,0,0,0,1,0,1,1,1,2,['Coinbase' 'Blockchain' 'Electrum' 'Circle'],Coinbase,0,0,1,0,1,0,0,0,0,1,0,0,0,0,0,1,0,1,1
1903,Coinbase,0,0,1,1,1,1,1,0,1,1,1,1,0,0,1,0,1,1,0,0,0,2,5,2,['Blockchain' 'Electrum' 'Circle' 'Coinbase'],Blockchain,1,0,0,0,0,1,0,0,0,0,0,1,0,0,1,0,1,0,1
1904,Electrum,1,1,0,0,2,1,0,0,0,1,1,1,1,1,1,1,0,0,0,0,0,5,1,2,['Coinbase' 'Blockchain' 'Electrum' 'Circle'],Coinbase,0,0,1,0,1,0,0,0,0,1,0,0,0,0,0,1,0,1,1
1905,Electrum,1,1,0,0,1,1,0,0,0,0,1,1,0,0,1,1,1,0,0,1,0,4,1,3,['Coinbase' 'Blockchain' 'Circle' 'Electrum'],Coinbase,0,0,1,0,1,0,0,0,0,0,0,1,0,1,0,0,0,1,1
1906,Blockchain,1,0,0,0,3,0,0,0,1,0,1,1,1,0,0,0,1,0,0,0,1,3,1,1,['Coinbase' 'Electrum' 'Blockchain' 'Circle'],Coinbase,0,0,1,0,0,1,0,0,1,0,0,0,0,0,0,1,0,1,1
1907,Coinbase,0,0,1,1,4,0,0,0,1,0,1,0,1,1,1,0,0,1,1,1,1,2,1,5,['Blockchain' 'Electrum' 'Coinbase' 'Circle'],Blockchain,1,0,0,0,0,1,0,0,0,0,1,0,0,0,0,1,1,0,1
1908,Electrum,1,1,0,0,4,1,0,1,0,0,1,0,1,0,1,1,0,1,1,1,1,1,4,5,['Blockchain' 'Coinbase' 'Circle' 'Electrum'],Blockchain,1,0,0,0,0,0,1,0,0,0,0,1,0,1,0,0,1,0,1
1909,Blockchain,1,0,0,0,1,0,1,0,0,0,0,1,1,1,0,1,0,0,0,1,0,1,5,4,['Coinbase' 'Blockchain' 'Circle' 'Electrum'],Coinbase,0,0,1,0,1,0,0,0,0,0,0,1,0,1,0,0,0,1,1
1910,Circle,0,0,1,1,3,0,1,0,1,0,1,0,0,0,0,0,1,0,0,1,1,5,5,5,['Blockchain' 'Circle' 'Electrum' 'Coinbase'],Blockchain,1,0,0,0,0,0,0,1,0,1,0,0,0,0,1,0,1,0,1
1911,Electrum,1,1,0,0,4,0,0,0,0,1,1,0,1,0,1,0,0,0,0,1,1,4,3,3,['Blockchain' 'Coinbase' 'Electrum' 'Circle'],Blockchain,1,0,0,0,0,0,1,0,0,1,0,0,0,0,0,1,1,0,1
1912,Blockchain,1,0,0,0,1,1,0,1,0,0,1,0,0,0,0,1,1,1,1,1,1,4,1,1,['Circle' 'Coinbase' 'Blockchain' 'Electrum'],Circle,0,0,0,1,0,0,1,0,1,0,0,0,0,1,0,0,0,1,1
1913,Blockchain,1,0,0,0,3,0,1,0,1,1,0,0,0,1,0,0,1,0,1,0,0,1,2,5,['Coinbase' 'Blockchain' 'Circle' 'Electrum'],Coinbase,0,0,1,0,1,0,0,0,0,0,0,1,0,1,0,0,0,1,1
1914,Circle,0,0,1,1,1,1,1,1,0,1,1,0,0,1,0,0,0,0,1,0,0,2,4,4,['Blockchain' 'Electrum' 'Coinbase' 'Circle'],Blockchain,1,0,0,0,0,1,0,0,0,0,1,0,0,0,0,1,1,0,1
1915,Circle,0,0,1,1,3,1,1,0,0,1,1,1,0,1,1,0,1,0,0,0,1,2,2,5,['Electrum' 'Blockchain' 'Circle' 'Coinbase'],Electrum,0,1,0,0,1,0,0,0,0,0,0,1,0,0,1,0,1,0,0
1916,Coinbase,0,0,1,1,3,0,0,0,1,0,0,0,1,1,0,0,1,0,1,0,0,3,4,2,['Coinbase' 'Blockchain' 'Circle' 'Electrum'],Coinbase,0,0,1,0,1,0,0,0,0,0,0,1,0,1,0,0,0,1,1
1917,Electrum,1,1,0,0,4,1,1,0,0,1,0,1,0,1,1,0,1,1,1,1,0,2,4,2,['Electrum' 'Circle' 'Coinbase' 'Blockchain'],Electrum,0,1,0,0,0,0,0,1,0,0,1,0,1,0,0,0,1,0,0
1918,Coinbase,0,0,1,1,4,1,1,0,1,0,1,1,0,0,0,1,1,1,0,0,0,5,2,5,['Circle' 'Coinbase' 'Blockchain' 'Electrum'],Circle,0,0,0,1,0,0,1,0,1,0,0,0,0,1,0,0,0,1,1
1919,Electrum,1,1,0,0,4,0,1,1,0,0,1,1,0,1,0,1,0,1,0,1,1,1,1,3,['Blockchain' 'Coinbase' 'Electrum' 'Circle'],Blockchain,1,0,0,0,0,0,1,0,0,1,0,0,0,0,0,1,1,0,1
1920,Electrum,1,1,0,0,2,0,1,1,1,0,0,0,0,0,1,0,0,0,0,0,1,1,1,2,['Blockchain' 'Coinbase' 'Circle' 'Electrum'],Blockchain,1,0,0,0,0,0,1,0,0,0,0,1,0,1,0,0,1,0,1
1921,Coinbase,0,0,1,1,2,0,1,1,0,1,1,1,1,1,1,0,1,1,0,1,0,2,5,3,['Coinbase' 'Electrum' 'Blockchain' 'Circle'],Coinbase,0,0,1,0,0,1,0,0,1,0,0,0,0,0,0,1,0,1,1
1922,Coinbase,0,0,1,1,4,0,1,1,0,0,1,1,0,1,0,1,0,1,1,0,0,1,3,1,['Blockchain' 'Electrum' 'Circle' 'Coinbase'],Blockchain,1,0,0,0,0,1,0,0,0,0,0,1,0,0,1,0,1,0,1
1923,Blockchain,1,0,0,0,3,1,1,0,1,0,1,0,1,1,1,0,0,1,1,1,0,3,2,3,['Coinbase' 'Electrum' 'Circle' 'Blockchain'],Coinbase,0,0,1,0,0,1,0,0,0,0,0,1,1,0,0,0,0,1,1
1924,Circle,0,0,1,1,1,0,0,1,0,0,1,1,1,1,0,1,1,1,1,1,1,5,4,3,['Electrum' 'Blockchain' 'Coinbase' 'Circle'],Electrum,0,1,0,0,1,0,0,0,0,0,1,0,0,0,0,1,1,0,0
1925,Blockchain,1,0,0,0,4,0,1,1,1,0,0,0,1,0,0,1,1,0,0,1,1,5,4,3,['Blockchain' 'Coinbase' 'Circle' 'Electrum'],Blockchain,1,0,0,0,0,0,1,0,0,0,0,1,0,1,0,0,1,0,1
1926,Coinbase,0,0,1,1,1,1,0,0,0,1,0,1,0,0,0,1,0,0,0,0,1,1,5,1,['Blockchain' 'Electrum' 'Circle' 'Coinbase'],Blockchain,1,0,0,0,0,1,0,0,0,0,0,1,0,0,1,0,1,0,1
1927,Circle,0,0,1,1,4,1,1,0,0,1,1,1,1,1,1,0,1,1,1,1,1,3,2,2,['Coinbase' 'Electrum' 'Circle' 'Blockchain'],Coinbase,0,0,1,0,0,1,0,0,0,0,0,1,1,0,0,0,0,1,1
1928,Blockchain,1,0,0,0,3,0,1,0,0,0,1,1,0,0,1,0,1,1,1,1,0,1,3,3,['Circle' 'Electrum' 'Coinbase' 'Blockchain'],Circle,0,0,0,1,0,1,0,0,0,0,1,0,1,0,0,0,0,1,1
1929,Blockchain,1,0,0,0,4,1,0,1,1,0,1,0,0,0,1,0,1,1,1,1,0,4,1,1,['Blockchain' 'Circle' 'Electrum' 'Coinbase'],Blockchain,1,0,0,0,0,0,0,1,0,1,0,0,0,0,1,0,1,0,1
1930,Coinbase,0,0,1,1,2,1,0,1,1,1,1,0,1,0,1,0,1,1,0,0,0,1,5,5,['Coinbase' 'Circle' 'Electrum' 'Blockchain'],Coinbase,0,0,1,0,0,0,0,1,0,1,0,0,1,0,0,0,0,1,1
1931,Circle,0,0,1,1,4,0,0,0,0,0,1,1,0,1,0,1,0,0,1,0,1,2,4,1,['Electrum' 'Circle' 'Blockchain' 'Coinbase'],Electrum,0,1,0,0,0,0,0,1,1,0,0,0,0,0,1,0,1,0,0
1932,Blockchain,1,0,0,0,2,1,0,0,1,1,0,0,0,0,0,0,1,1,1,1,1,1,2,5,['Blockchain' 'Coinbase' 'Electrum' 'Circle'],Blockchain,1,0,0,0,0,0,1,0,0,1,0,0,0,0,0,1,1,0,1
1933,Electrum,1,1,0,0,4,1,1,0,1,1,0,1,0,1,1,0,1,1,0,0,1,1,1,5,['Electrum' 'Coinbase' 'Circle' 'Blockchain'],Electrum,0,1,0,0,0,0,1,0,0,0,0,1,1,0,0,0,1,0,0
1934,Circle,0,0,1,1,4,0,0,1,1,1,1,0,1,0,1,0,0,0,0,1,1,2,2,4,['Coinbase' 'Circle' 'Electrum' 'Blockchain'],Coinbase,0,0,1,0,0,0,0,1,0,1,0,0,1,0,0,0,0,1,1
1935,Blockchain,1,0,0,0,4,0,0,0,1,0,1,0,0,0,0,0,1,1,1,1,0,2,1,3,['Circle' 'Electrum' 'Coinbase' 'Blockchain'],Circle,0,0,0,1,0,1,0,0,0,0,1,0,1,0,0,0,0,1,1
1936,Coinbase,0,0,1,1,2,1,0,0,1,0,0,0,1,0,0,1,0,0,0,1,0,2,5,3,['Coinbase' 'Blockchain' 'Circle' 'Electrum'],Coinbase,0,0,1,0,1,0,0,0,0,0,0,1,0,1,0,0,0,1,1
1937,Circle,0,0,1,1,4,1,0,0,0,1,0,1,1,1,0,0,1,0,1,0,1,3,1,3,['Circle' 'Blockchain' 'Electrum' 'Coinbase'],Circle,0,0,0,1,1,0,0,0,0,1,0,0,0,0,1,0,0,1,1
1938,Circle,0,0,1,1,4,0,1,1,1,0,0,0,1,0,1,1,1,1,1,1,1,4,5,3,['Blockchain' 'Electrum' 'Circle' 'Coinbase'],Blockchain,1,0,0,0,0,1,0,0,0,0,0,1,0,0,1,0,1,0,1
1939,Electrum,1,1,0,0,1,1,1,0,0,1,1,1,1,0,1,0,1,1,1,1,0,3,3,4,['Circle' 'Electrum' 'Blockchain' 'Coinbase'],Circle,0,0,0,1,0,1,0,0,1,0,0,0,0,0,1,0,0,1,1
1940,Circle,0,0,1,1,4,0,0,1,0,0,1,0,1,0,0,0,0,1,0,1,1,4,3,4,['Blockchain' 'Coinbase' 'Circle' 'Electrum'],Blockchain,1,0,0,0,0,0,1,0,0,0,0,1,0,1,0,0,1,0,1
1941,Electrum,1,1,0,0,2,1,0,1,0,1,0,0,1,0,1,1,0,0,0,1,0,1,5,1,['Coinbase' 'Electrum' 'Circle' 'Blockchain'],Coinbase,0,0,1,0,0,1,0,0,0,0,0,1,1,0,0,0,0,1,1
1942,Coinbase,0,0,1,1,3,0,1,1,0,1,0,0,0,1,0,1,1,0,0,0,0,3,5,4,['Circle' 'Electrum' 'Blockchain' 'Coinbase'],Circle,0,0,0,1,0,1,0,0,1,0,0,0,0,0,1,0,0,1,1
1943,Blockchain,1,0,0,0,1,0,0,0,0,0,1,0,1,1,1,0,0,1,1,1,0,4,1,1,['Coinbase' 'Circle' 'Blockchain' 'Electrum'],Coinbase,0,0,1,0,0,0,0,1,1,0,0,0,0,1,0,0,0,1,1
1944,Electrum,1,1,0,0,4,1,0,1,0,0,1,0,0,0,1,0,0,0,1,0,0,3,3,3,['Electrum' 'Circle' 'Blockchain' 'Coinbase'],Electrum,0,1,0,0,0,0,0,1,1,0,0,0,0,0,1,0,1,0,0
1945,Circle,0,0,1,1,1,1,0,1,1,1,1,1,0,1,0,1,0,1,1,1,0,2,5,2,['Blockchain' 'Electrum' 'Circle' 'Coinbase'],Blockchain,1,0,0,0,0,1,0,0,0,0,0,1,0,0,1,0,1,0,1
1946,Electrum,1,1,0,0,1,1,1,0,1,0,0,0,1,1,0,1,1,0,0,0,1,3,1,1,['Blockchain' 'Electrum' 'Circle' 'Coinbase'],Blockchain,1,0,0,0,0,1,0,0,0,0,0,1,0,0,1,0,1,0,1
1947,Circle,0,0,1,1,4,1,0,1,0,1,1,0,1,1,0,0,0,0,1,1,1,4,4,3,['Circle' 'Electrum' 'Coinbase' 'Blockchain'],Circle,0,0,0,1,0,1,0,0,0,0,1,0,1,0,0,0,0,1,1
1948,Circle,0,0,1,1,2,1,0,1,1,0,0,1,1,1,0,1,0,0,1,1,0,2,1,4,['Circle' 'Coinbase' 'Blockchain' 'Electrum'],Circle,0,0,0,1,0,0,1,0,1,0,0,0,0,1,0,0,0,1,1
1949,Blockchain,1,0,0,0,2,1,1,0,1,1,0,1,1,1,1,0,0,0,0,0,1,4,5,1,['Circle' 'Coinbase' 'Electrum' 'Blockchain'],Circle,0,0,0,1,0,0,1,0,0,1,0,0,1,0,0,0,0,1,1
1950,Blockchain,1,0,0,0,3,0,0,0,1,0,1,1,0,1,0,1,1,1,0,0,0,1,2,4,['Circle' 'Blockchain' 'Electrum' 'Coinbase'],Circle,0,0,0,1,1,0,0,0,0,1,0,0,0,0,1,0,0,1,1
1951,Circle,0,0,1,1,4,1,0,1,0,0,1,0,1,1,1,0,1,0,1,0,1,2,2,3,['Blockchain' 'Circle' 'Electrum' 'Coinbase'],Blockchain,1,0,0,0,0,0,0,1,0,1,0,0,0,0,1,0,1,0,1
1952,Coinbase,0,0,1,1,4,1,1,0,1,1,1,0,1,0,1,0,1,1,1,0,1,5,3,4,['Circle' 'Electrum' 'Blockchain' 'Coinbase'],Circle,0,0,0,1,0,1,0,0,1,0,0,0,0,0,1,0,0,1,1
1953,Electrum,1,1,0,0,1,1,1,0,0,0,0,0,0,1,0,1,1,0,1,1,0,4,1,4,['Electrum' 'Blockchain' 'Coinbase' 'Circle'],Electrum,0,1,0,0,1,0,0,0,0,0,1,0,0,0,0,1,1,0,0
1954,Electrum,1,1,0,0,1,1,1,0,1,0,1,0,0,0,0,1,1,1,1,0,1,2,5,1,['Coinbase' 'Circle' 'Electrum' 'Blockchain'],Coinbase,0,0,1,0,0,0,0,1,0,1,0,0,1,0,0,0,0,1,1
1955,Coinbase,0,0,1,1,4,1,1,0,1,1,1,1,1,0,1,0,0,1,1,0,0,1,4,5,['Circle' 'Coinbase' 'Electrum' 'Blockchain'],Circle,0,0,0,1,0,0,1,0,0,1,0,0,1,0,0,0,0,1,1
1956,Electrum,1,1,0,0,4,0,0,0,0,1,0,0,0,0,0,1,1,1,1,1,1,1,3,4,['Circle' 'Blockchain' 'Electrum' 'Coinbase'],Circle,0,0,0,1,1,0,0,0,0,1,0,0,0,0,1,0,0,1,1
1957,Circle,0,0,1,1,4,1,0,0,0,1,0,1,1,0,0,1,0,1,0,0,1,4,5,3,['Blockchain' 'Circle' 'Electrum' 'Coinbase'],Blockchain,1,0,0,0,0,0,0,1,0,1,0,0,0,0,1,0,1,0,1
1958,Blockchain,1,0,0,0,2,1,0,0,0,0,1,0,1,0,0,1,1,1,1,0,0,4,5,5,['Circle' 'Coinbase' 'Electrum' 'Blockchain'],Circle,0,0,0,1,0,0,1,0,0,1,0,0,1,0,0,0,0,1,1
1959,Circle,0,0,1,1,3,1,0,1,0,0,0,0,1,1,0,0,0,0,1,0,0,5,4,5,['Blockchain' 'Coinbase' 'Electrum' 'Circle'],Blockchain,1,0,0,0,0,0,1,0,0,1,0,0,0,0,0,1,1,0,1
1960,Circle,0,0,1,1,2,0,1,1,0,1,0,0,0,1,1,0,0,0,1,1,1,3,2,5,['Coinbase' 'Blockchain' 'Electrum' 'Circle'],Coinbase,0,0,1,0,1,0,0,0,0,1,0,0,0,0,0,1,0,1,1
1961,Blockchain,1,0,0,0,3,0,1,0,1,0,1,0,1,0,1,0,1,0,0,1,1,4,1,1,['Electrum' 'Coinbase' 'Blockchain' 'Circle'],Electrum,0,1,0,0,0,0,1,0,1,0,0,0,0,0,0,1,1,0,0
1962,Electrum,1,1,0,0,4,0,1,1,1,0,0,1,1,0,1,1,0,0,0,1,0,1,5,1,['Circle' 'Electrum' 'Coinbase' 'Blockchain'],Circle,0,0,0,1,0,1,0,0,0,0,1,0,1,0,0,0,0,1,1
1963,Blockchain,1,0,0,0,2,1,0,0,1,1,1,0,0,0,1,1,1,0,0,1,1,4,3,3,['Electrum' 'Coinbase' 'Blockchain' 'Circle'],Electrum,0,1,0,0,0,0,1,0,1,0,0,0,0,0,0,1,1,0,0
1964,Coinbase,0,0,1,1,4,1,1,1,1,0,0,1,0,0,0,1,1,0,1,0,1,3,1,3,['Blockchain' 'Coinbase' 'Electrum' 'Circle'],Blockchain,1,0,0,0,0,0,1,0,0,1,0,0,0,0,0,1,1,0,1
1965,Blockchain,1,0,0,0,2,1,1,1,0,0,1,0,0,0,1,1,0,1,0,0,1,2,4,5,['Coinbase' 'Blockchain' 'Electrum' 'Circle'],Coinbase,0,0,1,0,1,0,0,0,0,1,0,0,0,0,0,1,0,1,1
1966,Blockchain,1,0,0,0,2,1,0,0,0,1,1,1,1,0,0,1,1,1,0,0,0,4,5,3,['Blockchain' 'Electrum' 'Circle' 'Coinbase'],Blockchain,1,0,0,0,0,1,0,0,0,0,0,1,0,0,1,0,1,0,1
1967,Blockchain,1,0,0,0,1,1,0,0,1,0,0,1,1,1,1,1,1,1,0,0,0,3,3,2,['Electrum' 'Blockchain' 'Coinbase' 'Circle'],Electrum,0,1,0,0,1,0,0,0,0,0,1,0,0,0,0,1,1,0,0
1968,Circle,0,0,1,1,1,0,1,0,1,0,0,1,1,0,1,0,1,1,1,1,0,5,5,5,['Circle' 'Electrum' 'Blockchain' 'Coinbase'],Circle,0,0,0,1,0,1,0,0,1,0,0,0,0,0,1,0,0,1,1
1969,Electrum,1,1,0,0,3,0,1,1,1,0,0,0,1,0,1,1,0,0,0,0,1,2,5,5,['Blockchain' 'Electrum' 'Coinbase' 'Circle'],Blockchain,1,0,0,0,0,1,0,0,0,0,1,0,0,0,0,1,1,0,1
1970,Circle,0,0,1,1,4,1,1,0,0,0,1,1,1,1,0,1,0,0,0,1,0,4,1,3,['Coinbase' 'Blockchain' 'Electrum' 'Circle'],Coinbase,0,0,1,0,1,0,0,0,0,1,0,0,0,0,0,1,0,1,1
1971,Blockchain,1,0,0,0,4,1,1,1,1,1,1,0,1,0,1,1,1,0,1,0,0,3,4,5,['Circle' 'Blockchain' 'Electrum' 'Coinbase'],Circle,0,0,0,1,1,0,0,0,0,1,0,0,0,0,1,0,0,1,1
1972,Blockchain,1,0,0,0,3,0,0,0,1,0,0,1,1,0,1,1,0,0,1,1,0,1,3,2,['Coinbase' 'Blockchain' 'Electrum' 'Circle'],Coinbase,0,0,1,0,1,0,0,0,0,1,0,0,0,0,0,1,0,1,1
1973,Electrum,1,1,0,0,4,0,0,0,1,0,1,1,0,1,1,1,0,0,0,1,0,1,3,5,['Electrum' 'Coinbase' 'Blockchain' 'Circle'],Electrum,0,1,0,0,0,0,1,0,1,0,0,0,0,0,0,1,1,0,0
1974,Coinbase,0,0,1,1,3,0,0,1,1,1,0,0,1,0,0,1,1,1,1,0,0,4,2,4,['Coinbase' 'Blockchain' 'Circle' 'Electrum'],Coinbase,0,0,1,0,1,0,0,0,0,0,0,1,0,1,0,0,0,1,1
1975,Coinbase,0,0,1,1,4,1,1,0,0,0,0,1,1,1,1,0,0,0,0,0,0,1,5,3,['Coinbase' 'Circle' 'Blockchain' 'Electrum'],Coinbase,0,0,1,0,0,0,0,1,1,0,0,0,0,1,0,0,0,1,1
1976,Coinbase,0,0,1,1,2,0,0,1,0,0,0,1,0,0,1,1,0,0,1,1,1,1,1,3,['Circle' 'Blockchain' 'Electrum' 'Coinbase'],Circle,0,0,0,1,1,0,0,0,0,1,0,0,0,0,1,0,0,1,1
1977,Coinbase,0,0,1,1,2,1,1,1,0,1,1,1,0,0,0,0,1,0,0,0,1,2,3,3,['Blockchain' 'Circle' 'Coinbase' 'Electrum'],Blockchain,1,0,0,0,0,0,0,1,0,0,1,0,0,1,0,0,1,0,1
1978,Circle,0,0,1,1,1,1,1,1,1,1,1,0,0,0,1,1,0,0,1,0,1,3,2,5,['Circle' 'Blockchain' 'Coinbase' 'Electrum'],Circle,0,0,0,1,1,0,0,0,0,0,1,0,0,1,0,0,0,1,1
1979,Circle,0,0,1,1,3,0,1,1,1,0,1,0,0,0,0,1,0,0,0,0,0,3,3,2,['Electrum' 'Circle' 'Blockchain' 'Coinbase'],Electrum,0,1,0,0,0,0,0,1,1,0,0,0,0,0,1,0,1,0,0
1980,Circle,0,0,1,1,1,1,1,1,0,0,1,0,1,1,0,0,1,1,1,1,0,3,4,4,['Coinbase' 'Blockchain' 'Circle' 'Electrum'],Coinbase,0,0,1,0,1,0,0,0,0,0,0,1,0,1,0,0,0,1,1
1981,Electrum,1,1,0,0,1,1,0,0,1,0,1,0,1,1,1,1,1,1,1,1,1,3,4,1,['Circle' 'Coinbase' 'Blockchain' 'Electrum'],Circle,0,0,0,1,0,0,1,0,1,0,0,0,0,1,0,0,0,1,1
1982,Circle,0,0,1,1,1,0,1,1,0,0,1,1,0,0,1,1,0,0,1,0,0,3,1,1,['Circle' 'Electrum' 'Coinbase' 'Blockchain'],Circle,0,0,0,1,0,1,0,0,0,0,1,0,1,0,0,0,0,1,1
1983,Blockchain,1,0,0,0,1,0,0,1,1,0,0,1,0,1,1,0,1,1,0,0,0,1,1,2,['Blockchain' 'Electrum' 'Coinbase' 'Circle'],Blockchain,1,0,0,0,0,1,0,0,0,0,1,0,0,0,0,1,1,0,1
1984,Electrum,1,1,0,0,1,0,0,1,1,1,0,1,0,0,1,1,1,1,1,0,0,2,3,2,['Circle' 'Coinbase' 'Blockchain' 'Electrum'],Circle,0,0,0,1,0,0,1,0,1,0,0,0,0,1,0,0,0,1,1
1985,Circle,0,0,1,1,4,0,1,0,0,1,1,1,0,0,1,1,0,1,0,1,1,2,3,1,['Blockchain' 'Circle' 'Coinbase' 'Electrum'],Blockchain,1,0,0,0,0,0,0,1,0,0,1,0,0,1,0,0,1,0,1
1986,Electrum,1,1,0,0,4,1,0,1,0,1,1,0,1,1,0,0,1,1,0,0,1,4,1,3,['Electrum' 'Coinbase' 'Circle' 'Blockchain'],Electrum,0,1,0,0,0,0,1,0,0,0,0,1,1,0,0,0,1,0,0
1987,Coinbase,0,0,1,1,2,1,0,1,1,0,1,1,0,1,0,0,0,1,0,0,1,4,4,2,['Circle' 'Coinbase' 'Blockchain' 'Electrum'],Circle,0,0,0,1,0,0,1,0,1,0,0,0,0,1,0,0,0,1,1
1988,Circle,0,0,1,1,2,0,0,0,1,1,1,1,1,0,0,1,0,0,0,1,0,4,4,2,['Blockchain' 'Coinbase' 'Circle' 'Electrum'],Blockchain,1,0,0,0,0,0,1,0,0,0,0,1,0,1,0,0,1,0,1
1989,Coinbase,0,0,1,1,4,0,1,1,0,0,1,0,1,0,1,0,0,1,0,0,0,4,3,2,['Circle' 'Coinbase' 'Blockchain' 'Electrum'],Circle,0,0,0,1,0,0,1,0,1,0,0,0,0,1,0,0,0,1,1
1990,Circle,0,0,1,1,4,0,0,0,0,1,1,0,0,1,0,0,1,1,0,0,0,2,5,5,['Blockchain' 'Electrum' 'Circle' 'Coinbase'],Blockchain,1,0,0,0,0,1,0,0,0,0,0,1,0,0,1,0,1,0,1
1991,Blockchain,1,0,0,0,2,1,1,0,0,1,0,1,0,0,0,0,1,1,0,0,1,3,1,2,['Electrum' 'Coinbase' 'Blockchain' 'Circle'],Electrum,0,1,0,0,0,0,1,0,1,0,0,0,0,0,0,1,1,0,0
1992,Circle,0,0,1,1,1,0,1,1,0,0,1,1,1,0,0,1,1,1,0,1,1,1,4,1,['Electrum' 'Blockchain' 'Circle' 'Coinbase'],Electrum,0,1,0,0,1,0,0,0,0,0,0,1,0,0,1,0,1,0,0
1993,Coinbase,0,0,1,1,3,1,0,1,0,0,0,0,1,1,0,0,1,1,0,0,0,4,4,3,['Circle' 'Coinbase' 'Electrum' 'Blockchain'],Circle,0,0,0,1,0,0,1,0,0,1,0,0,1,0,0,0,0,1,1
1994,Circle,0,0,1,1,4,0,0,0,0,0,0,1,0,1,1,0,1,0,0,0,1,4,1,1,['Electrum' 'Coinbase' 'Circle' 'Blockchain'],Electrum,0,1,0,0,0,0,1,0,0,0,0,1,1,0,0,0,1,0,0
1995,Coinbase,0,0,1,1,1,1,1,0,0,1,1,1,0,0,0,0,0,1,0,1,0,5,2,4,['Blockchain' 'Coinbase' 'Circle' 'Electrum'],Blockchain,1,0,0,0,0,0,1,0,0,0,0,1,0,1,0,0,1,0,1
1996,Circle,0,0,1,1,3,0,0,1,1,0,1,1,1,0,0,0,0,1,0,1,1,1,5,3,['Circle' 'Electrum' 'Blockchain' 'Coinbase'],Circle,0,0,0,1,0,1,0,0,1,0,0,0,0,0,1,0,0,1,1
1997,Circle,0,0,1,1,4,1,0,0,0,1,1,0,0,1,1,0,0,1,0,1,1,4,3,5,['Blockchain' 'Coinbase' 'Circle' 'Electrum'],Blockchain,1,0,0,0,0,0,1,0,0,0,0,1,0,1,0,0,1,0,1
1998,Coinbase,0,0,1,1,1,1,1,1,0,1,0,1,1,0,0,0,1,1,0,0,1,1,1,4,['Electrum' 'Blockchain' 'Circle' 'Coinbase'],Electrum,0,1,0,0,1,0,0,0,0,0,0,1,0,0,1,0,1,0,0
1999,Circle,0,0,1,1,3,0,0,0,0,0,1,1,1,1,0,0,1,0,0,0,0,4,5,1,['Blockchain' 'Circle' 'Electrum' 'Coinbase'],Blockchain,1,0,0,0,0,0,0,1,0,1,0,0,0,0,1,0,1,0,1
2000,Coinbase,0,0,1,1,4,1,1,0,0,1,1,1,0,1,0,1,1,0,1,0,0,4,2,4,['Coinbase' 'Blockchain' 'Circle' 'Electrum'],Coinbase,0,0,1,0,1,0,0,0,0,0,0,1,0,1,0,0,0,1,1
2001,Circle,0,0,1,1,1,1,1,0,1,1,1,0,1,1,0,1,1,0,1,1,1,1,4,1,['Electrum' 'Coinbase' 'Blockchain' 'Circle'],Electrum,0,1,0,0,0,0,1,0,1,0,0,0,0,0,0,1,1,0,0
2002,Circle,0,0,1,1,1,1,1,1,0,0,1,1,1,1,0,0,0,1,0,1,0,2,4,2,['Circle' 'Coinbase' 'Blockchain' 'Electrum'],Circle,0,0,0,1,0,0,1,0,1,0,0,0,0,1,0,0,0,1,1
2003,Electrum,1,1,0,0,1,1,0,1,1,0,1,1,0,0,0,0,0,1,0,1,1,2,5,3,['Blockchain' 'Coinbase' 'Circle' 'Electrum'],Blockchain,1,0,0,0,0,0,1,0,0,0,0,1,0,1,0,0,1,0,1
2004,Blockchain,1,0,0,0,3,1,0,1,0,1,0,0,0,1,0,0,1,0,0,0,0,4,3,3,['Coinbase' 'Circle' 'Blockchain' 'Electrum'],Coinbase,0,0,1,0,0,0,0,1,1,0,0,0,0,1,0,0,0,1,1
2005,Circle,0,0,1,1,2,0,0,0,0,1,0,1,1,0,0,0,0,1,1,0,0,1,2,3,['Coinbase' 'Circle' 'Electrum' 'Blockchain'],Coinbase,0,0,1,0,0,0,0,1,0,1,0,0,1,0,0,0,0,1,1
2006,Coinbase,0,0,1,1,4,1,0,1,0,1,0,0,1,0,0,1,0,1,1,1,0,1,2,4,['Blockchain' 'Coinbase' 'Electrum' 'Circle'],Blockchain,1,0,0,0,0,0,1,0,0,1,0,0,0,0,0,1,1,0,1
2007,Electrum,1,1,0,0,3,0,1,0,0,1,1,0,0,0,0,1,1,0,1,0,0,5,1,1,['Electrum' 'Blockchain' 'Circle' 'Coinbase'],Electrum,0,1,0,0,1,0,0,0,0,0,0,1,0,0,1,0,1,0,0
2008,Circle,0,0,1,1,2,0,1,0,1,0,0,1,1,0,0,1,0,0,0,0,1,4,3,2,['Electrum' 'Blockchain' 'Coinbase' 'Circle'],Electrum,0,1,0,0,1,0,0,0,0,0,1,0,0,0,0,1,1,0,0
2009,Blockchain,1,0,0,0,4,0,1,0,1,0,1,1,1,0,0,1,1,0,1,1,0,2,3,1,['Blockchain' 'Circle' 'Coinbase' 'Electrum'],Blockchain,1,0,0,0,0,0,0,1,0,0,1,0,0,1,0,0,1,0,1
2010,Electrum,1,1,0,0,2,0,1,0,0,0,1,1,1,0,0,1,0,0,1,0,0,3,4,5,['Blockchain' 'Coinbase' 'Electrum' 'Circle'],Blockchain,1,0,0,0,0,0,1,0,0,1,0,0,0,0,0,1,1,0,1
2011,Blockchain,1,0,0,0,2,0,0,1,1,1,0,1,1,1,0,0,0,0,1,1,1,1,5,5,['Electrum' 'Blockchain' 'Coinbase' 'Circle'],Electrum,0,1,0,0,1,0,0,0,0,0,1,0,0,0,0,1,1,0,0
2012,Electrum,1,1,0,0,1,0,1,0,0,0,1,0,0,1,0,1,0,1,1,0,0,2,3,4,['Coinbase' 'Blockchain' 'Electrum' 'Circle'],Coinbase,0,0,1,0,1,0,0,0,0,1,0,0,0,0,0,1,0,1,1
2013,Electrum,1,1,0,0,3,0,0,0,0,1,0,0,0,0,1,0,0,0,0,1,1,5,3,1,['Circle' 'Coinbase' 'Electrum' 'Blockchain'],Circle,0,0,0,1,0,0,1,0,0,1,0,0,1,0,0,0,0,1,1
2014,Blockchain,1,0,0,0,3,1,0,0,1,0,1,0,0,1,1,0,1,1,0,0,0,1,2,3,['Blockchain' 'Coinbase' 'Circle' 'Electrum'],Blockchain,1,0,0,0,0,0,1,0,0,0,0,1,0,1,0,0,1,0,1
2015,Circle,0,0,1,1,3,0,1,0,1,1,1,1,0,0,0,1,1,1,1,0,1,3,2,4,['Blockchain' 'Circle' 'Electrum' 'Coinbase'],Blockchain,1,0,0,0,0,0,0,1,0,1,0,0,0,0,1,0,1,0,1
2016,Electrum,1,1,0,0,1,1,1,1,1,0,1,1,0,0,1,1,0,1,1,0,1,2,3,4,['Electrum' 'Blockchain' 'Circle' 'Coinbase'],Electrum,0,1,0,0,1,0,0,0,0,0,0,1,0,0,1,0,1,0,0
2017,Electrum,1,1,0,0,4,0,1,0,0,1,0,1,0,1,0,1,0,0,1,1,0,5,4,5,['Blockchain' 'Coinbase' 'Circle' 'Electrum'],Blockchain,1,0,0,0,0,0,1,0,0,0,0,1,0,1,0,0,1,0,1
2018,Circle,0,0,1,1,2,1,1,1,1,1,1,0,1,1,0,1,0,0,1,1,1,4,4,3,['Electrum' 'Blockchain' 'Coinbase' 'Circle'],Electrum,0,1,0,0,1,0,0,0,0,0,1,0,0,0,0,1,1,0,0
2019,Electrum,1,1,0,0,2,1,0,0,1,1,0,1,1,0,0,1,1,0,0,0,0,2,5,4,['Circle' 'Blockchain' 'Coinbase' 'Electrum'],Circle,0,0,0,1,1,0,0,0,0,0,1,0,0,1,0,0,0,1,1
2020,Blockchain,1,0,0,0,4,1,0,0,0,0,0,0,1,0,0,0,0,1,1,0,1,2,5,2,['Coinbase' 'Blockchain' 'Electrum' 'Circle'],Coinbase,0,0,1,0,1,0,0,0,0,1,0,0,0,0,0,1,0,1,1
2021,Circle,0,0,1,1,2,0,0,1,1,1,1,1,1,1,0,0,1,0,1,1,0,5,5,2,['Coinbase' 'Blockchain' 'Electrum' 'Circle'],Coinbase,0,0,1,0,1,0,0,0,0,1,0,0,0,0,0,1,0,1,1
2022,Electrum,1,1,0,0,3,0,1,1,1,0,1,1,0,0,1,0,1,0,1,0,0,3,5,5,['Electrum' 'Blockchain' 'Circle' 'Coinbase'],Electrum,0,1,0,0,1,0,0,0,0,0,0,1,0,0,1,0,1,0,0
2023,Blockchain,1,0,0,0,4,1,0,0,0,1,0,0,1,1,0,0,1,0,1,0,1,3,3,4,['Circle' 'Blockchain' 'Electrum' 'Coinbase'],Circle,0,0,0,1,1,0,0,0,0,1,0,0,0,0,1,0,0,1,1
2024,Electrum,1,1,0,0,3,1,0,1,0,1,0,1,1,1,0,1,0,0,0,0,1,1,1,5,['Blockchain' 'Electrum' 'Coinbase' 'Circle'],Blockchain,1,0,0,0,0,1,0,0,0,0,1,0,0,0,0,1,1,0,1
2025,Blockchain,1,0,0,0,2,1,1,0,1,1,0,1,1,1,0,0,0,1,1,1,0,4,3,3,['Electrum' 'Circle' 'Blockchain' 'Coinbase'],Electrum,0,1,0,0,0,0,0,1,1,0,0,0,0,0,1,0,1,0,0
2026,Blockchain,1,0,0,0,3,0,1,1,0,0,0,1,0,0,1,0,0,0,0,1,0,1,2,4,['Circle' 'Electrum' 'Coinbase' 'Blockchain'],Circle,0,0,0,1,0,1,0,0,0,0,1,0,1,0,0,0,0,1,1
2027,Electrum,1,1,0,0,2,1,1,0,0,1,1,0,1,1,1,0,1,0,1,0,1,5,2,1,['Coinbase' 'Electrum' 'Circle' 'Blockchain'],Coinbase,0,0,1,0,0,1,0,0,0,0,0,1,1,0,0,0,0,1,1
2028,Electrum,1,1,0,0,4,1,1,0,1,1,1,1,1,1,0,1,1,1,1,0,0,2,2,4,['Blockchain' 'Coinbase' 'Circle' 'Electrum'],Blockchain,1,0,0,0,0,0,1,0,0,0,0,1,0,1,0,0,1,0,1
2029,Blockchain,1,0,0,0,3,0,0,1,0,0,0,0,0,0,0,1,1,0,1,1,1,5,4,2,['Coinbase' 'Blockchain' 'Electrum' 'Circle'],Coinbase,0,0,1,0,1,0,0,0,0,1,0,0,0,0,0,1,0,1,1
2030,Circle,0,0,1,1,2,0,1,0,0,1,1,1,0,0,1,1,1,0,0,0,0,3,1,2,['Electrum' 'Blockchain' 'Coinbase' 'Circle'],Electrum,0,1,0,0,1,0,0,0,0,0,1,0,0,0,0,1,1,0,0
2031,Electrum,1,1,0,0,1,0,0,1,1,1,1,1,1,0,0,0,0,0,1,1,1,1,2,3,['Blockchain' 'Circle' 'Coinbase' 'Electrum'],Blockchain,1,0,0,0,0,0,0,1,0,0,1,0,0,1,0,0,1,0,1
2032,Electrum,1,1,0,0,3,1,0,0,0,1,1,1,1,1,0,0,1,1,0,0,1,3,2,4,['Circle' 'Electrum' 'Blockchain' 'Coinbase'],Circle,0,0,0,1,0,1,0,0,1,0,0,0,0,0,1,0,0,1,1
2033,Electrum,1,1,0,0,1,1,1,0,0,0,0,1,0,0,0,0,1,0,0,0,0,4,3,4,['Electrum' 'Circle' 'Blockchain' 'Coinbase'],Electrum,0,1,0,0,0,0,0,1,1,0,0,0,0,0,1,0,1,0,0
2034,Electrum,1,1,0,0,3,1,1,0,1,0,0,1,0,0,1,1,1,1,0,1,1,5,1,4,['Electrum' 'Circle' 'Coinbase' 'Blockchain'],Electrum,0,1,0,0,0,0,0,1,0,0,1,0,1,0,0,0,1,0,0
2035,Electrum,1,1,0,0,1,0,1,0,1,1,0,0,1,1,1,0,1,0,0,0,0,3,3,3,['Coinbase' 'Electrum' 'Circle' 'Blockchain'],Coinbase,0,0,1,0,0,1,0,0,0,0,0,1,1,0,0,0,0,1,1
2036,Circle,0,0,1,1,1,0,1,1,1,1,0,1,1,1,1,0,0,1,1,0,0,4,1,1,['Electrum' 'Blockchain' 'Coinbase' 'Circle'],Electrum,0,1,0,0,1,0,0,0,0,0,1,0,0,0,0,1,1,0,0
2037,Circle,0,0,1,1,2,0,1,0,1,1,0,1,0,0,0,0,1,1,1,0,0,1,4,3,['Circle' 'Coinbase' 'Blockchain' 'Electrum'],Circle,0,0,0,1,0,0,1,0,1,0,0,0,0,1,0,0,0,1,1
2038,Circle,0,0,1,1,1,0,0,1,1,1,1,1,1,0,0,1,0,0,1,1,0,4,1,2,['Circle' 'Electrum' 'Blockchain' 'Coinbase'],Circle,0,0,0,1,0,1,0,0,1,0,0,0,0,0,1,0,0,1,1
2039,Coinbase,0,0,1,1,1,1,0,0,1,0,0,0,1,1,0,1,0,1,1,0,0,3,5,4,['Electrum' 'Blockchain' 'Coinbase' 'Circle'],Electrum,0,1,0,0,1,0,0,0,0,0,1,0,0,0,0,1,1,0,0
2040,Blockchain,1,0,0,0,4,0,1,0,0,1,0,1,0,1,0,1,0,0,1,0,0,4,5,5,['Blockchain' 'Coinbase' 'Circle' 'Electrum'],Blockchain,1,0,0,0,0,0,1,0,0,0,0,1,0,1,0,0,1,0,1
2041,Electrum,1,1,0,0,4,0,0,1,0,1,1,1,1,1,1,0,0,1,1,0,0,4,5,3,['Blockchain' 'Circle' 'Electrum' 'Coinbase'],Blockchain,1,0,0,0,0,0,0,1,0,1,0,0,0,0,1,0,1,0,1
2042,Coinbase,0,0,1,1,4,0,1,0,0,1,1,0,0,1,0,0,0,0,1,1,0,1,1,1,['Blockchain' 'Circle' 'Electrum' 'Coinbase'],Blockchain,1,0,0,0,0,0,0,1,0,1,0,0,0,0,1,0,1,0,1
2043,Electrum,1,1,0,0,2,0,0,1,0,0,0,0,0,1,1,0,0,1,0,0,1,5,4,5,['Blockchain' 'Coinbase' 'Electrum' 'Circle'],Blockchain,1,0,0,0,0,0,1,0,0,1,0,0,0,0,0,1,1,0,1
2044,Circle,0,0,1,1,2,0,1,1,1,0,0,1,1,1,0,0,1,1,0,0,1,1,3,1,['Electrum' 'Blockchain' 'Coinbase' 'Circle'],Electrum,0,1,0,0,1,0,0,0,0,0,1,0,0,0,0,1,1,0,0
2045,Coinbase,0,0,1,1,2,1,1,0,1,0,1,0,1,1,1,1,1,0,0,0,0,4,2,2,['Circle' 'Electrum' 'Coinbase' 'Blockchain'],Circle,0,0,0,1,0,1,0,0,0,0,1,0,1,0,0,0,0,1,1
2046,Electrum,1,1,0,0,1,1,0,0,1,1,1,0,1,0,0,0,1,0,1,0,1,3,1,4,['Blockchain' 'Coinbase' 'Circle' 'Electrum'],Blockchain,1,0,0,0,0,0,1,0,0,0,0,1,0,1,0,0,1,0,1
2047,Blockchain,1,0,0,0,2,1,1,0,1,1,0,1,1,0,0,1,0,1,1,1,1,3,3,1,['Electrum' 'Blockchain' 'Circle' 'Coinbase'],Electrum,0,1,0,0,1,0,0,0,0,0,0,1,0,0,1,0,1,0,0
2048,Blockchain,1,0,0,0,1,1,0,1,0,1,0,1,0,0,1,1,1,1,1,1,0,4,5,2,['Coinbase' 'Blockchain' 'Electrum' 'Circle'],Coinbase,0,0,1,0,1,0,0,0,0,1,0,0,0,0,0,1,0,1,1
2049,Coinbase,0,0,1,1,1,1,0,0,1,1,0,1,0,0,1,1,1,0,1,1,0,3,5,4,['Circle' 'Coinbase' 'Electrum' 'Blockchain'],Circle,0,0,0,1,0,0,1,0,0,1,0,0,1,0,0,0,0,1,1
2050,Blockchain,1,0,0,0,4,0,0,1,0,1,0,1,1,1,1,0,0,0,1,0,1,1,3,5,['Coinbase' 'Electrum' 'Blockchain' 'Circle'],Coinbase,0,0,1,0,0,1,0,0,1,0,0,0,0,0,0,1,0,1,1
2051,Electrum,1,1,0,0,2,1,1,1,0,1,1,0,0,0,0,1,0,0,0,1,1,2,4,3,['Electrum' 'Blockchain' 'Coinbase' 'Circle'],Electrum,0,1,0,0,1,0,0,0,0,0,1,0,0,0,0,1,1,0,0
2052,Circle,0,0,1,1,3,1,0,1,0,0,0,1,0,1,0,0,0,1,0,1,0,3,1,2,['Blockchain' 'Electrum' 'Circle' 'Coinbase'],Blockchain,1,0,0,0,0,1,0,0,0,0,0,1,0,0,1,0,1,0,1
2053,Coinbase,0,0,1,1,4,1,1,0,0,1,1,0,1,1,1,0,1,1,0,1,0,5,2,5,['Electrum' 'Circle' 'Blockchain' 'Coinbase'],Electrum,0,1,0,0,0,0,0,1,1,0,0,0,0,0,1,0,1,0,0
2054,Coinbase,0,0,1,1,3,1,1,1,1,0,0,0,1,0,0,1,0,1,1,0,0,4,4,2,['Electrum' 'Circle' 'Coinbase' 'Blockchain'],Electrum,0,1,0,0,0,0,0,1,0,0,1,0,1,0,0,0,1,0,0
2055,Blockchain,1,0,0,0,2,0,0,1,1,1,1,0,0,0,1,0,0,1,1,0,0,5,2,1,['Circle' 'Electrum' 'Coinbase' 'Blockchain'],Circle,0,0,0,1,0,1,0,0,0,0,1,0,1,0,0,0,0,1,1
2056,Blockchain,1,0,0,0,4,0,0,0,1,0,0,1,1,1,1,1,1,1,0,0,0,4,3,2,['Circle' 'Blockchain' 'Electrum' 'Coinbase'],Circle,0,0,0,1,1,0,0,0,0,1,0,0,0,0,1,0,0,1,1
2057,Blockchain,1,0,0,0,3,1,0,1,0,0,1,1,0,1,0,0,0,1,0,0,0,2,2,4,['Electrum' 'Blockchain' 'Coinbase' 'Circle'],Electrum,0,1,0,0,1,0,0,0,0,0,1,0,0,0,0,1,1,0,0
2058,Circle,0,0,1,1,4,1,1,1,1,0,1,0,1,0,1,1,0,0,1,1,0,3,3,1,['Blockchain' 'Electrum' 'Coinbase' 'Circle'],Blockchain,1,0,0,0,0,1,0,0,0,0,1,0,0,0,0,1,1,0,1
2059,Blockchain,1,0,0,0,1,0,0,1,0,1,1,1,0,0,1,0,0,0,0,0,1,5,5,5,['Coinbase' 'Electrum' 'Blockchain' 'Circle'],Coinbase,0,0,1,0,0,1,0,0,1,0,0,0,0,0,0,1,0,1,1
2060,Blockchain,1,0,0,0,3,1,0,0,1,1,0,1,1,1,0,0,1,1,1,0,0,2,5,5,['Blockchain' 'Electrum' 'Circle' 'Coinbase'],Blockchain,1,0,0,0,0,1,0,0,0,0,0,1,0,0,1,0,1,0,1
2061,Blockchain,1,0,0,0,2,1,1,0,0,0,0,0,1,1,1,1,0,0,0,0,0,3,5,4,['Coinbase' 'Blockchain' 'Electrum' 'Circle'],Coinbase,0,0,1,0,1,0,0,0,0,1,0,0,0,0,0,1,0,1,1
2062,Circle,0,0,1,1,3,0,0,0,0,0,0,0,1,1,0,0,1,1,0,0,0,2,1,1,['Electrum' 'Circle' 'Coinbase' 'Blockchain'],Electrum,0,1,0,0,0,0,0,1,0,0,1,0,1,0,0,0,1,0,0
2063,Blockchain,1,0,0,0,2,0,0,1,0,1,1,1,1,1,0,1,0,0,1,1,0,5,2,2,['Circle' 'Blockchain' 'Coinbase' 'Electrum'],Circle,0,0,0,1,1,0,0,0,0,0,1,0,0,1,0,0,0,1,1
2064,Electrum,1,1,0,0,2,1,1,1,0,0,0,1,0,1,1,0,0,1,0,0,0,5,1,1,['Electrum' 'Coinbase' 'Circle' 'Blockchain'],Electrum,0,1,0,0,0,0,1,0,0,0,0,1,1,0,0,0,1,0,0
2065,Blockchain,1,0,0,0,2,1,1,0,1,0,0,0,0,1,0,1,1,0,1,1,1,2,2,1,['Circle' 'Blockchain' 'Coinbase' 'Electrum'],Circle,0,0,0,1,1,0,0,0,0,0,1,0,0,1,0,0,0,1,1
2066,Electrum,1,1,0,0,2,1,0,1,0,0,1,0,0,1,0,0,1,1,0,0,0,3,2,5,['Electrum' 'Coinbase' 'Blockchain' 'Circle'],Electrum,0,1,0,0,0,0,1,0,1,0,0,0,0,0,0,1,1,0,0
2067,Circle,0,0,1,1,1,0,0,0,1,1,0,0,1,0,0,1,0,0,1,1,0,5,2,1,['Coinbase' 'Circle' 'Electrum' 'Blockchain'],Coinbase,0,0,1,0,0,0,0,1,0,1,0,0,1,0,0,0,0,1,1
2068,Circle,0,0,1,1,4,1,0,1,1,1,0,0,0,1,1,1,1,0,0,0,1,4,4,4,['Electrum' 'Coinbase' 'Blockchain' 'Circle'],Electrum,0,1,0,0,0,0,1,0,1,0,0,0,0,0,0,1,1,0,0
2069,Coinbase,0,0,1,1,1,0,0,0,0,0,1,1,1,1,0,1,0,0,0,0,0,2,2,3,['Coinbase' 'Blockchain' 'Electrum' 'Circle'],Coinbase,0,0,1,0,1,0,0,0,0,1,0,0,0,0,0,1,0,1,1
2070,Blockchain,1,0,0,0,4,1,1,1,0,1,1,1,0,0,1,1,0,1,0,0,1,2,5,4,['Electrum' 'Blockchain' 'Circle' 'Coinbase'],Electrum,0,1,0,0,1,0,0,0,0,0,0,1,0,0,1,0,1,0,0
2071,Blockchain,1,0,0,0,3,1,1,1,1,0,1,1,0,0,1,0,1,0,0,1,1,2,2,2,['Circle' 'Electrum' 'Coinbase' 'Blockchain'],Circle,0,0,0,1,0,1,0,0,0,0,1,0,1,0,0,0,0,1,1
2072,Circle,0,0,1,1,3,0,0,1,1,1,1,1,0,1,0,0,0,1,1,0,1,5,4,1,['Coinbase' 'Circle' 'Electrum' 'Blockchain'],Coinbase,0,0,1,0,0,0,0,1,0,1,0,0,1,0,0,0,0,1,1
2073,Circle,0,0,1,1,2,0,1,1,0,0,0,1,0,0,1,0,0,0,1,1,0,3,3,1,['Circle' 'Electrum' 'Coinbase' 'Blockchain'],Circle,0,0,0,1,0,1,0,0,0,0,1,0,1,0,0,0,0,1,1
2074,Blockchain,1,0,0,0,4,0,0,1,0,0,1,0,0,0,0,1,1,0,0,0,1,4,3,1,['Coinbase' 'Blockchain' 'Circle' 'Electrum'],Coinbase,0,0,1,0,1,0,0,0,0,0,0,1,0,1,0,0,0,1,1
2075,Blockchain,1,0,0,0,3,1,0,0,1,0,1,0,1,1,1,1,1,0,1,0,1,2,3,1,['Circle' 'Electrum' 'Coinbase' 'Blockchain'],Circle,0,0,0,1,0,1,0,0,0,0,1,0,1,0,0,0,0,1,1
2076,Coinbase,0,0,1,1,2,1,0,1,0,1,0,0,0,0,0,0,0,0,0,1,0,5,4,4,['Coinbase' 'Circle' 'Electrum' 'Blockchain'],Coinbase,0,0,1,0,0,0,0,1,0,1,0,0,1,0,0,0,0,1,1
2077,Blockchain,1,0,0,0,3,0,0,1,0,0,1,1,1,0,1,0,1,1,1,0,1,5,5,1,['Electrum' 'Blockchain' 'Coinbase' 'Circle'],Electrum,0,1,0,0,1,0,0,0,0,0,1,0,0,0,0,1,1,0,0
2078,Circle,0,0,1,1,2,0,0,0,0,0,1,0,0,1,1,1,0,0,1,1,0,2,5,4,['Circle' 'Electrum' 'Coinbase' 'Blockchain'],Circle,0,0,0,1,0,1,0,0,0,0,1,0,1,0,0,0,0,1,1
2079,Blockchain,1,0,0,0,1,1,1,0,0,0,1,0,1,1,1,0,1,1,1,0,0,5,5,3,['Circle' 'Coinbase' 'Blockchain' 'Electrum'],Circle,0,0,0,1,0,0,1,0,1,0,0,0,0,1,0,0,0,1,1
2080,Electrum,1,1,0,0,4,0,0,0,0,0,1,1,0,0,1,1,0,0,0,0,1,3,4,2,['Blockchain' 'Electrum' 'Coinbase' 'Circle'],Blockchain,1,0,0,0,0,1,0,0,0,0,1,0,0,0,0,1,1,0,1
2081,Blockchain,1,0,0,0,3,0,0,0,0,1,0,1,1,0,0,1,1,1,1,0,1,2,3,2,['Circle' 'Electrum' 'Blockchain' 'Coinbase'],Circle,0,0,0,1,0,1,0,0,1,0,0,0,0,0,1,0,0,1,1
2082,Blockchain,1,0,0,0,1,1,0,1,1,0,1,0,0,0,1,0,1,1,0,0,0,4,2,5,['Electrum' 'Circle' 'Coinbase' 'Blockchain'],Electrum,0,1,0,0,0,0,0,1,0,0,1,0,1,0,0,0,1,0,0
2083,Electrum,1,1,0,0,2,1,0,1,0,0,1,1,0,0,1,1,0,1,0,1,0,5,4,3,['Electrum' 'Blockchain' 'Coinbase' 'Circle'],Electrum,0,1,0,0,1,0,0,0,0,0,1,0,0,0,0,1,1,0,0
2084,Electrum,1,1,0,0,4,1,1,0,1,1,0,0,0,1,1,0,0,0,1,1,1,4,4,2,['Circle' 'Coinbase' 'Blockchain' 'Electrum'],Circle,0,0,0,1,0,0,1,0,1,0,0,0,0,1,0,0,0,1,1
2085,Electrum,1,1,0,0,2,0,0,0,1,1,0,1,0,0,0,0,1,0,1,0,0,4,3,3,['Coinbase' 'Blockchain' 'Electrum' 'Circle'],Coinbase,0,0,1,0,1,0,0,0,0,1,0,0,0,0,0,1,0,1,1
2086,Circle,0,0,1,1,3,1,0,1,0,1,0,0,1,1,0,1,1,0,1,0,1,5,4,3,['Blockchain' 'Circle' 'Coinbase' 'Electrum'],Blockchain,1,0,0,0,0,0,0,1,0,0,1,0,0,1,0,0,1,0,1
2087,Blockchain,1,0,0,0,1,0,0,0,1,0,0,1,0,0,0,1,1,0,0,0,1,1,5,1,['Blockchain' 'Electrum' 'Coinbase' 'Circle'],Blockchain,1,0,0,0,0,1,0,0,0,0,1,0,0,0,0,1,1,0,1
2088,Blockchain,1,0,0,0,2,1,1,1,0,1,1,1,0,1,1,1,1,1,0,1,1,4,2,2,['Circle' 'Coinbase' 'Electrum' 'Blockchain'],Circle,0,0,0,1,0,0,1,0,0,1,0,0,1,0,0,0,0,1,1
2089,Circle,0,0,1,1,4,1,1,1,1,0,0,0,0,1,1,1,0,1,1,1,0,3,3,2,['Blockchain' 'Circle' 'Coinbase' 'Electrum'],Blockchain,1,0,0,0,0,0,0,1,0,0,1,0,0,1,0,0,1,0,1
2090,Electrum,1,1,0,0,4,0,1,0,0,1,1,1,0,1,1,1,1,1,1,1,1,3,2,3,['Electrum' 'Coinbase' 'Blockchain' 'Circle'],Electrum,0,1,0,0,0,0,1,0,1,0,0,0,0,0,0,1,1,0,0
2091,Circle,0,0,1,1,4,0,0,0,1,1,1,1,1,1,1,0,1,1,1,1,0,1,5,4,['Blockchain' 'Electrum' 'Circle' 'Coinbase'],Blockchain,1,0,0,0,0,1,0,0,0,0,0,1,0,0,1,0,1,0,1
2092,Blockchain,1,0,0,0,4,1,0,1,0,0,1,0,1,0,1,1,1,0,0,1,0,1,5,5,['Electrum' 'Blockchain' 'Coinbase' 'Circle'],Electrum,0,1,0,0,1,0,0,0,0,0,1,0,0,0,0,1,1,0,0
2093,Electrum,1,1,0,0,4,1,0,0,0,0,0,0,0,1,0,0,1,1,0,0,0,3,5,2,['Circle' 'Electrum' 'Blockchain' 'Coinbase'],Circle,0,0,0,1,0,1,0,0,1,0,0,0,0,0,1,0,0,1,1
2094,Blockchain,1,0,0,0,4,1,0,0,0,1,1,0,0,0,1,1,0,0,1,1,1,2,5,1,['Blockchain' 'Coinbase' 'Electrum' 'Circle'],Blockchain,1,0,0,0,0,0,1,0,0,1,0,0,0,0,0,1,1,0,1
2095,Circle,0,0,1,1,3,0,1,0,0,1,0,1,0,0,0,0,0,1,1,1,1,2,4,4,['Electrum' 'Blockchain' 'Coinbase' 'Circle'],Electrum,0,1,0,0,1,0,0,0,0,0,1,0,0,0,0,1,1,0,0
2096,Electrum,1,1,0,0,2,0,0,0,0,0,1,1,1,1,0,0,1,1,0,0,1,2,3,2,['Circle' 'Electrum' 'Coinbase' 'Blockchain'],Circle,0,0,0,1,0,1,0,0,0,0,1,0,1,0,0,0,0,1,1
2097,Blockchain,1,0,0,0,4,1,1,1,0,0,0,1,0,0,1,0,1,1,0,0,1,4,1,1,['Blockchain' 'Coinbase' 'Electrum' 'Circle'],Blockchain,1,0,0,0,0,0,1,0,0,1,0,0,0,0,0,1,1,0,1
2098,Coinbase,0,0,1,1,1,1,0,0,1,1,0,0,0,0,1,1,0,1,1,1,0,4,5,4,['Blockchain' 'Circle' 'Coinbase' 'Electrum'],Blockchain,1,0,0,0,0,0,0,1,0,0,1,0,0,1,0,0,1,0,1
2099,Circle,0,0,1,1,3,1,1,0,1,1,1,0,1,0,1,1,0,1,0,1,0,2,3,5,['Coinbase' 'Blockchain' 'Electrum' 'Circle'],Coinbase,0,0,1,0,1,0,0,0,0,1,0,0,0,0,0,1,0,1,1
2100,Circle,0,0,1,1,1,0,1,1,1,1,1,0,0,0,1,0,0,1,0,1,1,5,2,4,['Blockchain' 'Circle' 'Coinbase' 'Electrum'],Blockchain,1,0,0,0,0,0,0,1,0,0,1,0,0,1,0,0,1,0,1
2101,Coinbase,0,0,1,1,4,0,1,0,0,1,0,0,0,0,1,0,1,1,0,0,1,3,5,2,['Electrum' 'Circle' 'Blockchain' 'Coinbase'],Electrum,0,1,0,0,0,0,0,1,1,0,0,0,0,0,1,0,1,0,0
2102,Circle,0,0,1,1,1,0,1,1,0,0,0,1,0,1,1,0,1,1,1,0,1,2,3,2,['Coinbase' 'Blockchain' 'Circle' 'Electrum'],Coinbase,0,0,1,0,1,0,0,0,0,0,0,1,0,1,0,0,0,1,1
2103,Circle,0,0,1,1,1,1,0,1,0,1,0,0,0,1,0,1,0,1,0,1,1,1,4,2,['Electrum' 'Blockchain' 'Circle' 'Coinbase'],Electrum,0,1,0,0,1,0,0,0,0,0,0,1,0,0,1,0,1,0,0
2104,Circle,0,0,1,1,1,1,0,1,0,0,1,1,0,1,1,0,0,0,1,0,1,4,4,4,['Coinbase' 'Electrum' 'Blockchain' 'Circle'],Coinbase,0,0,1,0,0,1,0,0,1,0,0,0,0,0,0,1,0,1,1
2105,Blockchain,1,0,0,0,3,0,1,1,1,1,1,1,1,1,1,0,1,0,1,1,1,5,2,3,['Electrum' 'Blockchain' 'Circle' 'Coinbase'],Electrum,0,1,0,0,1,0,0,0,0,0,0,1,0,0,1,0,1,0,0
2106,Electrum,1,1,0,0,4,1,0,0,0,1,0,1,1,0,0,0,1,1,1,1,0,5,2,2,['Circle' 'Blockchain' 'Electrum' 'Coinbase'],Circle,0,0,0,1,1,0,0,0,0,1,0,0,0,0,1,0,0,1,1
2107,Blockchain,1,0,0,0,4,1,1,1,1,1,0,0,1,1,0,0,1,0,1,0,1,1,2,4,['Electrum' 'Coinbase' 'Blockchain' 'Circle'],Electrum,0,1,0,0,0,0,1,0,1,0,0,0,0,0,0,1,1,0,0
2108,Blockchain,1,0,0,0,3,0,1,1,0,0,0,0,0,0,0,0,0,0,0,1,1,5,3,5,['Blockchain' 'Circle' 'Electrum' 'Coinbase'],Blockchain,1,0,0,0,0,0,0,1,0,1,0,0,0,0,1,0,1,0,1
2109,Coinbase,0,0,1,1,4,1,1,0,0,0,0,1,0,0,0,0,0,0,1,0,1,1,4,5,['Electrum' 'Coinbase' 'Blockchain' 'Circle'],Electrum,0,1,0,0,0,0,1,0,1,0,0,0,0,0,0,1,1,0,0
2110,Electrum,1,1,0,0,1,1,0,0,0,0,1,1,1,0,0,0,1,0,1,0,0,3,3,2,['Coinbase' 'Electrum' 'Circle' 'Blockchain'],Coinbase,0,0,1,0,0,1,0,0,0,0,0,1,1,0,0,0,0,1,1
2111,Electrum,1,1,0,0,1,1,1,0,1,1,0,1,1,0,0,1,1,0,1,0,1,4,4,2,['Blockchain' 'Coinbase' 'Electrum' 'Circle'],Blockchain,1,0,0,0,0,0,1,0,0,1,0,0,0,0,0,1,1,0,1
2112,Electrum,1,1,0,0,4,0,0,0,0,0,0,0,1,1,0,0,1,1,0,1,0,5,1,4,['Circle' 'Electrum' 'Blockchain' 'Coinbase'],Circle,0,0,0,1,0,1,0,0,1,0,0,0,0,0,1,0,0,1,1
2113,Blockchain,1,0,0,0,2,1,1,1,0,1,0,1,0,0,1,0,0,0,0,1,1,5,3,3,['Coinbase' 'Electrum' 'Blockchain' 'Circle'],Coinbase,0,0,1,0,0,1,0,0,1,0,0,0,0,0,0,1,0,1,1
2114,Blockchain,1,0,0,0,4,0,0,0,1,0,1,1,1,0,0,1,1,1,1,0,1,5,2,1,['Electrum' 'Blockchain' 'Circle' 'Coinbase'],Electrum,0,1,0,0,1,0,0,0,0,0,0,1,0,0,1,0,1,0,0
2115,Coinbase,0,0,1,1,4,1,1,0,0,1,0,0,0,1,0,1,0,1,1,0,0,5,3,4,['Coinbase' 'Blockchain' 'Electrum' 'Circle'],Coinbase,0,0,1,0,1,0,0,0,0,1,0,0,0,0,0,1,0,1,1
2116,Blockchain,1,0,0,0,2,0,0,1,0,0,1,1,1,0,1,0,1,1,1,1,1,1,2,1,['Electrum' 'Circle' 'Coinbase' 'Blockchain'],Electrum,0,1,0,0,0,0,0,1,0,0,1,0,1,0,0,0,1,0,0
2117,Blockchain,1,0,0,0,3,0,1,1,1,0,1,1,1,1,1,0,1,0,1,0,1,5,1,2,['Circle' 'Coinbase' 'Blockchain' 'Electrum'],Circle,0,0,0,1,0,0,1,0,1,0,0,0,0,1,0,0,0,1,1
2118,Blockchain,1,0,0,0,4,0,0,0,1,0,0,0,1,0,1,0,1,0,1,1,1,3,4,3,['Circle' 'Electrum' 'Blockchain' 'Coinbase'],Circle,0,0,0,1,0,1,0,0,1,0,0,0,0,0,1,0,0,1,1
2119,Blockchain,1,0,0,0,2,1,0,0,1,0,1,1,1,1,1,0,1,1,0,0,0,4,2,2,['Blockchain' 'Coinbase' 'Electrum' 'Circle'],Blockchain,1,0,0,0,0,0,1,0,0,1,0,0,0,0,0,1,1,0,1
2120,Electrum,1,1,0,0,3,0,0,1,0,1,0,0,0,0,0,0,1,0,1,0,0,3,1,1,['Circle' 'Blockchain' 'Electrum' 'Coinbase'],Circle,0,0,0,1,1,0,0,0,0,1,0,0,0,0,1,0,0,1,1
2121,Electrum,1,1,0,0,3,0,1,1,0,1,0,0,0,1,0,1,1,1,0,1,0,1,4,2,['Electrum' 'Blockchain' 'Circle' 'Coinbase'],Electrum,0,1,0,0,1,0,0,0,0,0,0,1,0,0,1,0,1,0,0
2122,Blockchain,1,0,0,0,2,0,0,0,1,0,0,1,0,1,1,0,0,1,0,1,0,4,5,3,['Electrum' 'Blockchain' 'Circle' 'Coinbase'],Electrum,0,1,0,0,1,0,0,0,0,0,0,1,0,0,1,0,1,0,0
2123,Circle,0,0,1,1,1,1,0,1,0,1,0,0,0,0,1,0,0,0,0,1,0,1,3,4,['Electrum' 'Coinbase' 'Circle' 'Blockchain'],Electrum,0,1,0,0,0,0,1,0,0,0,0,1,1,0,0,0,1,0,0
2124,Circle,0,0,1,1,3,0,0,1,0,0,1,1,0,1,0,1,0,0,1,1,1,3,3,2,['Electrum' 'Blockchain' 'Circle' 'Coinbase'],Electrum,0,1,0,0,1,0,0,0,0,0,0,1,0,0,1,0,1,0,0
2125,Electrum,1,1,0,0,4,0,1,0,0,1,1,0,0,1,1,0,0,1,1,1,0,3,2,5,['Circle' 'Blockchain' 'Coinbase' 'Electrum'],Circle,0,0,0,1,1,0,0,0,0,0,1,0,0,1,0,0,0,1,1
2126,Coinbase,0,0,1,1,2,0,1,1,0,0,0,0,0,0,0,0,1,1,1,0,1,1,3,5,['Electrum' 'Coinbase' 'Blockchain' 'Circle'],Electrum,0,1,0,0,0,0,1,0,1,0,0,0,0,0,0,1,1,0,0
2127,Blockchain,1,0,0,0,2,0,0,0,1,0,0,1,1,1,1,1,0,1,0,1,0,1,1,5,['Electrum' 'Coinbase' 'Blockchain' 'Circle'],Electrum,0,1,0,0,0,0,1,0,1,0,0,0,0,0,0,1,1,0,0
2128,Electrum,1,1,0,0,4,0,1,1,1,1,1,0,0,1,0,0,1,1,1,0,0,2,3,4,['Blockchain' 'Coinbase' 'Circle' 'Electrum'],Blockchain,1,0,0,0,0,0,1,0,0,0,0,1,0,1,0,0,1,0,1
2129,Coinbase,0,0,1,1,2,0,1,0,1,0,1,0,0,0,1,1,1,0,0,1,1,2,5,1,['Coinbase' 'Circle' 'Electrum' 'Blockchain'],Coinbase,0,0,1,0,0,0,0,1,0,1,0,0,1,0,0,0,0,1,1
2130,Electrum,1,1,0,0,2,0,0,1,1,0,1,1,0,1,0,1,1,1,1,1,1,3,2,2,['Coinbase' 'Circle' 'Electrum' 'Blockchain'],Coinbase,0,0,1,0,0,0,0,1,0,1,0,0,1,0,0,0,0,1,1
2131,Electrum,1,1,0,0,1,1,1,0,1,0,0,1,1,1,0,0,0,1,1,0,1,5,4,3,['Blockchain' 'Electrum' 'Coinbase' 'Circle'],Blockchain,1,0,0,0,0,1,0,0,0,0,1,0,0,0,0,1,1,0,1
2132,Electrum,1,1,0,0,2,0,1,1,1,0,0,1,0,0,0,1,1,1,1,1,1,2,4,3,['Blockchain' 'Circle' 'Electrum' 'Coinbase'],Blockchain,1,0,0,0,0,0,0,1,0,1,0,0,0,0,1,0,1,0,1
2133,Coinbase,0,0,1,1,1,1,1,0,1,0,0,1,0,1,1,0,1,1,1,1,0,4,3,3,['Electrum' 'Circle' 'Blockchain' 'Coinbase'],Electrum,0,1,0,0,0,0,0,1,1,0,0,0,0,0,1,0,1,0,0
2134,Coinbase,0,0,1,1,3,0,0,1,0,0,0,0,1,0,0,1,0,1,0,0,1,4,5,3,['Electrum' 'Blockchain' 'Circle' 'Coinbase'],Electrum,0,1,0,0,1,0,0,0,0,0,0,1,0,0,1,0,1,0,0
2135,Blockchain,1,0,0,0,4,0,1,0,1,1,0,1,0,1,1,0,0,1,0,1,1,2,2,3,['Circle' 'Coinbase' 'Electrum' 'Blockchain'],Circle,0,0,0,1,0,0,1,0,0,1,0,0,1,0,0,0,0,1,1
2136,Circle,0,0,1,1,2,1,0,0,0,0,0,1,0,0,0,1,0,1,0,0,0,3,5,3,['Blockchain' 'Electrum' 'Circle' 'Coinbase'],Blockchain,1,0,0,0,0,1,0,0,0,0,0,1,0,0,1,0,1,0,1
2137,Blockchain,1,0,0,0,1,0,0,0,0,1,0,1,1,0,1,0,0,0,0,1,1,1,2,2,['Circle' 'Electrum' 'Coinbase' 'Blockchain'],Circle,0,0,0,1,0,1,0,0,0,0,1,0,1,0,0,0,0,1,1
2138,Blockchain,1,0,0,0,4,0,0,1,0,0,0,0,0,0,1,0,1,1,1,0,0,1,1,3,['Coinbase' 'Electrum' 'Blockchain' 'Circle'],Coinbase,0,0,1,0,0,1,0,0,1,0,0,0,0,0,0,1,0,1,1
2139,Circle,0,0,1,1,1,1,1,1,0,1,1,1,0,0,1,1,0,0,1,0,1,1,3,4,['Electrum' 'Circle' 'Blockchain' 'Coinbase'],Electrum,0,1,0,0,0,0,0,1,1,0,0,0,0,0,1,0,1,0,0
2140,Circle,0,0,1,1,2,0,0,1,1,0,1,0,1,0,0,1,1,1,0,0,0,1,1,4,['Blockchain' 'Coinbase' 'Electrum' 'Circle'],Blockchain,1,0,0,0,0,0,1,0,0,1,0,0,0,0,0,1,1,0,1
2141,Circle,0,0,1,1,3,0,1,0,1,0,0,0,0,1,1,1,0,0,0,1,0,4,1,2,['Electrum' 'Circle' 'Blockchain' 'Coinbase'],Electrum,0,1,0,0,0,0,0,1,1,0,0,0,0,0,1,0,1,0,0
2142,Coinbase,0,0,1,1,2,0,0,1,1,0,0,0,1,1,0,1,1,0,0,1,1,2,4,1,['Blockchain' 'Electrum' 'Circle' 'Coinbase'],Blockchain,1,0,0,0,0,1,0,0,0,0,0,1,0,0,1,0,1,0,1
2143,Coinbase,0,0,1,1,1,0,1,0,1,1,0,0,1,1,0,1,1,1,1,0,0,4,2,5,['Coinbase' 'Electrum' 'Circle' 'Blockchain'],Coinbase,0,0,1,0,0,1,0,0,0,0,0,1,1,0,0,0,0,1,1
2144,Circle,0,0,1,1,2,1,0,1,1,0,0,1,1,0,1,1,1,0,0,0,1,5,3,2,['Blockchain' 'Circle' 'Coinbase' 'Electrum'],Blockchain,1,0,0,0,0,0,0,1,0,0,1,0,0,1,0,0,1,0,1
2145,Electrum,1,1,0,0,2,0,0,1,0,0,0,0,1,0,1,0,0,1,1,1,1,3,4,5,['Blockchain' 'Coinbase' 'Circle' 'Electrum'],Blockchain,1,0,0,0,0,0,1,0,0,0,0,1,0,1,0,0,1,0,1
2146,Electrum,1,1,0,0,4,0,1,1,0,1,0,0,0,1,0,1,0,1,0,0,0,3,5,5,['Blockchain' 'Circle' 'Coinbase' 'Electrum'],Blockchain,1,0,0,0,0,0,0,1,0,0,1,0,0,1,0,0,1,0,1
2147,Coinbase,0,0,1,1,2,0,0,0,0,0,1,0,0,0,1,1,1,1,0,0,0,3,5,5,['Coinbase' 'Electrum' 'Blockchain' 'Circle'],Coinbase,0,0,1,0,0,1,0,0,1,0,0,0,0,0,0,1,0,1,1
2148,Circle,0,0,1,1,2,0,0,0,0,1,1,1,1,0,1,0,1,0,0,1,0,3,3,3,['Circle' 'Electrum' 'Coinbase' 'Blockchain'],Circle,0,0,0,1,0,1,0,0,0,0,1,0,1,0,0,0,0,1,1
2149,Electrum,1,1,0,0,2,0,1,1,1,1,1,0,1,0,1,1,1,1,1,1,1,5,1,5,['Electrum' 'Circle' 'Blockchain' 'Coinbase'],Electrum,0,1,0,0,0,0,0,1,1,0,0,0,0,0,1,0,1,0,0
2150,Blockchain,1,0,0,0,1,1,1,0,0,0,1,0,1,0,0,1,1,0,1,0,0,1,5,3,['Circle' 'Electrum' 'Coinbase' 'Blockchain'],Circle,0,0,0,1,0,1,0,0,0,0,1,0,1,0,0,0,0,1,1
2151,Electrum,1,1,0,0,4,0,1,0,0,0,0,0,0,0,1,1,0,1,1,1,0,1,4,5,['Circle' 'Blockchain' 'Coinbase' 'Electrum'],Circle,0,0,0,1,1,0,0,0,0,0,1,0,0,1,0,0,0,1,1
2152,Electrum,1,1,0,0,4,1,1,0,0,0,0,0,0,1,0,1,0,0,0,0,0,1,3,1,['Coinbase' 'Circle' 'Blockchain' 'Electrum'],Coinbase,0,0,1,0,0,0,0,1,1,0,0,0,0,1,0,0,0,1,1
2153,Electrum,1,1,0,0,3,0,0,0,1,0,1,0,1,0,1,0,0,1,1,0,1,2,5,4,['Electrum' 'Circle' 'Blockchain' 'Coinbase'],Electrum,0,1,0,0,0,0,0,1,1,0,0,0,0,0,1,0,1,0,0
2154,Circle,0,0,1,1,3,1,0,0,0,1,0,0,1,0,1,1,1,1,0,1,1,3,5,1,['Coinbase' 'Blockchain' 'Circle' 'Electrum'],Coinbase,0,0,1,0,1,0,0,0,0,0,0,1,0,1,0,0,0,1,1
2155,Circle,0,0,1,1,1,1,0,1,0,1,1,1,0,0,0,1,0,0,1,0,1,1,5,2,['Blockchain' 'Electrum' 'Coinbase' 'Circle'],Blockchain,1,0,0,0,0,1,0,0,0,0,1,0,0,0,0,1,1,0,1
2156,Blockchain,1,0,0,0,3,0,1,0,0,1,1,1,1,1,0,0,1,1,0,0,0,2,1,1,['Circle' 'Coinbase' 'Electrum' 'Blockchain'],Circle,0,0,0,1,0,0,1,0,0,1,0,0,1,0,0,0,0,1,1
2157,Blockchain,1,0,0,0,3,0,1,1,0,0,0,0,0,1,0,1,1,1,1,1,1,5,2,5,['Blockchain' 'Electrum' 'Coinbase' 'Circle'],Blockchain,1,0,0,0,0,1,0,0,0,0,1,0,0,0,0,1,1,0,1
2158,Circle,0,0,1,1,2,0,1,0,0,0,0,1,0,0,0,0,1,1,1,1,0,1,1,2,['Circle' 'Blockchain' 'Coinbase' 'Electrum'],Circle,0,0,0,1,1,0,0,0,0,0,1,0,0,1,0,0,0,1,1
2159,Coinbase,0,0,1,1,1,1,0,0,0,0,1,0,0,1,0,0,1,0,1,1,0,4,1,5,['Coinbase' 'Blockchain' 'Circle' 'Electrum'],Coinbase,0,0,1,0,1,0,0,0,0,0,0,1,0,1,0,0,0,1,1
2160,Blockchain,1,0,0,0,3,0,0,0,0,1,0,0,1,0,0,1,1,0,1,1,0,1,5,3,['Coinbase' 'Circle' 'Blockchain' 'Electrum'],Coinbase,0,0,1,0,0,0,0,1,1,0,0,0,0,1,0,0,0,1,1
2161,Circle,0,0,1,1,3,0,1,1,0,0,1,0,0,0,0,0,1,0,0,0,0,5,2,3,['Electrum' 'Coinbase' 'Blockchain' 'Circle'],Electrum,0,1,0,0,0,0,1,0,1,0,0,0,0,0,0,1,1,0,0
2162,Coinbase,0,0,1,1,3,1,1,1,0,1,0,0,0,1,1,0,1,0,1,1,1,3,4,1,['Circle' 'Electrum' 'Coinbase' 'Blockchain'],Circle,0,0,0,1,0,1,0,0,0,0,1,0,1,0,0,0,0,1,1
2163,Blockchain,1,0,0,0,4,0,1,0,0,0,0,1,1,0,1,1,0,0,0,1,1,2,1,5,['Circle' 'Blockchain' 'Coinbase' 'Electrum'],Circle,0,0,0,1,1,0,0,0,0,0,1,0,0,1,0,0,0,1,1
2164,Circle,0,0,1,1,1,0,1,0,0,1,0,0,1,1,0,1,1,0,1,0,0,5,3,4,['Electrum' 'Coinbase' 'Blockchain' 'Circle'],Electrum,0,1,0,0,0,0,1,0,1,0,0,0,0,0,0,1,1,0,0
2165,Coinbase,0,0,1,1,1,0,1,0,1,0,1,1,1,0,1,0,0,1,0,1,1,5,3,2,['Electrum' 'Coinbase' 'Circle' 'Blockchain'],Electrum,0,1,0,0,0,0,1,0,0,0,0,1,1,0,0,0,1,0,0
2166,Electrum,1,1,0,0,3,1,0,1,0,1,1,1,0,0,0,0,0,1,1,0,1,1,5,1,['Blockchain' 'Circle' 'Coinbase' 'Electrum'],Blockchain,1,0,0,0,0,0,0,1,0,0,1,0,0,1,0,0,1,0,1
2167,Circle,0,0,1,1,1,1,1,1,0,1,1,1,0,1,0,1,1,0,1,1,1,3,1,5,['Blockchain' 'Circle' 'Coinbase' 'Electrum'],Blockchain,1,0,0,0,0,0,0,1,0,0,1,0,0,1,0,0,1,0,1
2168,Electrum,1,1,0,0,3,0,1,1,0,1,1,0,0,0,1,1,1,0,1,0,1,5,2,3,['Electrum' 'Coinbase' 'Circle' 'Blockchain'],Electrum,0,1,0,0,0,0,1,0,0,0,0,1,1,0,0,0,1,0,0
2169,Coinbase,0,0,1,1,4,1,0,1,0,0,1,0,0,1,1,0,0,1,0,1,1,4,3,2,['Electrum' 'Blockchain' 'Coinbase' 'Circle'],Electrum,0,1,0,0,1,0,0,0,0,0,1,0,0,0,0,1,1,0,0
2170,Coinbase,0,0,1,1,4,1,0,1,0,0,1,0,0,0,1,1,1,0,1,1,0,1,1,3,['Blockchain' 'Circle' 'Electrum' 'Coinbase'],Blockchain,1,0,0,0,0,0,0,1,0,1,0,0,0,0,1,0,1,0,1
2171,Circle,0,0,1,1,4,0,0,0,1,0,0,1,1,1,0,1,0,0,0,1,1,4,5,1,['Coinbase' 'Blockchain' 'Circle' 'Electrum'],Coinbase,0,0,1,0,1,0,0,0,0,0,0,1,0,1,0,0,0,1,1
2172,Coinbase,0,0,1,1,3,0,0,1,1,1,0,0,0,1,0,1,1,1,1,1,1,3,4,4,['Circle' 'Blockchain' 'Electrum' 'Coinbase'],Circle,0,0,0,1,1,0,0,0,0,1,0,0,0,0,1,0,0,1,1
2173,Electrum,1,1,0,0,4,1,1,0,0,1,1,1,0,0,0,1,1,0,0,0,1,1,2,2,['Circle' 'Blockchain' 'Coinbase' 'Electrum'],Circle,0,0,0,1,1,0,0,0,0,0,1,0,0,1,0,0,0,1,1
2174,Electrum,1,1,0,0,1,0,1,1,1,0,0,1,1,1,0,0,1,0,1,1,1,1,2,5,['Blockchain' 'Electrum' 'Coinbase' 'Circle'],Blockchain,1,0,0,0,0,1,0,0,0,0,1,0,0,0,0,1,1,0,1
2175,Coinbase,0,0,1,1,2,0,0,1,0,1,0,1,0,0,1,0,0,0,0,1,1,4,1,1,['Blockchain' 'Coinbase' 'Electrum' 'Circle'],Blockchain,1,0,0,0,0,0,1,0,0,1,0,0,0,0,0,1,1,0,1
2176,Electrum,1,1,0,0,1,1,0,0,1,0,1,0,1,1,1,0,0,0,0,1,0,5,5,2,['Electrum' 'Coinbase' 'Blockchain' 'Circle'],Electrum,0,1,0,0,0,0,1,0,1,0,0,0,0,0,0,1,1,0,0
2177,Blockchain,1,0,0,0,2,0,1,1,0,1,1,1,1,0,1,0,1,0,1,1,1,5,1,1,['Circle' 'Electrum' 'Coinbase' 'Blockchain'],Circle,0,0,0,1,0,1,0,0,0,0,1,0,1,0,0,0,0,1,1
2178,Circle,0,0,1,1,2,0,0,1,1,1,1,0,1,1,1,0,0,0,1,1,1,1,3,4,['Circle' 'Electrum' 'Coinbase' 'Blockchain'],Circle,0,0,0,1,0,1,0,0,0,0,1,0,1,0,0,0,0,1,1
2179,Circle,0,0,1,1,2,0,1,1,1,0,0,1,1,0,0,1,0,0,1,1,1,3,5,1,['Circle' 'Blockchain' 'Electrum' 'Coinbase'],Circle,0,0,0,1,1,0,0,0,0,1,0,0,0,0,1,0,0,1,1
2180,Electrum,1,1,0,0,1,0,0,1,1,0,1,1,0,1,1,0,1,0,0,1,1,2,2,2,['Coinbase' 'Blockchain' 'Electrum' 'Circle'],Coinbase,0,0,1,0,1,0,0,0,0,1,0,0,0,0,0,1,0,1,1
2181,Blockchain,1,0,0,0,2,0,0,0,0,0,1,0,0,0,1,0,0,0,1,0,1,1,4,2,['Coinbase' 'Circle' 'Electrum' 'Blockchain'],Coinbase,0,0,1,0,0,0,0,1,0,1,0,0,1,0,0,0,0,1,1
2182,Circle,0,0,1,1,3,0,0,0,0,1,0,1,0,0,1,1,0,1,1,0,1,5,3,1,['Blockchain' 'Electrum' 'Coinbase' 'Circle'],Blockchain,1,0,0,0,0,1,0,0,0,0,1,0,0,0,0,1,1,0,1
2183,Electrum,1,1,0,0,3,1,1,1,1,1,1,0,1,0,0,0,0,1,0,0,1,3,4,4,['Electrum' 'Circle' 'Coinbase' 'Blockchain'],Electrum,0,1,0,0,0,0,0,1,0,0,1,0,1,0,0,0,1,0,0
2184,Circle,0,0,1,1,3,0,0,1,1,0,1,0,1,0,1,1,0,0,0,1,1,4,3,5,['Blockchain' 'Electrum' 'Circle' 'Coinbase'],Blockchain,1,0,0,0,0,1,0,0,0,0,0,1,0,0,1,0,1,0,1
2185,Blockchain,1,0,0,0,1,0,1,1,0,0,0,0,0,0,0,1,0,0,1,0,0,3,5,3,['Coinbase' 'Blockchain' 'Circle' 'Electrum'],Coinbase,0,0,1,0,1,0,0,0,0,0,0,1,0,1,0,0,0,1,1
2186,Blockchain,1,0,0,0,2,0,1,1,0,0,0,0,1,1,1,0,0,1,1,0,1,2,5,1,['Coinbase' 'Electrum' 'Blockchain' 'Circle'],Coinbase,0,0,1,0,0,1,0,0,1,0,0,0,0,0,0,1,0,1,1
2187,Circle,0,0,1,1,3,1,0,1,0,0,0,1,0,0,1,0,1,0,1,1,1,2,4,3,['Electrum' 'Circle' 'Coinbase' 'Blockchain'],Electrum,0,1,0,0,0,0,0,1,0,0,1,0,1,0,0,0,1,0,0
2188,Blockchain,1,0,0,0,3,1,0,1,1,0,0,1,1,0,1,1,1,0,0,0,0,1,1,2,['Circle' 'Blockchain' 'Coinbase' 'Electrum'],Circle,0,0,0,1,1,0,0,0,0,0,1,0,0,1,0,0,0,1,1
2189,Electrum,1,1,0,0,4,0,0,0,0,1,1,0,0,1,1,0,1,1,1,1,1,4,1,4,['Blockchain' 'Circle' 'Coinbase' 'Electrum'],Blockchain,1,0,0,0,0,0,0,1,0,0,1,0,0,1,0,0,1,0,1
2190,Circle,0,0,1,1,2,0,0,0,0,0,1,1,1,0,0,0,1,1,0,1,0,2,5,3,['Blockchain' 'Electrum' 'Circle' 'Coinbase'],Blockchain,1,0,0,0,0,1,0,0,0,0,0,1,0,0,1,0,1,0,1
2191,Coinbase,0,0,1,1,4,0,0,1,0,0,1,0,0,1,0,1,1,1,1,1,1,3,4,1,['Electrum' 'Circle' 'Blockchain' 'Coinbase'],Electrum,0,1,0,0,0,0,0,1,1,0,0,0,0,0,1,0,1,0,0
2192,Blockchain,1,0,0,0,2,1,0,1,0,0,0,1,0,0,0,0,1,0,0,1,1,1,2,3,['Blockchain' 'Coinbase' 'Circle' 'Electrum'],Blockchain,1,0,0,0,0,0,1,0,0,0,0,1,0,1,0,0,1,0,1
2193,Coinbase,0,0,1,1,3,1,0,0,1,0,1,0,0,1,0,0,0,0,1,1,1,4,5,5,['Circle' 'Electrum' 'Blockchain' 'Coinbase'],Circle,0,0,0,1,0,1,0,0,1,0,0,0,0,0,1,0,0,1,1
2194,Circle,0,0,1,1,1,1,0,1,0,1,1,0,0,0,1,1,1,1,1,0,0,5,1,4,['Electrum' 'Circle' 'Coinbase' 'Blockchain'],Electrum,0,1,0,0,0,0,0,1,0,0,1,0,1,0,0,0,1,0,0
2195,Electrum,1,1,0,0,4,1,1,0,1,1,0,1,0,1,1,0,1,1,1,1,1,2,3,4,['Electrum' 'Blockchain' 'Circle' 'Coinbase'],Electrum,0,1,0,0,1,0,0,0,0,0,0,1,0,0,1,0,1,0,0
2196,Electrum,1,1,0,0,1,0,0,1,0,0,1,0,0,0,0,1,0,0,0,0,0,4,3,4,['Circle' 'Coinbase' 'Blockchain' 'Electrum'],Circle,0,0,0,1,0,0,1,0,1,0,0,0,0,1,0,0,0,1,1
2197,Circle,0,0,1,1,3,0,0,1,1,1,0,1,1,0,0,1,0,0,0,1,0,4,4,1,['Blockchain' 'Circle' 'Electrum' 'Coinbase'],Blockchain,1,0,0,0,0,0,0,1,0,1,0,0,0,0,1,0,1,0,1
2198,Electrum,1,1,0,0,1,1,0,1,0,0,1,1,1,0,1,0,0,1,0,0,0,4,2,2,['Blockchain' 'Electrum' 'Circle' 'Coinbase'],Blockchain,1,0,0,0,0,1,0,0,0,0,0,1,0,0,1,0,1,0,1
2199,Electrum,1,1,0,0,1,0,0,1,0,0,1,0,0,0,1,0,1,1,0,1,1,1,1,3,['Coinbase' 'Blockchain' 'Circle' 'Electrum'],Coinbase,0,0,1,0,1,0,0,0,0,0,0,1,0,1,0,0,0,1,1
2200,Electrum,1,1,0,0,3,0,0,1,0,1,1,0,0,0,0,1,0,0,1,1,0,2,5,2,['Circle' 'Coinbase' 'Blockchain' 'Electrum'],Circle,0,0,0,1,0,0,1,0,1,0,0,0,0,1,0,0,0,1,1
2201,Blockchain,1,0,0,0,3,1,0,1,1,0,0,0,1,0,1,0,1,0,0,0,0,5,3,3,['Blockchain' 'Circle' 'Coinbase' 'Electrum'],Blockchain,1,0,0,0,0,0,0,1,0,0,1,0,0,1,0,0,1,0,1
2202,Coinbase,0,0,1,1,4,1,1,1,0,0,0,1,0,1,0,0,1,1,1,0,0,2,5,2,['Blockchain' 'Circle' 'Coinbase' 'Electrum'],Blockchain,1,0,0,0,0,0,0,1,0,0,1,0,0,1,0,0,1,0,1
2203,Blockchain,1,0,0,0,4,0,0,1,1,0,0,0,1,1,1,1,0,1,0,0,0,1,4,2,['Coinbase' 'Blockchain' 'Circle' 'Electrum'],Coinbase,0,0,1,0,1,0,0,0,0,0,0,1,0,1,0,0,0,1,1
2204,Electrum,1,1,0,0,3,1,1,0,0,1,1,1,0,1,0,0,1,1,0,0,0,4,2,1,['Blockchain' 'Coinbase' 'Circle' 'Electrum'],Blockchain,1,0,0,0,0,0,1,0,0,0,0,1,0,1,0,0,1,0,1
2205,Electrum,1,1,0,0,2,1,1,0,0,0,0,0,0,0,1,0,0,0,0,0,1,5,3,5,['Coinbase' 'Electrum' 'Circle' 'Blockchain'],Coinbase,0,0,1,0,0,1,0,0,0,0,0,1,1,0,0,0,0,1,1
2206,Coinbase,0,0,1,1,3,1,0,1,0,1,0,0,1,0,1,0,0,0,1,0,1,1,3,4,['Blockchain' 'Electrum' 'Coinbase' 'Circle'],Blockchain,1,0,0,0,0,1,0,0,0,0,1,0,0,0,0,1,1,0,1
2207,Coinbase,0,0,1,1,1,1,1,0,1,0,0,0,0,0,0,0,1,0,1,0,0,3,4,2,['Circle' 'Electrum' 'Coinbase' 'Blockchain'],Circle,0,0,0,1,0,1,0,0,0,0,1,0,1,0,0,0,0,1,1
2208,Blockchain,1,0,0,0,1,0,1,1,0,1,0,0,1,1,0,1,0,1,0,1,0,1,3,2,['Electrum' 'Circle' 'Coinbase' 'Blockchain'],Electrum,0,1,0,0,0,0,0,1,0,0,1,0,1,0,0,0,1,0,0
2209,Coinbase,0,0,1,1,3,0,1,0,0,1,1,1,0,1,1,0,1,1,1,0,0,2,1,1,['Blockchain' 'Electrum' 'Circle' 'Coinbase'],Blockchain,1,0,0,0,0,1,0,0,0,0,0,1,0,0,1,0,1,0,1
2210,Circle,0,0,1,1,1,1,1,0,1,0,0,1,0,1,1,1,1,1,0,0,1,3,5,1,['Circle' 'Blockchain' 'Electrum' 'Coinbase'],Circle,0,0,0,1,1,0,0,0,0,1,0,0,0,0,1,0,0,1,1
2211,Circle,0,0,1,1,4,0,1,0,0,0,0,0,1,0,1,0,0,0,0,0,0,4,1,1,['Electrum' 'Circle' 'Coinbase' 'Blockchain'],Electrum,0,1,0,0,0,0,0,1,0,0,1,0,1,0,0,0,1,0,0
2212,Coinbase,0,0,1,1,4,1,1,1,1,1,0,1,1,1,1,0,0,0,1,1,0,3,5,1,['Blockchain' 'Circle' 'Electrum' 'Coinbase'],Blockchain,1,0,0,0,0,0,0,1,0,1,0,0,0,0,1,0,1,0,1
2213,Blockchain,1,0,0,0,2,0,0,0,1,1,1,0,0,0,0,0,1,1,0,1,0,2,1,2,['Coinbase' 'Blockchain' 'Circle' 'Electrum'],Coinbase,0,0,1,0,1,0,0,0,0,0,0,1,0,1,0,0,0,1,1
2214,Circle,0,0,1,1,3,1,0,1,1,1,1,1,1,1,1,1,1,1,1,0,0,5,3,4,['Circle' 'Coinbase' 'Electrum' 'Blockchain'],Circle,0,0,0,1,0,0,1,0,0,1,0,0,1,0,0,0,0,1,1
2215,Coinbase,0,0,1,1,4,0,0,0,1,0,1,1,1,0,1,0,0,1,1,1,0,5,2,3,['Circle' 'Coinbase' 'Electrum' 'Blockchain'],Circle,0,0,0,1,0,0,1,0,0,1,0,0,1,0,0,0,0,1,1
2216,Coinbase,0,0,1,1,3,1,1,1,1,1,0,1,1,1,0,1,0,0,1,1,1,3,5,4,['Circle' 'Electrum' 'Coinbase' 'Blockchain'],Circle,0,0,0,1,0,1,0,0,0,0,1,0,1,0,0,0,0,1,1
2217,Electrum,1,1,0,0,3,1,0,0,0,0,1,0,1,0,1,0,1,0,0,1,1,2,5,1,['Blockchain' 'Coinbase' 'Circle' 'Electrum'],Blockchain,1,0,0,0,0,0,1,0,0,0,0,1,0,1,0,0,1,0,1
2218,Circle,0,0,1,1,1,1,1,1,1,0,1,0,1,0,0,1,1,0,0,1,1,1,1,3,['Coinbase' 'Blockchain' 'Circle' 'Electrum'],Coinbase,0,0,1,0,1,0,0,0,0,0,0,1,0,1,0,0,0,1,1
2219,Blockchain,1,0,0,0,3,0,0,1,1,0,0,1,1,0,0,0,0,1,1,0,1,4,1,2,['Coinbase' 'Blockchain' 'Circle' 'Electrum'],Coinbase,0,0,1,0,1,0,0,0,0,0,0,1,0,1,0,0,0,1,1
2220,Circle,0,0,1,1,2,1,0,0,1,1,1,0,0,0,1,1,0,0,1,0,1,4,3,2,['Coinbase' 'Electrum' 'Circle' 'Blockchain'],Coinbase,0,0,1,0,0,1,0,0,0,0,0,1,1,0,0,0,0,1,1
2221,Electrum,1,1,0,0,4,1,0,0,0,0,0,0,0,0,0,0,0,0,1,1,0,4,3,5,['Circle' 'Blockchain' 'Coinbase' 'Electrum'],Circle,0,0,0,1,1,0,0,0,0,0,1,0,0,1,0,0,0,1,1
2222,Electrum,1,1,0,0,4,0,0,0,0,1,0,1,1,1,1,0,1,1,0,1,0,5,1,3,['Blockchain' 'Circle' 'Coinbase' 'Electrum'],Blockchain,1,0,0,0,0,0,0,1,0,0,1,0,0,1,0,0,1,0,1
2223,Electrum,1,1,0,0,4,1,1,0,0,1,1,1,1,1,1,0,0,0,1,1,1,5,1,3,['Blockchain' 'Electrum' 'Coinbase' 'Circle'],Blockchain,1,0,0,0,0,1,0,0,0,0,1,0,0,0,0,1,1,0,1
2224,Electrum,1,1,0,0,2,1,1,1,1,0,0,1,0,0,1,1,1,1,0,0,0,2,1,1,['Circle' 'Electrum' 'Coinbase' 'Blockchain'],Circle,0,0,0,1,0,1,0,0,0,0,1,0,1,0,0,0,0,1,1
2225,Blockchain,1,0,0,0,2,0,1,1,1,1,0,1,1,0,0,1,1,0,1,0,0,5,5,2,['Electrum' 'Blockchain' 'Coinbase' 'Circle'],Electrum,0,1,0,0,1,0,0,0,0,0,1,0,0,0,0,1,1,0,0
2226,Electrum,1,1,0,0,2,1,0,1,0,0,0,0,0,0,0,1,1,0,1,1,1,1,3,4,['Electrum' 'Coinbase' 'Blockchain' 'Circle'],Electrum,0,1,0,0,0,0,1,0,1,0,0,0,0,0,0,1,1,0,0
2227,Electrum,1,1,0,0,1,1,0,0,1,0,0,0,0,0,0,1,0,0,1,1,1,1,2,5,['Electrum' 'Coinbase' 'Blockchain' 'Circle'],Electrum,0,1,0,0,0,0,1,0,1,0,0,0,0,0,0,1,1,0,0
2228,Blockchain,1,0,0,0,1,1,0,1,0,0,0,1,1,1,0,1,0,1,1,1,0,2,4,5,['Circle' 'Electrum' 'Coinbase' 'Blockchain'],Circle,0,0,0,1,0,1,0,0,0,0,1,0,1,0,0,0,0,1,1
2229,Circle,0,0,1,1,2,0,0,1,0,0,1,1,0,0,1,1,0,1,1,0,0,1,5,2,['Circle' 'Blockchain' 'Electrum' 'Coinbase'],Circle,0,0,0,1,1,0,0,0,0,1,0,0,0,0,1,0,0,1,1
2230,Blockchain,1,0,0,0,3,1,1,0,1,1,0,0,0,0,0,0,0,1,0,0,0,2,3,5,['Electrum' 'Blockchain' 'Circle' 'Coinbase'],Electrum,0,1,0,0,1,0,0,0,0,0,0,1,0,0,1,0,1,0,0
2231,Electrum,1,1,0,0,3,1,1,1,1,1,0,1,1,1,0,1,1,1,0,1,1,3,3,3,['Coinbase' 'Blockchain' 'Circle' 'Electrum'],Coinbase,0,0,1,0,1,0,0,0,0,0,0,1,0,1,0,0,0,1,1
2232,Blockchain,1,0,0,0,3,0,1,0,0,1,1,0,1,0,1,1,1,0,0,0,0,5,1,3,['Circle' 'Blockchain' 'Coinbase' 'Electrum'],Circle,0,0,0,1,1,0,0,0,0,0,1,0,0,1,0,0,0,1,1
2233,Circle,0,0,1,1,3,1,1,0,0,0,1,0,0,1,0,0,1,1,0,1,0,5,4,3,['Electrum' 'Blockchain' 'Coinbase' 'Circle'],Electrum,0,1,0,0,1,0,0,0,0,0,1,0,0,0,0,1,1,0,0
2234,Coinbase,0,0,1,1,2,1,0,1,1,1,0,1,0,0,1,0,0,1,1,0,0,5,5,1,['Blockchain' 'Electrum' 'Circle' 'Coinbase'],Blockchain,1,0,0,0,0,1,0,0,0,0,0,1,0,0,1,0,1,0,1
2235,Electrum,1,1,0,0,2,0,1,1,0,1,1,0,0,0,0,1,1,0,0,0,0,5,2,2,['Coinbase' 'Circle' 'Blockchain' 'Electrum'],Coinbase,0,0,1,0,0,0,0,1,1,0,0,0,0,1,0,0,0,1,1
2236,Circle,0,0,1,1,4,1,1,0,1,1,1,0,0,1,0,0,1,0,0,0,1,2,5,3,['Blockchain' 'Coinbase' 'Circle' 'Electrum'],Blockchain,1,0,0,0,0,0,1,0,0,0,0,1,0,1,0,0,1,0,1
2237,Circle,0,0,1,1,3,1,1,1,1,0,1,0,1,0,1,1,0,0,0,0,1,3,5,3,['Circle' 'Blockchain' 'Coinbase' 'Electrum'],Circle,0,0,0,1,1,0,0,0,0,0,1,0,0,1,0,0,0,1,1
2238,Circle,0,0,1,1,1,0,0,1,0,0,1,0,0,1,0,1,0,1,1,0,0,4,1,2,['Circle' 'Coinbase' 'Electrum' 'Blockchain'],Circle,0,0,0,1,0,0,1,0,0,1,0,0,1,0,0,0,0,1,1
2239,Coinbase,0,0,1,1,1,0,0,1,1,0,0,0,0,1,0,0,0,1,1,1,0,2,1,3,['Coinbase' 'Electrum' 'Blockchain' 'Circle'],Coinbase,0,0,1,0,0,1,0,0,1,0,0,0,0,0,0,1,0,1,1
2240,Blockchain,1,0,0,0,3,1,0,1,0,1,0,1,0,1,0,0,1,1,1,1,1,4,2,5,['Electrum' 'Coinbase' 'Blockchain' 'Circle'],Electrum,0,1,0,0,0,0,1,0,1,0,0,0,0,0,0,1,1,0,0
2241,Electrum,1,1,0,0,2,0,0,1,1,0,0,0,1,0,1,0,0,0,1,1,1,2,1,5,['Circle' 'Coinbase' 'Electrum' 'Blockchain'],Circle,0,0,0,1,0,0,1,0,0,1,0,0,1,0,0,0,0,1,1
2242,Coinbase,0,0,1,1,4,0,0,0,0,0,0,1,0,0,1,0,1,0,0,0,1,4,4,2,['Circle' 'Coinbase' 'Electrum' 'Blockchain'],Circle,0,0,0,1,0,0,1,0,0,1,0,0,1,0,0,0,0,1,1
2243,Circle,0,0,1,1,1,0,0,0,0,1,0,1,1,0,1,1,1,0,1,1,1,1,1,3,['Circle' 'Blockchain' 'Electrum' 'Coinbase'],Circle,0,0,0,1,1,0,0,0,0,1,0,0,0,0,1,0,0,1,1
2244,Coinbase,0,0,1,1,2,1,0,1,0,1,1,0,0,0,0,0,0,0,0,1,0,5,2,3,['Blockchain' 'Electrum' 'Circle' 'Coinbase'],Blockchain,1,0,0,0,0,1,0,0,0,0,0,1,0,0,1,0,1,0,1
2245,Coinbase,0,0,1,1,4,1,0,0,0,1,0,1,0,0,0,0,1,1,0,0,1,5,5,3,['Circle' 'Electrum' 'Coinbase' 'Blockchain'],Circle,0,0,0,1,0,1,0,0,0,0,1,0,1,0,0,0,0,1,1
2246,Electrum,1,1,0,0,3,0,1,1,0,0,1,1,0,0,0,1,1,0,1,1,1,1,5,4,['Circle' 'Blockchain' 'Electrum' 'Coinbase'],Circle,0,0,0,1,1,0,0,0,0,1,0,0,0,0,1,0,0,1,1
2247,Blockchain,1,0,0,0,2,1,1,1,0,0,1,0,1,1,0,0,0,1,1,1,0,2,2,5,['Coinbase' 'Electrum' 'Blockchain' 'Circle'],Coinbase,0,0,1,0,0,1,0,0,1,0,0,0,0,0,0,1,0,1,1
2248,Electrum,1,1,0,0,4,0,1,0,0,0,1,1,0,0,1,1,1,0,0,0,1,1,5,2,['Coinbase' 'Blockchain' 'Electrum' 'Circle'],Coinbase,0,0,1,0,1,0,0,0,0,1,0,0,0,0,0,1,0,1,1
2249,Circle,0,0,1,1,1,0,1,1,1,0,0,1,1,1,0,0,1,0,1,1,0,4,3,2,['Coinbase' 'Electrum' 'Blockchain' 'Circle'],Coinbase,0,0,1,0,0,1,0,0,1,0,0,0,0,0,0,1,0,1,1
2250,Blockchain,1,0,0,0,4,0,0,1,0,1,0,1,1,0,1,0,0,1,1,0,1,5,4,3,['Circle' 'Coinbase' 'Electrum' 'Blockchain'],Circle,0,0,0,1,0,0,1,0,0,1,0,0,1,0,0,0,0,1,1
2251,Coinbase,0,0,1,1,3,1,1,1,0,1,0,0,0,1,1,0,1,1,1,0,0,5,2,1,['Blockchain' 'Coinbase' 'Circle' 'Electrum'],Blockchain,1,0,0,0,0,0,1,0,0,0,0,1,0,1,0,0,1,0,1
2252,Circle,0,0,1,1,2,1,1,1,1,1,1,0,1,1,0,1,1,1,1,0,1,4,4,4,['Coinbase' 'Circle' 'Blockchain' 'Electrum'],Coinbase,0,0,1,0,0,0,0,1,1,0,0,0,0,1,0,0,0,1,1
2253,Blockchain,1,0,0,0,2,1,0,0,1,0,0,0,1,0,0,1,0,1,0,0,1,4,3,4,['Electrum' 'Coinbase' 'Blockchain' 'Circle'],Electrum,0,1,0,0,0,0,1,0,1,0,0,0,0,0,0,1,1,0,0
2254,Electrum,1,1,0,0,4,0,0,1,1,1,0,1,1,0,1,1,1,0,0,1,0,5,5,3,['Circle' 'Blockchain' 'Electrum' 'Coinbase'],Circle,0,0,0,1,1,0,0,0,0,1,0,0,0,0,1,0,0,1,1
2255,Electrum,1,1,0,0,1,1,0,1,0,0,0,0,1,0,1,1,0,1,1,1,0,1,2,4,['Coinbase' 'Electrum' 'Blockchain' 'Circle'],Coinbase,0,0,1,0,0,1,0,0,1,0,0,0,0,0,0,1,0,1,1
2256,Circle,0,0,1,1,1,0,1,1,0,0,1,0,1,1,1,0,1,0,0,1,0,5,1,3,['Circle' 'Electrum' 'Blockchain' 'Coinbase'],Circle,0,0,0,1,0,1,0,0,1,0,0,0,0,0,1,0,0,1,1
2257,Electrum,1,1,0,0,1,1,1,1,1,1,1,1,1,0,1,0,0,1,1,0,1,3,1,5,['Blockchain' 'Coinbase' 'Circle' 'Electrum'],Blockchain,1,0,0,0,0,0,1,0,0,0,0,1,0,1,0,0,1,0,1
2258,Coinbase,0,0,1,1,3,0,1,1,1,1,1,0,0,0,0,1,0,1,0,1,1,3,4,3,['Coinbase' 'Electrum' 'Circle' 'Blockchain'],Coinbase,0,0,1,0,0,1,0,0,0,0,0,1,1,0,0,0,0,1,1
2259,Blockchain,1,0,0,0,3,1,0,1,1,1,1,0,0,0,0,1,1,1,0,0,1,2,2,4,['Blockchain' 'Electrum' 'Circle' 'Coinbase'],Blockchain,1,0,0,0,0,1,0,0,0,0,0,1,0,0,1,0,1,0,1
2260,Circle,0,0,1,1,3,1,0,0,1,1,0,1,1,1,1,1,0,1,1,0,0,5,3,3,['Blockchain' 'Electrum' 'Circle' 'Coinbase'],Blockchain,1,0,0,0,0,1,0,0,0,0,0,1,0,0,1,0,1,0,1
2261,Electrum,1,1,0,0,4,0,0,1,0,1,1,0,0,0,0,1,1,1,1,0,0,3,2,5,['Blockchain' 'Coinbase' 'Circle' 'Electrum'],Blockchain,1,0,0,0,0,0,1,0,0,0,0,1,0,1,0,0,1,0,1
2262,Circle,0,0,1,1,4,1,0,0,0,1,1,1,0,1,1,1,0,1,0,0,1,2,1,5,['Blockchain' 'Circle' 'Coinbase' 'Electrum'],Blockchain,1,0,0,0,0,0,0,1,0,0,1,0,0,1,0,0,1,0,1
2263,Circle,0,0,1,1,3,1,0,1,1,1,0,1,1,1,0,1,0,1,1,0,1,5,2,5,['Blockchain' 'Circle' 'Electrum' 'Coinbase'],Blockchain,1,0,0,0,0,0,0,1,0,1,0,0,0,0,1,0,1,0,1
2264,Blockchain,1,0,0,0,4,0,0,1,0,0,1,1,1,0,0,1,1,1,1,0,0,3,2,4,['Blockchain' 'Electrum' 'Coinbase' 'Circle'],Blockchain,1,0,0,0,0,1,0,0,0,0,1,0,0,0,0,1,1,0,1
2265,Blockchain,1,0,0,0,4,1,0,0,1,0,1,1,0,1,0,0,0,1,0,1,0,4,5,4,['Electrum' 'Blockchain' 'Coinbase' 'Circle'],Electrum,0,1,0,0,1,0,0,0,0,0,1,0,0,0,0,1,1,0,0
2266,Coinbase,0,0,1,1,1,1,0,0,0,0,0,0,1,1,1,0,0,1,0,1,1,2,2,3,['Electrum' 'Coinbase' 'Blockchain' 'Circle'],Electrum,0,1,0,0,0,0,1,0,1,0,0,0,0,0,0,1,1,0,0
2267,Electrum,1,1,0,0,1,1,1,1,1,0,0,1,1,1,0,0,1,1,1,0,1,5,5,3,['Blockchain' 'Electrum' 'Coinbase' 'Circle'],Blockchain,1,0,0,0,0,1,0,0,0,0,1,0,0,0,0,1,1,0,1
2268,Circle,0,0,1,1,1,0,1,1,0,1,1,0,1,0,1,1,0,0,0,0,0,5,5,5,['Coinbase' 'Circle' 'Electrum' 'Blockchain'],Coinbase,0,0,1,0,0,0,0,1,0,1,0,0,1,0,0,0,0,1,1
2269,Blockchain,1,0,0,0,2,1,1,0,0,1,0,0,0,0,1,1,0,1,1,0,1,3,1,4,['Electrum' 'Coinbase' 'Circle' 'Blockchain'],Electrum,0,1,0,0,0,0,1,0,0,0,0,1,1,0,0,0,1,0,0
2270,Blockchain,1,0,0,0,1,1,0,1,1,1,1,0,1,1,0,0,0,0,0,0,0,2,3,4,['Coinbase' 'Circle' 'Blockchain' 'Electrum'],Coinbase,0,0,1,0,0,0,0,1,1,0,0,0,0,1,0,0,0,1,1
2271,Coinbase,0,0,1,1,4,1,0,1,1,0,0,1,1,1,1,1,1,0,1,1,1,5,4,5,['Blockchain' 'Coinbase' 'Circle' 'Electrum'],Blockchain,1,0,0,0,0,0,1,0,0,0,0,1,0,1,0,0,1,0,1
2272,Blockchain,1,0,0,0,4,0,1,1,0,1,1,1,0,0,1,0,1,1,1,0,0,3,4,5,['Electrum' 'Coinbase' 'Circle' 'Blockchain'],Electrum,0,1,0,0,0,0,1,0,0,0,0,1,1,0,0,0,1,0,0
2273,Blockchain,1,0,0,0,3,0,0,0,1,1,1,1,1,1,1,1,1,0,0,1,1,2,2,4,['Blockchain' 'Electrum' 'Coinbase' 'Circle'],Blockchain,1,0,0,0,0,1,0,0,0,0,1,0,0,0,0,1,1,0,1
2274,Circle,0,0,1,1,3,1,0,1,1,1,0,1,1,0,0,1,0,1,1,1,0,2,3,3,['Electrum' 'Coinbase' 'Circle' 'Blockchain'],Electrum,0,1,0,0,0,0,1,0,0,0,0,1,1,0,0,0,1,0,0
2275,Coinbase,0,0,1,1,2,0,0,1,1,1,0,1,1,0,0,1,1,0,0,1,1,3,4,1,['Circle' 'Coinbase' 'Electrum' 'Blockchain'],Circle,0,0,0,1,0,0,1,0,0,1,0,0,1,0,0,0,0,1,1
2276,Electrum,1,1,0,0,3,0,1,1,0,0,0,0,1,1,0,0,1,0,1,1,1,2,1,4,['Circle' 'Electrum' 'Blockchain' 'Coinbase'],Circle,0,0,0,1,0,1,0,0,1,0,0,0,0,0,1,0,0,1,1
2277,Circle,0,0,1,1,1,1,1,1,1,1,1,0,1,0,1,0,0,0,1,0,0,1,2,5,['Coinbase' 'Electrum' 'Circle' 'Blockchain'],Coinbase,0,0,1,0,0,1,0,0,0,0,0,1,1,0,0,0,0,1,1
2278,Blockchain,1,0,0,0,4,0,1,0,0,0,0,1,1,0,0,0,0,1,1,0,1,1,3,3,['Blockchain' 'Coinbase' 'Electrum' 'Circle'],Blockchain,1,0,0,0,0,0,1,0,0,1,0,0,0,0,0,1,1,0,1
2279,Coinbase,0,0,1,1,3,1,0,1,1,0,0,1,1,1,1,1,1,0,0,1,0,5,2,3,['Circle' 'Blockchain' 'Coinbase' 'Electrum'],Circle,0,0,0,1,1,0,0,0,0,0,1,0,0,1,0,0,0,1,1
2280,Electrum,1,1,0,0,4,0,0,1,0,1,1,1,1,0,0,1,0,0,0,0,0,4,4,1,['Circle' 'Blockchain' 'Coinbase' 'Electrum'],Circle,0,0,0,1,1,0,0,0,0,0,1,0,0,1,0,0,0,1,1
2281,Coinbase,0,0,1,1,1,1,0,1,0,0,1,1,0,1,1,1,1,1,0,0,1,2,4,2,['Blockchain' 'Circle' 'Electrum' 'Coinbase'],Blockchain,1,0,0,0,0,0,0,1,0,1,0,0,0,0,1,0,1,0,1
2282,Coinbase,0,0,1,1,1,1,1,0,0,1,0,0,1,0,0,1,0,1,0,1,0,5,5,5,['Circle' 'Electrum' 'Blockchain' 'Coinbase'],Circle,0,0,0,1,0,1,0,0,1,0,0,0,0,0,1,0,0,1,1
2283,Coinbase,0,0,1,1,1,1,1,0,0,1,0,1,1,1,1,0,0,0,0,1,0,4,5,1,['Coinbase' 'Blockchain' 'Electrum' 'Circle'],Coinbase,0,0,1,0,1,0,0,0,0,1,0,0,0,0,0,1,0,1,1
2284,Blockchain,1,0,0,0,4,0,0,1,1,0,0,0,1,1,0,1,0,0,0,1,1,2,4,1,['Electrum' 'Coinbase' 'Circle' 'Blockchain'],Electrum,0,1,0,0,0,0,1,0,0,0,0,1,1,0,0,0,1,0,0
2285,Circle,0,0,1,1,2,0,1,1,1,1,0,0,1,0,0,0,1,1,1,0,0,2,1,4,['Coinbase' 'Blockchain' 'Electrum' 'Circle'],Coinbase,0,0,1,0,1,0,0,0,0,1,0,0,0,0,0,1,0,1,1
2286,Coinbase,0,0,1,1,1,0,1,1,0,0,1,0,0,1,0,1,0,1,0,0,1,4,3,5,['Coinbase' 'Electrum' 'Circle' 'Blockchain'],Coinbase,0,0,1,0,0,1,0,0,0,0,0,1,1,0,0,0,0,1,1
2287,Electrum,1,1,0,0,2,1,0,0,1,0,1,1,0,0,0,1,0,1,0,0,1,2,2,2,['Electrum' 'Coinbase' 'Blockchain' 'Circle'],Electrum,0,1,0,0,0,0,1,0,1,0,0,0,0,0,0,1,1,0,0
2288,Circle,0,0,1,1,4,1,0,0,0,1,1,1,0,0,1,0,1,1,1,0,1,3,5,2,['Blockchain' 'Electrum' 'Circle' 'Coinbase'],Blockchain,1,0,0,0,0,1,0,0,0,0,0,1,0,0,1,0,1,0,1
2289,Blockchain,1,0,0,0,1,0,0,1,1,0,1,1,0,1,0,1,0,1,1,0,0,2,5,4,['Coinbase' 'Blockchain' 'Circle' 'Electrum'],Coinbase,0,0,1,0,1,0,0,0,0,0,0,1,0,1,0,0,0,1,1
2290,Coinbase,0,0,1,1,3,1,0,1,1,0,1,1,0,1,0,1,0,0,0,0,1,3,5,2,['Blockchain' 'Electrum' 'Coinbase' 'Circle'],Blockchain,1,0,0,0,0,1,0,0,0,0,1,0,0,0,0,1,1,0,1
2291,Circle,0,0,1,1,2,0,0,1,1,1,1,1,0,0,0,0,0,1,1,1,0,2,1,5,['Blockchain' 'Circle' 'Coinbase' 'Electrum'],Blockchain,1,0,0,0,0,0,0,1,0,0,1,0,0,1,0,0,1,0,1
2292,Electrum,1,1,0,0,2,1,0,1,0,1,1,0,0,0,1,1,1,1,0,1,1,5,4,4,['Electrum' 'Circle' 'Blockchain' 'Coinbase'],Electrum,0,1,0,0,0,0,0,1,1,0,0,0,0,0,1,0,1,0,0
2293,Electrum,1,1,0,0,2,1,0,0,0,1,1,1,0,1,0,1,0,1,1,0,0,2,2,1,['Coinbase' 'Electrum' 'Blockchain' 'Circle'],Coinbase,0,0,1,0,0,1,0,0,1,0,0,0,0,0,0,1,0,1,1
2294,Circle,0,0,1,1,3,1,1,1,1,1,1,1,0,0,0,1,1,1,1,1,0,3,3,5,['Electrum' 'Circle' 'Blockchain' 'Coinbase'],Electrum,0,1,0,0,0,0,0,1,1,0,0,0,0,0,1,0,1,0,0
2295,Blockchain,1,0,0,0,4,1,1,1,1,1,1,0,1,1,1,0,0,1,0,1,0,2,4,4,['Blockchain' 'Circle' 'Coinbase' 'Electrum'],Blockchain,1,0,0,0,0,0,0,1,0,0,1,0,0,1,0,0,1,0,1
2296,Blockchain,1,0,0,0,1,1,1,0,1,0,0,0,0,1,0,1,0,1,1,1,0,1,5,3,['Electrum' 'Circle' 'Coinbase' 'Blockchain'],Electrum,0,1,0,0,0,0,0,1,0,0,1,0,1,0,0,0,1,0,0
2297,Blockchain,1,0,0,0,2,1,1,0,0,0,0,0,1,1,1,1,0,0,1,0,1,3,1,1,['Coinbase' 'Blockchain' 'Electrum' 'Circle'],Coinbase,0,0,1,0,1,0,0,0,0,1,0,0,0,0,0,1,0,1,1
2298,Coinbase,0,0,1,1,4,0,0,0,1,0,1,0,1,1,1,1,1,1,1,0,0,1,1,2,['Coinbase' 'Electrum' 'Blockchain' 'Circle'],Coinbase,0,0,1,0,0,1,0,0,1,0,0,0,0,0,0,1,0,1,1
2299,Blockchain,1,0,0,0,3,0,0,0,1,1,0,0,1,1,0,0,1,0,1,1,1,5,3,3,['Coinbase' 'Circle' 'Electrum' 'Blockchain'],Coinbase,0,0,1,0,0,0,0,1,0,1,0,0,1,0,0,0,0,1,1
2300,Electrum,1,1,0,0,1,0,1,1,1,0,1,1,0,1,1,1,0,0,0,0,1,1,1,2,['Circle' 'Electrum' 'Blockchain' 'Coinbase'],Circle,0,0,0,1,0,1,0,0,1,0,0,0,0,0,1,0,0,1,1
2301,Circle,0,0,1,1,4,0,0,1,1,0,0,0,0,1,0,0,1,0,1,1,0,3,1,4,['Circle' 'Coinbase' 'Electrum' 'Blockchain'],Circle,0,0,0,1,0,0,1,0,0,1,0,0,1,0,0,0,0,1,1
2302,Circle,0,0,1,1,1,0,0,0,0,0,0,0,1,1,1,1,1,1,1,1,0,4,2,4,['Circle' 'Coinbase' 'Blockchain' 'Electrum'],Circle,0,0,0,1,0,0,1,0,1,0,0,0,0,1,0,0,0,1,1
2303,Electrum,1,1,0,0,4,1,0,1,1,1,1,0,1,1,1,0,1,0,1,1,1,2,2,5,['Circle' 'Coinbase' 'Blockchain' 'Electrum'],Circle,0,0,0,1,0,0,1,0,1,0,0,0,0,1,0,0,0,1,1
2304,Circle,0,0,1,1,1,0,0,0,1,0,1,1,0,0,1,0,0,0,1,1,1,1,3,5,['Blockchain' 'Electrum' 'Circle' 'Coinbase'],Blockchain,1,0,0,0,0,1,0,0,0,0,0,1,0,0,1,0,1,0,1
2305,Coinbase,0,0,1,1,4,1,1,1,1,1,0,0,0,0,1,1,0,1,1,0,1,3,1,4,['Blockchain' 'Circle' 'Electrum' 'Coinbase'],Blockchain,1,0,0,0,0,0,0,1,0,1,0,0,0,0,1,0,1,0,1
2306,Electrum,1,1,0,0,3,1,0,1,1,1,0,1,1,1,0,0,1,0,1,1,0,5,3,1,['Electrum' 'Coinbase' 'Circle' 'Blockchain'],Electrum,0,1,0,0,0,0,1,0,0,0,0,1,1,0,0,0,1,0,0
2307,Electrum,1,1,0,0,3,0,1,1,0,1,0,1,1,1,1,1,1,0,0,1,1,5,4,4,['Blockchain' 'Electrum' 'Coinbase' 'Circle'],Blockchain,1,0,0,0,0,1,0,0,0,0,1,0,0,0,0,1,1,0,1
2308,Electrum,1,1,0,0,2,1,0,1,0,0,0,1,0,1,1,0,0,1,0,0,0,3,5,1,['Circle' 'Electrum' 'Blockchain' 'Coinbase'],Circle,0,0,0,1,0,1,0,0,1,0,0,0,0,0,1,0,0,1,1
2309,Coinbase,0,0,1,1,4,1,1,0,0,0,0,0,0,1,1,0,0,1,1,1,0,3,4,2,['Blockchain' 'Electrum' 'Circle' 'Coinbase'],Blockchain,1,0,0,0,0,1,0,0,0,0,0,1,0,0,1,0,1,0,1
2310,Coinbase,0,0,1,1,3,1,0,0,0,0,0,1,1,1,0,0,1,1,1,1,0,5,5,5,['Electrum' 'Coinbase' 'Blockchain' 'Circle'],Electrum,0,1,0,0,0,0,1,0,1,0,0,0,0,0,0,1,1,0,0
2311,Blockchain,1,0,0,0,1,1,1,1,0,0,1,1,0,1,0,0,1,0,0,0,1,1,1,2,['Electrum' 'Circle' 'Blockchain' 'Coinbase'],Electrum,0,1,0,0,0,0,0,1,1,0,0,0,0,0,1,0,1,0,0
2312,Circle,0,0,1,1,3,1,0,0,0,1,1,0,1,0,0,1,0,0,0,1,1,4,1,5,['Coinbase' 'Blockchain' 'Circle' 'Electrum'],Coinbase,0,0,1,0,1,0,0,0,0,0,0,1,0,1,0,0,0,1,1
2313,Electrum,1,1,0,0,2,0,0,1,1,1,0,1,0,1,0,0,1,0,0,0,0,2,2,4,['Blockchain' 'Coinbase' 'Electrum' 'Circle'],Blockchain,1,0,0,0,0,0,1,0,0,1,0,0,0,0,0,1,1,0,1
2314,Electrum,1,1,0,0,4,1,0,0,1,1,1,0,1,0,0,0,1,0,1,1,0,3,1,2,['Circle' 'Blockchain' 'Electrum' 'Coinbase'],Circle,0,0,0,1,1,0,0,0,0,1,0,0,0,0,1,0,0,1,1
2315,Electrum,1,1,0,0,2,0,0,0,0,1,0,0,0,0,1,1,1,0,0,1,0,5,5,1,['Circle' 'Coinbase' 'Electrum' 'Blockchain'],Circle,0,0,0,1,0,0,1,0,0,1,0,0,1,0,0,0,0,1,1
2316,Circle,0,0,1,1,1,1,1,1,0,1,0,0,0,1,1,0,1,1,1,1,0,5,3,3,['Blockchain' 'Electrum' 'Circle' 'Coinbase'],Blockchain,1,0,0,0,0,1,0,0,0,0,0,1,0,0,1,0,1,0,1
2317,Electrum,1,1,0,0,2,0,0,1,0,1,0,0,1,1,0,0,0,1,0,1,0,4,1,5,['Coinbase' 'Blockchain' 'Circle' 'Electrum'],Coinbase,0,0,1,0,1,0,0,0,0,0,0,1,0,1,0,0,0,1,1
2318,Coinbase,0,0,1,1,4,1,0,1,1,1,1,1,1,1,1,0,1,0,0,0,0,1,4,1,['Circle' 'Coinbase' 'Blockchain' 'Electrum'],Circle,0,0,0,1,0,0,1,0,1,0,0,0,0,1,0,0,0,1,1
2319,Circle,0,0,1,1,2,0,1,1,1,0,1,1,1,0,0,0,1,0,1,1,0,3,1,1,['Coinbase' 'Electrum' 'Circle' 'Blockchain'],Coinbase,0,0,1,0,0,1,0,0,0,0,0,1,1,0,0,0,0,1,1
2320,Electrum,1,1,0,0,2,1,1,0,0,1,0,0,0,1,0,0,1,1,1,0,0,5,3,1,['Blockchain' 'Circle' 'Electrum' 'Coinbase'],Blockchain,1,0,0,0,0,0,0,1,0,1,0,0,0,0,1,0,1,0,1
2321,Electrum,1,1,0,0,3,1,0,0,1,1,1,0,0,1,1,0,0,1,1,1,1,3,4,1,['Blockchain' 'Coinbase' 'Electrum' 'Circle'],Blockchain,1,0,0,0,0,0,1,0,0,1,0,0,0,0,0,1,1,0,1
2322,Blockchain,1,0,0,0,2,1,0,1,1,1,1,1,0,1,1,0,0,1,0,1,1,4,5,3,['Electrum' 'Coinbase' 'Blockchain' 'Circle'],Electrum,0,1,0,0,0,0,1,0,1,0,0,0,0,0,0,1,1,0,0
2323,Blockchain,1,0,0,0,2,1,1,0,1,1,1,0,0,0,1,0,0,1,0,0,0,4,1,2,['Blockchain' 'Coinbase' 'Circle' 'Electrum'],Blockchain,1,0,0,0,0,0,1,0,0,0,0,1,0,1,0,0,1,0,1
2324,Coinbase,0,0,1,1,2,0,0,1,1,1,0,0,1,1,1,0,1,1,1,0,0,2,3,4,['Blockchain' 'Circle' 'Coinbase' 'Electrum'],Blockchain,1,0,0,0,0,0,0,1,0,0,1,0,0,1,0,0,1,0,1
2325,Coinbase,0,0,1,1,1,1,1,1,1,1,1,0,0,0,1,0,1,1,0,1,1,4,3,5,['Circle' 'Coinbase' 'Blockchain' 'Electrum'],Circle,0,0,0,1,0,0,1,0,1,0,0,0,0,1,0,0,0,1,1
2326,Electrum,1,1,0,0,1,1,0,0,1,0,1,1,0,1,1,0,1,0,1,0,0,4,4,1,['Coinbase' 'Circle' 'Electrum' 'Blockchain'],Coinbase,0,0,1,0,0,0,0,1,0,1,0,0,1,0,0,0,0,1,1
2327,Blockchain,1,0,0,0,1,0,0,0,1,0,0,1,0,0,1,0,1,0,1,0,1,1,1,3,['Coinbase' 'Blockchain' 'Circle' 'Electrum'],Coinbase,0,0,1,0,1,0,0,0,0,0,0,1,0,1,0,0,0,1,1
2328,Electrum,1,1,0,0,4,0,1,1,1,0,1,0,0,1,0,0,1,1,0,0,0,3,5,4,['Coinbase' 'Electrum' 'Blockchain' 'Circle'],Coinbase,0,0,1,0,0,1,0,0,1,0,0,0,0,0,0,1,0,1,1
2329,Blockchain,1,0,0,0,2,1,1,1,0,0,1,1,0,1,0,0,1,1,1,0,0,2,1,2,['Coinbase' 'Blockchain' 'Electrum' 'Circle'],Coinbase,0,0,1,0,1,0,0,0,0,1,0,0,0,0,0,1,0,1,1
2330,Circle,0,0,1,1,4,1,0,0,1,1,0,0,0,0,1,0,1,0,0,1,0,2,5,2,['Coinbase' 'Circle' 'Electrum' 'Blockchain'],Coinbase,0,0,1,0,0,0,0,1,0,1,0,0,1,0,0,0,0,1,1
2331,Circle,0,0,1,1,2,1,1,1,0,0,0,1,0,0,0,0,0,0,0,0,0,5,4,2,['Blockchain' 'Electrum' 'Coinbase' 'Circle'],Blockchain,1,0,0,0,0,1,0,0,0,0,1,0,0,0,0,1,1,0,1
2332,Blockchain,1,0,0,0,4,1,0,1,0,1,0,0,1,0,1,0,1,1,0,1,1,4,1,1,['Circle' 'Blockchain' 'Coinbase' 'Electrum'],Circle,0,0,0,1,1,0,0,0,0,0,1,0,0,1,0,0,0,1,1
2333,Coinbase,0,0,1,1,1,1,0,0,1,0,1,1,1,0,0,1,0,1,0,1,0,3,5,4,['Circle' 'Blockchain' 'Electrum' 'Coinbase'],Circle,0,0,0,1,1,0,0,0,0,1,0,0,0,0,1,0,0,1,1
2334,Coinbase,0,0,1,1,4,1,1,0,1,1,1,1,0,0,0,0,1,1,1,1,0,1,5,4,['Blockchain' 'Circle' 'Electrum' 'Coinbase'],Blockchain,1,0,0,0,0,0,0,1,0,1,0,0,0,0,1,0,1,0,1
2335,Blockchain,1,0,0,0,3,0,1,1,0,1,1,1,1,0,0,1,0,1,1,1,1,4,2,3,['Electrum' 'Circle' 'Blockchain' 'Coinbase'],Electrum,0,1,0,0,0,0,0,1,1,0,0,0,0,0,1,0,1,0,0
2336,Blockchain,1,0,0,0,1,0,1,1,1,1,0,1,0,0,1,1,1,1,1,1,0,3,5,2,['Circle' 'Electrum' 'Coinbase' 'Blockchain'],Circle,0,0,0,1,0,1,0,0,0,0,1,0,1,0,0,0,0,1,1
2337,Circle,0,0,1,1,3,1,0,1,1,1,0,1,1,1,0,0,0,1,1,0,0,1,1,5,['Coinbase' 'Blockchain' 'Circle' 'Electrum'],Coinbase,0,0,1,0,1,0,0,0,0,0,0,1,0,1,0,0,0,1,1
2338,Blockchain,1,0,0,0,4,0,1,0,0,0,1,1,0,0,0,1,0,1,0,0,0,4,4,4,['Coinbase' 'Blockchain' 'Circle' 'Electrum'],Coinbase,0,0,1,0,1,0,0,0,0,0,0,1,0,1,0,0,0,1,1
2339,Blockchain,1,0,0,0,2,1,0,1,0,1,0,0,1,0,1,0,0,1,0,0,1,2,3,5,['Blockchain' 'Circle' 'Coinbase' 'Electrum'],Blockchain,1,0,0,0,0,0,0,1,0,0,1,0,0,1,0,0,1,0,1
2340,Electrum,1,1,0,0,3,0,0,1,0,1,0,1,0,0,0,1,1,0,1,1,0,5,1,2,['Electrum' 'Coinbase' 'Blockchain' 'Circle'],Electrum,0,1,0,0,0,0,1,0,1,0,0,0,0,0,0,1,1,0,0
2341,Circle,0,0,1,1,1,0,0,1,1,0,1,0,1,0,1,0,1,1,0,0,0,1,2,1,['Electrum' 'Blockchain' 'Circle' 'Coinbase'],Electrum,0,1,0,0,1,0,0,0,0,0,0,1,0,0,1,0,1,0,0
2342,Blockchain,1,0,0,0,3,1,0,0,0,1,1,1,0,1,1,0,1,0,0,0,1,1,2,5,['Coinbase' 'Blockchain' 'Electrum' 'Circle'],Coinbase,0,0,1,0,1,0,0,0,0,1,0,0,0,0,0,1,0,1,1
2343,Coinbase,0,0,1,1,3,1,0,0,1,1,0,1,0,1,0,1,0,0,1,0,1,2,5,2,['Circle' 'Coinbase' 'Blockchain' 'Electrum'],Circle,0,0,0,1,0,0,1,0,1,0,0,0,0,1,0,0,0,1,1
2344,Electrum,1,1,0,0,3,1,1,1,1,1,1,1,1,0,0,1,0,0,1,1,0,4,2,1,['Coinbase' 'Electrum' 'Blockchain' 'Circle'],Coinbase,0,0,1,0,0,1,0,0,1,0,0,0,0,0,0,1,0,1,1
2345,Coinbase,0,0,1,1,4,1,1,0,0,1,0,1,0,0,1,1,0,0,1,1,0,3,5,5,['Electrum' 'Coinbase' 'Blockchain' 'Circle'],Electrum,0,1,0,0,0,0,1,0,1,0,0,0,0,0,0,1,1,0,0
2346,Electrum,1,1,0,0,1,0,1,0,1,0,0,0,1,0,0,0,0,1,0,1,1,4,4,5,['Circle' 'Electrum' 'Coinbase' 'Blockchain'],Circle,0,0,0,1,0,1,0,0,0,0,1,0,1,0,0,0,0,1,1
2347,Coinbase,0,0,1,1,4,0,1,0,0,1,1,1,1,0,0,1,0,0,0,0,0,2,4,3,['Electrum' 'Circle' 'Coinbase' 'Blockchain'],Electrum,0,1,0,0,0,0,0,1,0,0,1,0,1,0,0,0,1,0,0
2348,Circle,0,0,1,1,4,1,0,0,1,1,1,1,0,1,0,1,0,0,1,1,1,4,2,5,['Coinbase' 'Circle' 'Electrum' 'Blockchain'],Coinbase,0,0,1,0,0,0,0,1,0,1,0,0,1,0,0,0,0,1,1
2349,Coinbase,0,0,1,1,2,1,1,0,1,0,0,0,1,1,0,1,0,1,0,0,1,2,5,2,['Circle' 'Blockchain' 'Coinbase' 'Electrum'],Circle,0,0,0,1,1,0,0,0,0,0,1,0,0,1,0,0,0,1,1
2350,Coinbase,0,0,1,1,1,1,0,0,1,0,0,0,1,0,0,0,1,1,0,1,0,1,1,1,['Electrum' 'Coinbase' 'Blockchain' 'Circle'],Electrum,0,1,0,0,0,0,1,0,1,0,0,0,0,0,0,1,1,0,0
2351,Blockchain,1,0,0,0,2,0,1,0,1,1,0,1,1,1,1,1,1,0,0,0,1,5,3,1,['Circle' 'Coinbase' 'Electrum' 'Blockchain'],Circle,0,0,0,1,0,0,1,0,0,1,0,0,1,0,0,0,0,1,1
2352,Electrum,1,1,0,0,2,1,1,1,1,0,1,0,0,1,1,0,1,0,1,0,0,1,4,2,['Coinbase' 'Electrum' 'Circle' 'Blockchain'],Coinbase,0,0,1,0,0,1,0,0,0,0,0,1,1,0,0,0,0,1,1
2353,Coinbase,0,0,1,1,2,0,1,1,1,0,1,1,1,0,0,0,0,1,1,1,0,2,2,1,['Electrum' 'Circle' 'Coinbase' 'Blockchain'],Electrum,0,1,0,0,0,0,0,1,0,0,1,0,1,0,0,0,1,0,0
2354,Electrum,1,1,0,0,1,1,1,0,0,0,1,0,1,1,0,1,0,1,1,1,0,2,5,3,['Blockchain' 'Circle' 'Coinbase' 'Electrum'],Blockchain,1,0,0,0,0,0,0,1,0,0,1,0,0,1,0,0,1,0,1
2355,Electrum,1,1,0,0,3,1,1,1,1,0,1,0,1,0,0,0,0,1,1,0,0,5,1,1,['Circle' 'Blockchain' 'Coinbase' 'Electrum'],Circle,0,0,0,1,1,0,0,0,0,0,1,0,0,1,0,0,0,1,1
2356,Circle,0,0,1,1,4,0,1,0,0,1,1,1,1,1,0,1,1,0,1,1,0,5,4,2,['Electrum' 'Blockchain' 'Circle' 'Coinbase'],Electrum,0,1,0,0,1,0,0,0,0,0,0,1,0,0,1,0,1,0,0
2357,Blockchain,1,0,0,0,3,0,0,1,0,0,0,1,0,0,1,1,0,1,1,0,0,5,3,5,['Blockchain' 'Electrum' 'Coinbase' 'Circle'],Blockchain,1,0,0,0,0,1,0,0,0,0,1,0,0,0,0,1,1,0,1
2358,Circle,0,0,1,1,2,0,0,0,0,1,1,0,1,1,1,0,0,1,0,0,1,5,2,4,['Coinbase' 'Electrum' 'Circle' 'Blockchain'],Coinbase,0,0,1,0,0,1,0,0,0,0,0,1,1,0,0,0,0,1,1
2359,Blockchain,1,0,0,0,2,1,0,1,0,0,0,0,1,0,0,1,1,0,0,1,1,1,2,5,['Electrum' 'Circle' 'Coinbase' 'Blockchain'],Electrum,0,1,0,0,0,0,0,1,0,0,1,0,1,0,0,0,1,0,0
2360,Blockchain,1,0,0,0,1,1,1,1,0,1,1,1,1,1,1,0,1,1,1,1,1,3,1,4,['Circle' 'Electrum' 'Coinbase' 'Blockchain'],Circle,0,0,0,1,0,1,0,0,0,0,1,0,1,0,0,0,0,1,1
2361,Electrum,1,1,0,0,1,1,1,0,0,1,0,0,1,1,1,0,1,0,1,0,0,3,2,3,['Circle' 'Coinbase' 'Electrum' 'Blockchain'],Circle,0,0,0,1,0,0,1,0,0,1,0,0,1,0,0,0,0,1,1
2362,Blockchain,1,0,0,0,4,1,1,1,0,1,0,1,0,1,1,0,1,1,0,0,1,5,5,2,['Electrum' 'Circle' 'Blockchain' 'Coinbase'],Electrum,0,1,0,0,0,0,0,1,1,0,0,0,0,0,1,0,1,0,0
2363,Coinbase,0,0,1,1,1,0,1,1,1,0,1,0,1,0,1,0,0,1,1,1,0,3,2,5,['Electrum' 'Blockchain' 'Coinbase' 'Circle'],Electrum,0,1,0,0,1,0,0,0,0,0,1,0,0,0,0,1,1,0,0
2364,Electrum,1,1,0,0,2,1,0,0,0,0,0,1,0,0,1,1,0,1,0,0,1,2,3,4,['Coinbase' 'Electrum' 'Circle' 'Blockchain'],Coinbase,0,0,1,0,0,1,0,0,0,0,0,1,1,0,0,0,0,1,1
2365,Circle,0,0,1,1,4,0,0,0,0,0,0,0,0,1,1,1,1,0,1,0,0,1,1,3,['Circle' 'Coinbase' 'Blockchain' 'Electrum'],Circle,0,0,0,1,0,0,1,0,1,0,0,0,0,1,0,0,0,1,1
2366,Electrum,1,1,0,0,4,0,1,0,0,1,1,1,0,0,1,0,1,0,0,0,1,2,4,4,['Blockchain' 'Coinbase' 'Electrum' 'Circle'],Blockchain,1,0,0,0,0,0,1,0,0,1,0,0,0,0,0,1,1,0,1
2367,Electrum,1,1,0,0,3,1,1,1,1,0,1,0,0,0,1,1,0,1,0,1,1,2,1,4,['Blockchain' 'Electrum' 'Circle' 'Coinbase'],Blockchain,1,0,0,0,0,1,0,0,0,0,0,1,0,0,1,0,1,0,1
2368,Blockchain,1,0,0,0,4,1,1,0,0,1,0,0,1,0,0,0,1,0,0,0,0,4,3,1,['Blockchain' 'Circle' 'Coinbase' 'Electrum'],Blockchain,1,0,0,0,0,0,0,1,0,0,1,0,0,1,0,0,1,0,1
2369,Electrum,1,1,0,0,1,0,1,0,0,0,0,0,1,0,0,1,1,0,1,0,1,3,2,3,['Coinbase' 'Electrum' 'Blockchain' 'Circle'],Coinbase,0,0,1,0,0,1,0,0,1,0,0,0,0,0,0,1,0,1,1
2370,Circle,0,0,1,1,1,0,1,0,0,0,0,1,0,0,0,0,0,1,0,0,1,3,1,2,['Coinbase' 'Circle' 'Blockchain' 'Electrum'],Coinbase,0,0,1,0,0,0,0,1,1,0,0,0,0,1,0,0,0,1,1
2371,Coinbase,0,0,1,1,2,0,1,0,0,1,1,0,1,0,0,1,0,1,0,0,0,4,3,3,['Circle' 'Electrum' 'Blockchain' 'Coinbase'],Circle,0,0,0,1,0,1,0,0,1,0,0,0,0,0,1,0,0,1,1
2372,Circle,0,0,1,1,3,1,1,0,1,0,1,0,1,1,1,1,1,1,1,1,0,1,2,1,['Coinbase' 'Electrum' 'Circle' 'Blockchain'],Coinbase,0,0,1,0,0,1,0,0,0,0,0,1,1,0,0,0,0,1,1
2373,Circle,0,0,1,1,1,0,1,1,0,0,0,1,1,1,1,1,1,1,1,0,0,1,4,4,['Blockchain' 'Electrum' 'Circle' 'Coinbase'],Blockchain,1,0,0,0,0,1,0,0,0,0,0,1,0,0,1,0,1,0,1
2374,Circle,0,0,1,1,2,1,0,0,1,1,0,1,1,1,1,0,1,1,1,1,0,4,1,2,['Electrum' 'Blockchain' 'Circle' 'Coinbase'],Electrum,0,1,0,0,1,0,0,0,0,0,0,1,0,0,1,0,1,0,0
2375,Blockchain,1,0,0,0,2,1,1,1,0,0,0,1,0,0,1,1,0,1,1,0,0,1,5,1,['Coinbase' 'Electrum' 'Circle' 'Blockchain'],Coinbase,0,0,1,0,0,1,0,0,0,0,0,1,1,0,0,0,0,1,1
2376,Electrum,1,1,0,0,3,1,0,1,0,1,1,1,1,0,0,0,0,1,1,0,1,5,3,2,['Blockchain' 'Coinbase' 'Circle' 'Electrum'],Blockchain,1,0,0,0,0,0,1,0,0,0,0,1,0,1,0,0,1,0,1
2377,Coinbase,0,0,1,1,4,1,1,1,1,1,1,1,0,1,0,1,1,0,0,1,0,5,4,4,['Circle' 'Electrum' 'Coinbase' 'Blockchain'],Circle,0,0,0,1,0,1,0,0,0,0,1,0,1,0,0,0,0,1,1
2378,Electrum,1,1,0,0,2,1,0,1,0,0,0,0,1,1,1,1,0,1,0,0,0,2,1,5,['Electrum' 'Coinbase' 'Circle' 'Blockchain'],Electrum,0,1,0,0,0,0,1,0,0,0,0,1,1,0,0,0,1,0,0
2379,Circle,0,0,1,1,3,0,1,0,0,0,0,1,0,1,1,0,0,0,1,1,0,3,2,5,['Electrum' 'Circle' 'Coinbase' 'Blockchain'],Electrum,0,1,0,0,0,0,0,1,0,0,1,0,1,0,0,0,1,0,0
2380,Blockchain,1,0,0,0,3,0,0,0,0,0,1,1,0,1,0,0,0,1,0,0,1,3,1,2,['Circle' 'Electrum' 'Blockchain' 'Coinbase'],Circle,0,0,0,1,0,1,0,0,1,0,0,0,0,0,1,0,0,1,1
2381,Electrum,1,1,0,0,1,1,0,1,1,1,1,0,1,1,0,1,1,1,1,0,1,5,1,1,['Circle' 'Electrum' 'Coinbase' 'Blockchain'],Circle,0,0,0,1,0,1,0,0,0,0,1,0,1,0,0,0,0,1,1
2382,Circle,0,0,1,1,2,1,0,1,1,1,0,1,1,0,0,1,0,1,0,1,1,2,4,3,['Electrum' 'Coinbase' 'Blockchain' 'Circle'],Electrum,0,1,0,0,0,0,1,0,1,0,0,0,0,0,0,1,1,0,0
2383,Blockchain,1,0,0,0,3,0,1,0,1,0,0,0,1,1,0,1,0,0,1,0,1,2,5,4,['Coinbase' 'Electrum' 'Circle' 'Blockchain'],Coinbase,0,0,1,0,0,1,0,0,0,0,0,1,1,0,0,0,0,1,1
2384,Circle,0,0,1,1,4,1,0,0,1,1,1,0,0,1,1,1,0,1,1,0,0,1,2,1,['Circle' 'Blockchain' 'Electrum' 'Coinbase'],Circle,0,0,0,1,1,0,0,0,0,1,0,0,0,0,1,0,0,1,1
2385,Electrum,1,1,0,0,2,0,1,0,1,0,1,1,1,0,1,1,0,1,1,1,0,2,4,5,['Blockchain' 'Coinbase' 'Electrum' 'Circle'],Blockchain,1,0,0,0,0,0,1,0,0,1,0,0,0,0,0,1,1,0,1
2386,Blockchain,1,0,0,0,2,0,0,1,1,1,0,1,0,0,1,1,1,0,0,0,1,1,4,3,['Electrum' 'Blockchain' 'Coinbase' 'Circle'],Electrum,0,1,0,0,1,0,0,0,0,0,1,0,0,0,0,1,1,0,0
2387,Coinbase,0,0,1,1,2,0,0,1,1,0,0,1,1,1,0,1,1,1,0,0,1,5,4,1,['Blockchain' 'Electrum' 'Coinbase' 'Circle'],Blockchain,1,0,0,0,0,1,0,0,0,0,1,0,0,0,0,1,1,0,1
2388,Coinbase,0,0,1,1,3,0,0,1,0,0,1,1,0,0,1,0,0,0,1,0,0,5,2,1,['Blockchain' 'Circle' 'Electrum' 'Coinbase'],Blockchain,1,0,0,0,0,0,0,1,0,1,0,0,0,0,1,0,1,0,1
2389,Coinbase,0,0,1,1,4,0,1,0,1,1,1,1,0,0,1,0,0,0,0,1,0,5,2,1,['Electrum' 'Circle' 'Blockchain' 'Coinbase'],Electrum,0,1,0,0,0,0,0,1,1,0,0,0,0,0,1,0,1,0,0
2390,Circle,0,0,1,1,4,0,0,0,0,0,0,1,1,0,1,1,0,0,0,1,1,2,1,1,['Electrum' 'Coinbase' 'Blockchain' 'Circle'],Electrum,0,1,0,0,0,0,1,0,1,0,0,0,0,0,0,1,1,0,0
2391,Coinbase,0,0,1,1,3,1,1,0,1,1,1,0,1,1,1,1,0,1,1,1,0,2,1,3,['Electrum' 'Circle' 'Coinbase' 'Blockchain'],Electrum,0,1,0,0,0,0,0,1,0,0,1,0,1,0,0,0,1,0,0
2392,Blockchain,1,0,0,0,4,0,0,0,0,1,0,1,0,0,1,1,1,0,1,1,1,3,4,4,['Coinbase' 'Circle' 'Electrum' 'Blockchain'],Coinbase,0,0,1,0,0,0,0,1,0,1,0,0,1,0,0,0,0,1,1
2393,Blockchain,1,0,0,0,2,1,0,0,1,1,1,1,0,0,1,1,1,1,0,0,1,2,1,1,['Electrum' 'Circle' 'Coinbase' 'Blockchain'],Electrum,0,1,0,0,0,0,0,1,0,0,1,0,1,0,0,0,1,0,0
2394,Blockchain,1,0,0,0,2,0,1,0,1,0,1,0,1,1,0,0,0,0,1,0,0,4,5,2,['Circle' 'Blockchain' 'Electrum' 'Coinbase'],Circle,0,0,0,1,1,0,0,0,0,1,0,0,0,0,1,0,0,1,1
2395,Circle,0,0,1,1,2,1,0,0,0,1,0,1,1,1,0,1,0,0,1,1,0,2,1,1,['Circle' 'Coinbase' 'Blockchain' 'Electrum'],Circle,0,0,0,1,0,0,1,0,1,0,0,0,0,1,0,0,0,1,1
2396,Electrum,1,1,0,0,2,1,1,0,0,0,0,0,0,0,1,1,0,1,0,0,1,2,3,4,['Electrum' 'Blockchain' 'Coinbase' 'Circle'],Electrum,0,1,0,0,1,0,0,0,0,0,1,0,0,0,0,1,1,0,0
2397,Coinbase,0,0,1,1,1,1,1,0,1,0,1,1,0,1,1,0,1,1,1,0,1,1,1,2,['Circle' 'Blockchain' 'Electrum' 'Coinbase'],Circle,0,0,0,1,1,0,0,0,0,1,0,0,0,0,1,0,0,1,1
2398,Circle,0,0,1,1,2,1,0,0,1,0,1,1,1,1,1,1,1,1,0,0,0,2,5,3,['Electrum' 'Coinbase' 'Circle' 'Blockchain'],Electrum,0,1,0,0,0,0,1,0,0,0,0,1,1,0,0,0,1,0,0
2399,Coinbase,0,0,1,1,1,0,1,0,1,1,1,1,0,0,1,0,1,1,0,1,0,3,2,1,['Blockchain' 'Electrum' 'Circle' 'Coinbase'],Blockchain,1,0,0,0,0,1,0,0,0,0,0,1,0,0,1,0,1,0,1
2400,Coinbase,0,0,1,1,4,1,0,1,1,0,0,1,0,1,1,1,0,1,1,0,1,1,3,4,['Electrum' 'Blockchain' 'Circle' 'Coinbase'],Electrum,0,1,0,0,1,0,0,0,0,0,0,1,0,0,1,0,1,0,0
2401,Blockchain,1,0,0,0,1,0,1,1,1,0,1,0,1,0,1,0,1,0,1,1,1,2,2,5,['Coinbase' 'Blockchain' 'Electrum' 'Circle'],Coinbase,0,0,1,0,1,0,0,0,0,1,0,0,0,0,0,1,0,1,1
2402,Circle,0,0,1,1,2,1,0,1,1,0,0,1,1,1,1,1,1,1,0,0,0,4,5,3,['Coinbase' 'Circle' 'Blockchain' 'Electrum'],Coinbase,0,0,1,0,0,0,0,1,1,0,0,0,0,1,0,0,0,1,1
2403,Electrum,1,1,0,0,4,0,1,1,1,1,0,1,0,0,1,1,0,0,0,1,0,1,4,5,['Coinbase' 'Electrum' 'Circle' 'Blockchain'],Coinbase,0,0,1,0,0,1,0,0,0,0,0,1,1,0,0,0,0,1,1
2404,Blockchain,1,0,0,0,3,0,0,0,1,1,0,0,1,1,0,0,0,1,1,0,1,3,5,2,['Electrum' 'Coinbase' 'Circle' 'Blockchain'],Electrum,0,1,0,0,0,0,1,0,0,0,0,1,1,0,0,0,1,0,0
2405,Electrum,1,1,0,0,4,0,0,1,1,0,0,0,0,0,0,1,0,0,1,1,0,3,1,2,['Blockchain' 'Coinbase' 'Circle' 'Electrum'],Blockchain,1,0,0,0,0,0,1,0,0,0,0,1,0,1,0,0,1,0,1
2406,Coinbase,0,0,1,1,2,0,0,0,1,0,1,1,0,1,1,1,0,1,0,0,0,3,4,4,['Circle' 'Blockchain' 'Coinbase' 'Electrum'],Circle,0,0,0,1,1,0,0,0,0,0,1,0,0,1,0,0,0,1,1
2407,Coinbase,0,0,1,1,3,0,0,0,1,1,0,1,1,1,1,0,0,1,1,1,1,1,1,2,['Blockchain' 'Electrum' 'Circle' 'Coinbase'],Blockchain,1,0,0,0,0,1,0,0,0,0,0,1,0,0,1,0,1,0,1
2408,Circle,0,0,1,1,1,0,0,1,0,0,1,0,0,1,1,1,1,0,1,0,1,3,3,5,['Blockchain' 'Circle' 'Coinbase' 'Electrum'],Blockchain,1,0,0,0,0,0,0,1,0,0,1,0,0,1,0,0,1,0,1
2409,Coinbase,0,0,1,1,4,0,0,0,1,1,1,0,0,1,1,0,0,1,1,0,0,2,5,5,['Blockchain' 'Electrum' 'Coinbase' 'Circle'],Blockchain,1,0,0,0,0,1,0,0,0,0,1,0,0,0,0,1,1,0,1
2410,Coinbase,0,0,1,1,1,1,1,1,1,0,1,0,0,1,1,0,0,0,0,1,1,4,3,2,['Blockchain' 'Electrum' 'Circle' 'Coinbase'],Blockchain,1,0,0,0,0,1,0,0,0,0,0,1,0,0,1,0,1,0,1
2411,Blockchain,1,0,0,0,2,1,0,0,0,1,1,0,0,1,0,1,0,0,0,0,0,4,2,2,['Blockchain' 'Electrum' 'Coinbase' 'Circle'],Blockchain,1,0,0,0,0,1,0,0,0,0,1,0,0,0,0,1,1,0,1
2412,Blockchain,1,0,0,0,4,0,0,0,0,1,0,1,0,1,1,1,1,0,1,1,1,3,1,2,['Coinbase' 'Circle' 'Electrum' 'Blockchain'],Coinbase,0,0,1,0,0,0,0,1,0,1,0,0,1,0,0,0,0,1,1
2413,Blockchain,1,0,0,0,4,0,0,1,1,0,1,1,1,1,0,0,1,0,0,0,0,2,5,5,['Circle' 'Electrum' 'Blockchain' 'Coinbase'],Circle,0,0,0,1,0,1,0,0,1,0,0,0,0,0,1,0,0,1,1
2414,Blockchain,1,0,0,0,2,1,1,0,1,1,0,1,1,1,0,1,0,0,1,0,0,1,3,5,['Electrum' 'Circle' 'Blockchain' 'Coinbase'],Electrum,0,1,0,0,0,0,0,1,1,0,0,0,0,0,1,0,1,0,0
2415,Circle,0,0,1,1,1,0,1,0,1,1,1,1,0,0,0,1,1,0,1,0,0,3,2,2,['Electrum' 'Blockchain' 'Coinbase' 'Circle'],Electrum,0,1,0,0,1,0,0,0,0,0,1,0,0,0,0,1,1,0,0
2416,Blockchain,1,0,0,0,4,0,0,0,0,1,0,0,1,0,1,0,0,1,1,1,0,4,4,2,['Circle' 'Electrum' 'Coinbase' 'Blockchain'],Circle,0,0,0,1,0,1,0,0,0,0,1,0,1,0,0,0,0,1,1
2417,Electrum,1,1,0,0,2,0,1,0,1,1,1,0,1,1,0,0,1,1,0,1,0,5,1,1,['Electrum' 'Circle' 'Coinbase' 'Blockchain'],Electrum,0,1,0,0,0,0,0,1,0,0,1,0,1,0,0,0,1,0,0
2418,Electrum,1,1,0,0,3,1,1,0,0,1,0,0,1,0,0,1,0,0,0,1,0,3,4,4,['Electrum' 'Coinbase' 'Blockchain' 'Circle'],Electrum,0,1,0,0,0,0,1,0,1,0,0,0,0,0,0,1,1,0,0
2419,Coinbase,0,0,1,1,1,1,0,0,1,0,0,0,0,1,1,0,0,1,1,1,0,3,4,3,['Coinbase' 'Electrum' 'Blockchain' 'Circle'],Coinbase,0,0,1,0,0,1,0,0,1,0,0,0,0,0,0,1,0,1,1
2420,Blockchain,1,0,0,0,1,1,0,1,0,0,0,0,1,0,0,0,1,0,0,0,1,5,2,5,['Coinbase' 'Electrum' 'Blockchain' 'Circle'],Coinbase,0,0,1,0,0,1,0,0,1,0,0,0,0,0,0,1,0,1,1
2421,Coinbase,0,0,1,1,3,0,1,0,1,1,0,1,0,1,1,0,0,0,0,1,1,3,4,5,['Circle' 'Electrum' 'Blockchain' 'Coinbase'],Circle,0,0,0,1,0,1,0,0,1,0,0,0,0,0,1,0,0,1,1
2422,Electrum,1,1,0,0,1,1,0,0,1,1,0,0,1,1,0,0,1,0,0,1,1,3,3,2,['Electrum' 'Blockchain' 'Circle' 'Coinbase'],Electrum,0,1,0,0,1,0,0,0,0,0,0,1,0,0,1,0,1,0,0
2423,Circle,0,0,1,1,4,1,1,0,0,1,1,0,0,1,0,0,1,1,1,1,0,3,2,5,['Coinbase' 'Electrum' 'Circle' 'Blockchain'],Coinbase,0,0,1,0,0,1,0,0,0,0,0,1,1,0,0,0,0,1,1
2424,Blockchain,1,0,0,0,2,0,0,0,0,1,0,1,1,1,1,1,0,1,0,1,1,5,1,3,['Circle' 'Coinbase' 'Blockchain' 'Electrum'],Circle,0,0,0,1,0,0,1,0,1,0,0,0,0,1,0,0,0,1,1
2425,Circle,0,0,1,1,2,0,1,1,1,0,1,0,1,0,1,0,0,1,0,0,1,3,4,2,['Electrum' 'Circle' 'Coinbase' 'Blockchain'],Electrum,0,1,0,0,0,0,0,1,0,0,1,0,1,0,0,0,1,0,0
2426,Electrum,1,1,0,0,2,1,0,1,0,1,1,0,0,1,1,1,1,1,1,1,1,2,2,5,['Blockchain' 'Electrum' 'Circle' 'Coinbase'],Blockchain,1,0,0,0,0,1,0,0,0,0,0,1,0,0,1,0,1,0,1
2427,Blockchain,1,0,0,0,2,0,0,0,0,1,0,1,1,0,0,0,1,0,0,1,1,1,2,5,['Circle' 'Blockchain' 'Coinbase' 'Electrum'],Circle,0,0,0,1,1,0,0,0,0,0,1,0,0,1,0,0,0,1,1
2428,Coinbase,0,0,1,1,3,1,1,0,0,0,0,1,1,1,1,0,0,0,0,0,1,1,5,4,['Circle' 'Electrum' 'Blockchain' 'Coinbase'],Circle,0,0,0,1,0,1,0,0,1,0,0,0,0,0,1,0,0,1,1
2429,Blockchain,1,0,0,0,4,0,0,1,1,1,1,1,1,0,1,1,1,1,1,0,0,5,4,2,['Electrum' 'Circle' 'Coinbase' 'Blockchain'],Electrum,0,1,0,0,0,0,0,1,0,0,1,0,1,0,0,0,1,0,0
2430,Electrum,1,1,0,0,3,1,1,0,0,1,1,0,0,1,1,1,1,1,1,1,0,4,4,5,['Blockchain' 'Coinbase' 'Circle' 'Electrum'],Blockchain,1,0,0,0,0,0,1,0,0,0,0,1,0,1,0,0,1,0,1
2431,Electrum,1,1,0,0,1,1,0,1,0,1,1,0,1,0,1,1,0,1,0,1,0,2,5,3,['Circle' 'Coinbase' 'Blockchain' 'Electrum'],Circle,0,0,0,1,0,0,1,0,1,0,0,0,0,1,0,0,0,1,1
2432,Coinbase,0,0,1,1,3,0,0,1,0,0,1,0,1,1,0,0,1,1,0,0,1,4,4,5,['Circle' 'Blockchain' 'Electrum' 'Coinbase'],Circle,0,0,0,1,1,0,0,0,0,1,0,0,0,0,1,0,0,1,1
2433,Electrum,1,1,0,0,3,0,0,1,0,1,0,0,0,1,1,1,1,1,0,1,0,5,5,2,['Coinbase' 'Circle' 'Electrum' 'Blockchain'],Coinbase,0,0,1,0,0,0,0,1,0,1,0,0,1,0,0,0,0,1,1
2434,Coinbase,0,0,1,1,1,0,1,0,0,1,0,1,0,1,1,1,0,1,1,1,0,2,2,1,['Blockchain' 'Electrum' 'Circle' 'Coinbase'],Blockchain,1,0,0,0,0,1,0,0,0,0,0,1,0,0,1,0,1,0,1
2435,Electrum,1,1,0,0,1,1,0,1,1,1,0,0,0,0,0,1,0,1,0,0,1,5,2,1,['Circle' 'Electrum' 'Blockchain' 'Coinbase'],Circle,0,0,0,1,0,1,0,0,1,0,0,0,0,0,1,0,0,1,1
2436,Coinbase,0,0,1,1,2,0,1,0,0,1,1,0,1,1,1,0,0,0,0,1,0,3,5,1,['Circle' 'Coinbase' 'Electrum' 'Blockchain'],Circle,0,0,0,1,0,0,1,0,0,1,0,0,1,0,0,0,0,1,1
2437,Blockchain,1,0,0,0,2,0,0,0,1,0,0,1,0,0,1,1,0,1,1,0,1,3,5,1,['Circle' 'Coinbase' 'Electrum' 'Blockchain'],Circle,0,0,0,1,0,0,1,0,0,1,0,0,1,0,0,0,0,1,1
2438,Circle,0,0,1,1,1,0,1,1,1,0,0,1,0,0,1,1,0,1,1,1,0,4,5,3,['Electrum' 'Blockchain' 'Coinbase' 'Circle'],Electrum,0,1,0,0,1,0,0,0,0,0,1,0,0,0,0,1,1,0,0
2439,Circle,0,0,1,1,3,0,0,0,1,0,0,1,0,0,1,1,0,0,1,0,1,1,3,1,['Blockchain' 'Coinbase' 'Electrum' 'Circle'],Blockchain,1,0,0,0,0,0,1,0,0,1,0,0,0,0,0,1,1,0,1
2440,Electrum,1,1,0,0,4,1,1,1,1,1,0,1,1,1,1,0,0,0,1,1,1,5,5,4,['Electrum' 'Coinbase' 'Blockchain' 'Circle'],Electrum,0,1,0,0,0,0,1,0,1,0,0,0,0,0,0,1,1,0,0
2441,Circle,0,0,1,1,1,0,1,0,1,0,0,0,0,1,0,1,1,0,0,1,0,2,4,1,['Coinbase' 'Blockchain' 'Circle' 'Electrum'],Coinbase,0,0,1,0,1,0,0,0,0,0,0,1,0,1,0,0,0,1,1
2442,Electrum,1,1,0,0,3,0,0,0,1,1,1,1,1,1,0,1,0,0,0,0,0,5,4,4,['Circle' 'Electrum' 'Blockchain' 'Coinbase'],Circle,0,0,0,1,0,1,0,0,1,0,0,0,0,0,1,0,0,1,1
2443,Electrum,1,1,0,0,4,1,0,0,1,0,1,1,0,0,1,1,1,1,1,1,1,5,5,4,['Coinbase' 'Circle' 'Blockchain' 'Electrum'],Coinbase,0,0,1,0,0,0,0,1,1,0,0,0,0,1,0,0,0,1,1
2444,Coinbase,0,0,1,1,1,0,0,1,1,0,0,0,0,0,1,0,1,0,0,1,1,4,1,3,['Circle' 'Electrum' 'Blockchain' 'Coinbase'],Circle,0,0,0,1,0,1,0,0,1,0,0,0,0,0,1,0,0,1,1
2445,Blockchain,1,0,0,0,2,1,1,0,0,0,0,0,0,1,1,1,0,1,0,1,0,2,2,3,['Coinbase' 'Blockchain' 'Electrum' 'Circle'],Coinbase,0,0,1,0,1,0,0,0,0,1,0,0,0,0,0,1,0,1,1
2446,Coinbase,0,0,1,1,3,1,0,1,1,1,1,0,0,0,1,0,0,1,0,1,0,4,2,1,['Circle' 'Coinbase' 'Blockchain' 'Electrum'],Circle,0,0,0,1,0,0,1,0,1,0,0,0,0,1,0,0,0,1,1
2447,Coinbase,0,0,1,1,1,0,1,1,1,0,0,0,1,1,1,1,1,0,0,1,0,1,5,4,['Blockchain' 'Circle' 'Coinbase' 'Electrum'],Blockchain,1,0,0,0,0,0,0,1,0,0,1,0,0,1,0,0,1,0,1
2448,Coinbase,0,0,1,1,4,1,0,1,0,0,0,0,1,0,1,1,0,1,1,1,1,3,4,4,['Electrum' 'Blockchain' 'Coinbase' 'Circle'],Electrum,0,1,0,0,1,0,0,0,0,0,1,0,0,0,0,1,1,0,0
2449,Circle,0,0,1,1,1,1,1,0,1,0,0,1,0,0,0,1,0,0,1,0,0,3,3,5,['Electrum' 'Circle' 'Coinbase' 'Blockchain'],Electrum,0,1,0,0,0,0,0,1,0,0,1,0,1,0,0,0,1,0,0
2450,Electrum,1,1,0,0,4,0,1,0,0,1,1,0,1,1,1,1,0,0,1,1,1,2,5,1,['Circle' 'Coinbase' 'Blockchain' 'Electrum'],Circle,0,0,0,1,0,0,1,0,1,0,0,0,0,1,0,0,0,1,1
2451,Blockchain,1,0,0,0,4,0,0,1,1,0,0,1,0,0,1,0,0,0,1,0,1,2,4,5,['Electrum' 'Coinbase' 'Circle' 'Blockchain'],Electrum,0,1,0,0,0,0,1,0,0,0,0,1,1,0,0,0,1,0,0
2452,Circle,0,0,1,1,1,1,0,0,0,0,0,0,0,0,0,0,0,0,1,0,0,2,5,1,['Circle' 'Electrum' 'Blockchain' 'Coinbase'],Circle,0,0,0,1,0,1,0,0,1,0,0,0,0,0,1,0,0,1,1
2453,Blockchain,1,0,0,0,4,1,0,1,1,1,0,0,1,0,0,0,0,0,1,0,1,3,3,3,['Electrum' 'Blockchain' 'Circle' 'Coinbase'],Electrum,0,1,0,0,1,0,0,0,0,0,0,1,0,0,1,0,1,0,0
2454,Blockchain,1,0,0,0,4,1,0,0,0,1,1,1,0,0,0,0,1,1,0,0,0,4,5,3,['Circle' 'Blockchain' 'Electrum' 'Coinbase'],Circle,0,0,0,1,1,0,0,0,0,1,0,0,0,0,1,0,0,1,1
2455,Blockchain,1,0,0,0,2,1,1,1,0,1,1,1,1,0,0,0,0,1,0,1,0,1,2,5,['Circle' 'Blockchain' 'Electrum' 'Coinbase'],Circle,0,0,0,1,1,0,0,0,0,1,0,0,0,0,1,0,0,1,1
2456,Electrum,1,1,0,0,4,0,0,1,1,1,0,1,1,0,0,1,1,1,0,0,1,3,2,1,['Blockchain' 'Electrum' 'Coinbase' 'Circle'],Blockchain,1,0,0,0,0,1,0,0,0,0,1,0,0,0,0,1,1,0,1
2457,Blockchain,1,0,0,0,4,0,0,1,1,0,0,0,1,1,1,1,0,0,1,0,0,3,2,4,['Electrum' 'Coinbase' 'Circle' 'Blockchain'],Electrum,0,1,0,0,0,0,1,0,0,0,0,1,1,0,0,0,1,0,0
2458,Coinbase,0,0,1,1,3,1,0,0,1,0,0,1,0,1,1,0,0,0,0,1,0,4,2,1,['Blockchain' 'Electrum' 'Circle' 'Coinbase'],Blockchain,1,0,0,0,0,1,0,0,0,0,0,1,0,0,1,0,1,0,1
2459,Circle,0,0,1,1,2,0,1,1,0,0,0,1,0,1,0,1,1,1,0,0,1,1,1,4,['Blockchain' 'Electrum' 'Coinbase' 'Circle'],Blockchain,1,0,0,0,0,1,0,0,0,0,1,0,0,0,0,1,1,0,1
2460,Coinbase,0,0,1,1,1,1,0,0,1,0,1,1,1,0,1,1,0,0,0,0,1,2,2,1,['Coinbase' 'Electrum' 'Blockchain' 'Circle'],Coinbase,0,0,1,0,0,1,0,0,1,0,0,0,0,0,0,1,0,1,1
2461,Circle,0,0,1,1,4,1,0,1,0,0,0,1,1,1,0,1,1,0,1,0,0,5,3,2,['Circle' 'Coinbase' 'Electrum' 'Blockchain'],Circle,0,0,0,1,0,0,1,0,0,1,0,0,1,0,0,0,0,1,1
2462,Circle,0,0,1,1,4,0,0,1,1,0,0,0,0,1,1,1,0,1,0,0,0,1,4,4,['Blockchain' 'Electrum' 'Circle' 'Coinbase'],Blockchain,1,0,0,0,0,1,0,0,0,0,0,1,0,0,1,0,1,0,1
2463,Coinbase,0,0,1,1,4,1,1,1,0,0,1,0,1,0,1,0,0,0,1,1,0,1,3,3,['Circle' 'Electrum' 'Coinbase' 'Blockchain'],Circle,0,0,0,1,0,1,0,0,0,0,1,0,1,0,0,0,0,1,1
2464,Coinbase,0,0,1,1,4,1,0,0,1,1,1,1,1,1,0,0,0,0,1,1,0,3,4,1,['Circle' 'Blockchain' 'Coinbase' 'Electrum'],Circle,0,0,0,1,1,0,0,0,0,0,1,0,0,1,0,0,0,1,1
2465,Electrum,1,1,0,0,1,1,1,0,1,0,0,1,0,0,1,1,1,1,0,1,1,4,2,5,['Coinbase' 'Blockchain' 'Circle' 'Electrum'],Coinbase,0,0,1,0,1,0,0,0,0,0,0,1,0,1,0,0,0,1,1
2466,Circle,0,0,1,1,3,1,1,1,1,1,1,1,0,0,1,0,1,0,1,1,1,2,4,5,['Blockchain' 'Electrum' 'Coinbase' 'Circle'],Blockchain,1,0,0,0,0,1,0,0,0,0,1,0,0,0,0,1,1,0,1
2467,Blockchain,1,0,0,0,3,0,0,0,1,1,1,1,1,1,0,1,1,0,1,0,0,2,5,1,['Blockchain' 'Circle' 'Electrum' 'Coinbase'],Blockchain,1,0,0,0,0,0,0,1,0,1,0,0,0,0,1,0,1,0,1
2468,Electrum,1,1,0,0,4,0,0,0,1,0,1,0,0,1,1,0,1,0,1,1,1,2,3,2,['Electrum' 'Blockchain' 'Coinbase' 'Circle'],Electrum,0,1,0,0,1,0,0,0,0,0,1,0,0,0,0,1,1,0,0
2469,Blockchain,1,0,0,0,1,0,0,0,0,1,0,0,0,1,1,0,0,1,1,0,1,5,5,1,['Circle' 'Blockchain' 'Electrum' 'Coinbase'],Circle,0,0,0,1,1,0,0,0,0,1,0,0,0,0,1,0,0,1,1
2470,Circle,0,0,1,1,1,0,0,1,0,0,0,1,0,0,1,0,0,1,1,0,0,5,3,1,['Electrum' 'Coinbase' 'Blockchain' 'Circle'],Electrum,0,1,0,0,0,0,1,0,1,0,0,0,0,0,0,1,1,0,0
2471,Blockchain,1,0,0,0,2,0,1,0,1,0,0,0,1,0,0,1,1,0,1,0,0,4,1,1,['Electrum' 'Circle' 'Blockchain' 'Coinbase'],Electrum,0,1,0,0,0,0,0,1,1,0,0,0,0,0,1,0,1,0,0
2472,Electrum,1,1,0,0,1,0,1,0,0,1,1,0,0,0,1,0,0,0,1,1,0,3,1,3,['Blockchain' 'Coinbase' 'Circle' 'Electrum'],Blockchain,1,0,0,0,0,0,1,0,0,0,0,1,0,1,0,0,1,0,1
2473,Electrum,1,1,0,0,3,0,0,1,1,1,1,1,1,0,0,1,0,0,0,0,1,5,1,3,['Coinbase' 'Circle' 'Blockchain' 'Electrum'],Coinbase,0,0,1,0,0,0,0,1,1,0,0,0,0,1,0,0,0,1,1
2474,Circle,0,0,1,1,1,1,1,0,0,0,0,0,0,0,0,1,0,0,0,0,0,2,5,2,['Circle' 'Coinbase' 'Electrum' 'Blockchain'],Circle,0,0,0,1,0,0,1,0,0,1,0,0,1,0,0,0,0,1,1
2475,Coinbase,0,0,1,1,2,0,0,1,0,0,0,0,0,1,0,1,0,0,0,0,1,5,2,3,['Circle' 'Coinbase' 'Electrum' 'Blockchain'],Circle,0,0,0,1,0,0,1,0,0,1,0,0,1,0,0,0,0,1,1
2476,Electrum,1,1,0,0,2,0,0,0,0,0,1,1,0,1,0,1,0,0,1,1,0,4,2,3,['Blockchain' 'Coinbase' 'Circle' 'Electrum'],Blockchain,1,0,0,0,0,0,1,0,0,0,0,1,0,1,0,0,1,0,1
2477,Blockchain,1,0,0,0,3,0,0,1,1,0,0,0,0,1,0,0,1,1,1,0,1,4,5,4,['Blockchain' 'Coinbase' 'Electrum' 'Circle'],Blockchain,1,0,0,0,0,0,1,0,0,1,0,0,0,0,0,1,1,0,1
2478,Coinbase,0,0,1,1,4,1,1,1,1,0,1,1,1,0,1,1,1,0,0,1,0,1,1,1,['Electrum' 'Circle' 'Coinbase' 'Blockchain'],Electrum,0,1,0,0,0,0,0,1,0,0,1,0,1,0,0,0,1,0,0
2479,Blockchain,1,0,0,0,3,0,0,0,0,1,0,1,0,0,1,1,0,0,0,0,0,2,1,3,['Electrum' 'Circle' 'Coinbase' 'Blockchain'],Electrum,0,1,0,0,0,0,0,1,0,0,1,0,1,0,0,0,1,0,0
2480,Blockchain,1,0,0,0,2,0,0,1,1,0,0,1,1,1,0,1,1,0,0,1,0,3,1,4,['Coinbase' 'Electrum' 'Circle' 'Blockchain'],Coinbase,0,0,1,0,0,1,0,0,0,0,0,1,1,0,0,0,0,1,1
2481,Circle,0,0,1,1,1,1,0,0,0,1,0,1,0,1,1,1,0,0,0,1,1,5,1,3,['Coinbase' 'Blockchain' 'Electrum' 'Circle'],Coinbase,0,0,1,0,1,0,0,0,0,1,0,0,0,0,0,1,0,1,1
2482,Coinbase,0,0,1,1,1,1,0,0,1,1,1,0,1,1,1,1,1,1,1,0,0,1,5,4,['Blockchain' 'Circle' 'Coinbase' 'Electrum'],Blockchain,1,0,0,0,0,0,0,1,0,0,1,0,0,1,0,0,1,0,1
2483,Circle,0,0,1,1,1,1,1,1,0,1,1,0,1,1,0,1,0,1,0,0,0,2,2,1,['Blockchain' 'Electrum' 'Coinbase' 'Circle'],Blockchain,1,0,0,0,0,1,0,0,0,0,1,0,0,0,0,1,1,0,1
2484,Coinbase,0,0,1,1,1,1,0,1,0,1,1,0,1,1,1,1,1,0,1,0,0,2,2,4,['Circle' 'Blockchain' 'Electrum' 'Coinbase'],Circle,0,0,0,1,1,0,0,0,0,1,0,0,0,0,1,0,0,1,1
2485,Circle,0,0,1,1,1,1,1,0,1,0,1,0,1,0,1,0,0,0,0,0,1,2,1,2,['Coinbase' 'Circle' 'Blockchain' 'Electrum'],Coinbase,0,0,1,0,0,0,0,1,1,0,0,0,0,1,0,0,0,1,1
2486,Circle,0,0,1,1,2,1,0,0,0,1,1,1,0,1,0,0,1,0,0,0,0,2,3,1,['Circle' 'Blockchain' 'Coinbase' 'Electrum'],Circle,0,0,0,1,1,0,0,0,0,0,1,0,0,1,0,0,0,1,1
2487,Coinbase,0,0,1,1,4,1,1,1,0,0,0,1,0,0,1,1,1,1,1,1,0,5,5,4,['Coinbase' 'Electrum' 'Blockchain' 'Circle'],Coinbase,0,0,1,0,0,1,0,0,1,0,0,0,0,0,0,1,0,1,1
2488,Electrum,1,1,0,0,3,0,1,0,0,0,1,0,1,0,1,1,0,1,1,0,1,2,3,1,['Coinbase' 'Electrum' 'Circle' 'Blockchain'],Coinbase,0,0,1,0,0,1,0,0,0,0,0,1,1,0,0,0,0,1,1
2489,Coinbase,0,0,1,1,2,1,0,0,1,1,0,1,1,1,1,0,0,0,1,0,1,5,2,2,['Coinbase' 'Circle' 'Blockchain' 'Electrum'],Coinbase,0,0,1,0,0,0,0,1,1,0,0,0,0,1,0,0,0,1,1
2490,Circle,0,0,1,1,3,1,0,0,1,1,1,1,1,1,1,0,1,0,1,1,0,1,2,4,['Circle' 'Electrum' 'Coinbase' 'Blockchain'],Circle,0,0,0,1,0,1,0,0,0,0,1,0,1,0,0,0,0,1,1
2491,Blockchain,1,0,0,0,2,1,0,1,0,1,0,0,1,0,0,1,0,1,1,1,0,4,4,5,['Blockchain' 'Coinbase' 'Circle' 'Electrum'],Blockchain,1,0,0,0,0,0,1,0,0,0,0,1,0,1,0,0,1,0,1
2492,Electrum,1,1,0,0,1,1,1,0,1,0,0,0,0,0,0,0,0,1,1,0,0,4,3,3,['Electrum' 'Circle' 'Coinbase' 'Blockchain'],Electrum,0,1,0,0,0,0,0,1,0,0,1,0,1,0,0,0,1,0,0
2493,Circle,0,0,1,1,3,1,0,1,0,1,1,0,0,0,0,1,0,1,0,0,1,5,2,4,['Electrum' 'Blockchain' 'Coinbase' 'Circle'],Electrum,0,1,0,0,1,0,0,0,0,0,1,0,0,0,0,1,1,0,0
2494,Electrum,1,1,0,0,2,1,0,1,0,1,0,1,1,0,0,1,1,0,0,0,0,2,2,3,['Circle' 'Coinbase' 'Blockchain' 'Electrum'],Circle,0,0,0,1,0,0,1,0,1,0,0,0,0,1,0,0,0,1,1
2495,Blockchain,1,0,0,0,1,0,0,0,1,1,0,0,1,0,0,0,1,1,0,0,0,1,5,1,['Blockchain' 'Coinbase' 'Electrum' 'Circle'],Blockchain,1,0,0,0,0,0,1,0,0,1,0,0,0,0,0,1,1,0,1
2496,Blockchain,1,0,0,0,3,0,1,0,0,0,0,1,1,1,0,0,0,0,1,1,1,1,4,5,['Blockchain' 'Circle' 'Electrum' 'Coinbase'],Blockchain,1,0,0,0,0,0,0,1,0,1,0,0,0,0,1,0,1,0,1
2497,Coinbase,0,0,1,1,2,1,1,0,1,0,0,0,0,0,1,1,1,1,1,0,0,2,2,2,['Blockchain' 'Coinbase' 'Circle' 'Electrum'],Blockchain,1,0,0,0,0,0,1,0,0,0,0,1,0,1,0,0,1,0,1
2498,Coinbase,0,0,1,1,4,0,1,0,1,0,0,0,1,0,0,1,1,0,0,1,0,5,2,5,['Blockchain' 'Circle' 'Electrum' 'Coinbase'],Blockchain,1,0,0,0,0,0,0,1,0,1,0,0,0,0,1,0,1,0,1
2499,Coinbase,0,0,1,1,2,0,1,0,1,0,1,0,0,0,1,1,1,1,0,1,1,3,5,3,['Coinbase' 'Circle' 'Electrum' 'Blockchain'],Coinbase,0,0,1,0,0,0,0,1,0,1,0,0,1,0,0,0,0,1,1
2500,Circle,0,0,1,1,2,0,1,0,1,1,0,1,0,0,0,0,1,1,1,0,0,3,1,4,['Coinbase' 'Electrum' 'Blockchain' 'Circle'],Coinbase,0,0,1,0,0,1,0,0,1,0,0,0,0,0,0,1,0,1,1
2501,Electrum,1,1,0,0,2,0,1,1,1,1,0,1,1,1,0,1,1,1,1,0,1,2,1,3,['Circle' 'Blockchain' 'Electrum' 'Coinbase'],Circle,0,0,0,1,1,0,0,0,0,1,0,0,0,0,1,0,0,1,1
2502,Circle,0,0,1,1,1,1,1,0,1,0,0,1,1,1,1,0,1,1,0,0,0,5,2,5,['Electrum' 'Coinbase' 'Blockchain' 'Circle'],Electrum,0,1,0,0,0,0,1,0,1,0,0,0,0,0,0,1,1,0,0
2503,Circle,0,0,1,1,3,0,1,1,0,1,1,0,1,0,1,1,1,0,0,1,0,4,5,2,['Blockchain' 'Circle' 'Electrum' 'Coinbase'],Blockchain,1,0,0,0,0,0,0,1,0,1,0,0,0,0,1,0,1,0,1
2504,Circle,0,0,1,1,3,0,1,0,0,0,0,1,1,0,0,0,0,0,0,0,1,1,3,1,['Electrum' 'Blockchain' 'Coinbase' 'Circle'],Electrum,0,1,0,0,1,0,0,0,0,0,1,0,0,0,0,1,1,0,0
2505,Circle,0,0,1,1,3,0,1,0,0,0,1,1,1,1,1,0,0,1,0,1,0,2,4,2,['Electrum' 'Coinbase' 'Circle' 'Blockchain'],Electrum,0,1,0,0,0,0,1,0,0,0,0,1,1,0,0,0,1,0,0
2506,Electrum,1,1,0,0,1,0,1,0,1,0,0,0,1,1,1,0,0,0,1,0,1,5,4,1,['Coinbase' 'Blockchain' 'Electrum' 'Circle'],Coinbase,0,0,1,0,1,0,0,0,0,1,0,0,0,0,0,1,0,1,1
2507,Blockchain,1,0,0,0,3,0,1,1,0,1,1,1,0,1,1,0,0,0,1,1,0,3,5,1,['Electrum' 'Coinbase' 'Blockchain' 'Circle'],Electrum,0,1,0,0,0,0,1,0,1,0,0,0,0,0,0,1,1,0,0
2508,Coinbase,0,0,1,1,3,0,0,1,1,0,1,1,0,0,0,1,1,1,1,0,0,2,5,3,['Coinbase' 'Electrum' 'Blockchain' 'Circle'],Coinbase,0,0,1,0,0,1,0,0,1,0,0,0,0,0,0,1,0,1,1
2509,Electrum,1,1,0,0,3,1,0,1,0,0,0,1,0,1,0,1,0,0,1,1,1,1,2,2,['Coinbase' 'Circle' 'Blockchain' 'Electrum'],Coinbase,0,0,1,0,0,0,0,1,1,0,0,0,0,1,0,0,0,1,1
2510,Blockchain,1,0,0,0,4,1,1,1,0,1,1,0,1,1,0,0,0,1,0,1,0,2,1,5,['Blockchain' 'Coinbase' 'Circle' 'Electrum'],Blockchain,1,0,0,0,0,0,1,0,0,0,0,1,0,1,0,0,1,0,1
2511,Blockchain,1,0,0,0,3,1,0,1,1,0,1,1,1,0,1,0,0,0,0,0,0,4,2,1,['Circle' 'Blockchain' 'Electrum' 'Coinbase'],Circle,0,0,0,1,1,0,0,0,0,1,0,0,0,0,1,0,0,1,1
2512,Electrum,1,1,0,0,2,1,1,0,1,1,0,0,1,0,1,1,0,0,1,1,1,1,2,2,['Coinbase' 'Circle' 'Electrum' 'Blockchain'],Coinbase,0,0,1,0,0,0,0,1,0,1,0,0,1,0,0,0,0,1,1
2513,Circle,0,0,1,1,1,0,0,1,1,1,0,0,1,0,0,0,0,1,1,0,1,5,4,3,['Blockchain' 'Circle' 'Coinbase' 'Electrum'],Blockchain,1,0,0,0,0,0,0,1,0,0,1,0,0,1,0,0,1,0,1
2514,Circle,0,0,1,1,1,0,1,1,0,1,0,1,1,1,0,0,0,1,0,1,1,5,3,5,['Circle' 'Blockchain' 'Coinbase' 'Electrum'],Circle,0,0,0,1,1,0,0,0,0,0,1,0,0,1,0,0,0,1,1
2515,Blockchain,1,0,0,0,2,1,0,0,0,1,0,1,0,0,1,0,1,0,1,0,1,4,5,2,['Blockchain' 'Coinbase' 'Electrum' 'Circle'],Blockchain,1,0,0,0,0,0,1,0,0,1,0,0,0,0,0,1,1,0,1
2516,Coinbase,0,0,1,1,3,1,0,1,0,0,1,1,1,1,0,0,1,1,1,0,0,5,5,4,['Coinbase' 'Blockchain' 'Electrum' 'Circle'],Coinbase,0,0,1,0,1,0,0,0,0,1,0,0,0,0,0,1,0,1,1
2517,Blockchain,1,0,0,0,4,0,0,1,1,1,0,1,1,0,0,1,1,1,0,1,0,3,5,5,['Coinbase' 'Blockchain' 'Electrum' 'Circle'],Coinbase,0,0,1,0,1,0,0,0,0,1,0,0,0,0,0,1,0,1,1
2518,Blockchain,1,0,0,0,1,0,0,0,0,1,1,1,1,1,0,0,1,0,1,0,0,3,2,2,['Coinbase' 'Electrum' 'Blockchain' 'Circle'],Coinbase,0,0,1,0,0,1,0,0,1,0,0,0,0,0,0,1,0,1,1
2519,Electrum,1,1,0,0,2,1,0,1,1,1,0,1,1,1,1,0,1,0,1,1,0,4,5,3,['Electrum' 'Blockchain' 'Circle' 'Coinbase'],Electrum,0,1,0,0,1,0,0,0,0,0,0,1,0,0,1,0,1,0,0
2520,Electrum,1,1,0,0,4,1,1,0,0,0,0,0,1,1,1,0,1,0,1,0,0,5,4,1,['Coinbase' 'Electrum' 'Blockchain' 'Circle'],Coinbase,0,0,1,0,0,1,0,0,1,0,0,0,0,0,0,1,0,1,1
2521,Circle,0,0,1,1,1,1,1,0,0,0,0,0,1,1,0,1,0,0,0,1,1,2,3,5,['Electrum' 'Coinbase' 'Circle' 'Blockchain'],Electrum,0,1,0,0,0,0,1,0,0,0,0,1,1,0,0,0,1,0,0
2522,Coinbase,0,0,1,1,4,1,1,1,0,1,0,1,1,0,1,0,0,0,1,1,0,5,4,1,['Coinbase' 'Electrum' 'Circle' 'Blockchain'],Coinbase,0,0,1,0,0,1,0,0,0,0,0,1,1,0,0,0,0,1,1
2523,Circle,0,0,1,1,3,1,0,1,1,0,0,0,1,0,1,1,0,1,1,1,0,3,5,5,['Electrum' 'Circle' 'Blockchain' 'Coinbase'],Electrum,0,1,0,0,0,0,0,1,1,0,0,0,0,0,1,0,1,0,0
2524,Blockchain,1,0,0,0,4,0,1,0,1,1,1,1,1,0,0,0,1,0,1,1,1,3,5,2,['Circle' 'Electrum' 'Blockchain' 'Coinbase'],Circle,0,0,0,1,0,1,0,0,1,0,0,0,0,0,1,0,0,1,1
2525,Circle,0,0,1,1,3,1,1,1,0,1,0,1,1,0,1,1,0,0,1,1,1,5,2,2,['Electrum' 'Blockchain' 'Coinbase' 'Circle'],Electrum,0,1,0,0,1,0,0,0,0,0,1,0,0,0,0,1,1,0,0
2526,Coinbase,0,0,1,1,3,0,0,0,1,0,0,0,1,0,0,0,0,1,0,0,0,1,3,4,['Circle' 'Blockchain' 'Coinbase' 'Electrum'],Circle,0,0,0,1,1,0,0,0,0,0,1,0,0,1,0,0,0,1,1
2527,Blockchain,1,0,0,0,2,1,1,1,1,1,0,1,1,1,1,0,1,1,1,0,1,1,4,4,['Blockchain' 'Electrum' 'Circle' 'Coinbase'],Blockchain,1,0,0,0,0,1,0,0,0,0,0,1,0,0,1,0,1,0,1
2528,Blockchain,1,0,0,0,4,1,1,0,0,1,1,1,1,1,1,0,0,0,1,0,0,1,5,4,['Blockchain' 'Electrum' 'Circle' 'Coinbase'],Blockchain,1,0,0,0,0,1,0,0,0,0,0,1,0,0,1,0,1,0,1
2529,Coinbase,0,0,1,1,4,0,1,1,0,1,0,1,0,1,0,1,1,0,1,1,1,2,3,4,['Blockchain' 'Circle' 'Electrum' 'Coinbase'],Blockchain,1,0,0,0,0,0,0,1,0,1,0,0,0,0,1,0,1,0,1
2530,Blockchain,1,0,0,0,4,1,0,0,1,1,1,0,1,1,0,0,1,1,1,0,1,5,2,3,['Electrum' 'Coinbase' 'Blockchain' 'Circle'],Electrum,0,1,0,0,0,0,1,0,1,0,0,0,0,0,0,1,1,0,0
2531,Blockchain,1,0,0,0,3,0,1,0,0,0,0,1,1,1,1,1,1,0,0,0,1,2,1,5,['Electrum' 'Coinbase' 'Blockchain' 'Circle'],Electrum,0,1,0,0,0,0,1,0,1,0,0,0,0,0,0,1,1,0,0
2532,Blockchain,1,0,0,0,3,0,1,1,1,0,0,0,1,0,0,1,1,1,0,1,0,1,2,1,['Electrum' 'Coinbase' 'Circle' 'Blockchain'],Electrum,0,1,0,0,0,0,1,0,0,0,0,1,1,0,0,0,1,0,0
2533,Circle,0,0,1,1,3,1,1,1,0,1,0,1,0,1,1,0,1,0,0,1,0,1,5,1,['Coinbase' 'Blockchain' 'Circle' 'Electrum'],Coinbase,0,0,1,0,1,0,0,0,0,0,0,1,0,1,0,0,0,1,1
2534,Coinbase,0,0,1,1,2,1,1,1,1,0,0,0,1,1,1,1,1,1,0,0,1,4,3,2,['Coinbase' 'Electrum' 'Circle' 'Blockchain'],Coinbase,0,0,1,0,0,1,0,0,0,0,0,1,1,0,0,0,0,1,1
2535,Electrum,1,1,0,0,3,1,0,1,1,1,0,0,1,0,1,1,0,0,1,1,0,4,3,2,['Coinbase' 'Blockchain' 'Electrum' 'Circle'],Coinbase,0,0,1,0,1,0,0,0,0,1,0,0,0,0,0,1,0,1,1
2536,Coinbase,0,0,1,1,3,1,0,1,1,1,1,1,1,0,1,1,0,0,0,0,0,2,1,3,['Circle' 'Coinbase' 'Electrum' 'Blockchain'],Circle,0,0,0,1,0,0,1,0,0,1,0,0,1,0,0,0,0,1,1
2537,Coinbase,0,0,1,1,2,1,1,0,1,0,1,1,0,0,0,1,0,1,1,1,0,2,2,1,['Coinbase' 'Blockchain' 'Electrum' 'Circle'],Coinbase,0,0,1,0,1,0,0,0,0,1,0,0,0,0,0,1,0,1,1
2538,Blockchain,1,0,0,0,2,0,1,0,0,1,1,0,0,0,0,1,1,1,0,0,0,3,4,2,['Circle' 'Coinbase' 'Electrum' 'Blockchain'],Circle,0,0,0,1,0,0,1,0,0,1,0,0,1,0,0,0,0,1,1
2539,Circle,0,0,1,1,2,1,0,1,0,1,0,0,1,1,1,0,0,1,0,1,1,3,5,2,['Coinbase' 'Blockchain' 'Circle' 'Electrum'],Coinbase,0,0,1,0,1,0,0,0,0,0,0,1,0,1,0,0,0,1,1
2540,Electrum,1,1,0,0,3,1,1,0,0,0,1,1,0,0,1,0,1,0,1,0,1,3,3,3,['Coinbase' 'Blockchain' 'Electrum' 'Circle'],Coinbase,0,0,1,0,1,0,0,0,0,1,0,0,0,0,0,1,0,1,1
2541,Electrum,1,1,0,0,1,1,1,0,1,1,0,0,1,0,1,1,0,0,1,0,1,3,2,5,['Electrum' 'Circle' 'Blockchain' 'Coinbase'],Electrum,0,1,0,0,0,0,0,1,1,0,0,0,0,0,1,0,1,0,0
2542,Circle,0,0,1,1,4,1,0,1,0,0,1,1,0,1,1,0,0,1,1,0,0,1,4,5,['Circle' 'Electrum' 'Blockchain' 'Coinbase'],Circle,0,0,0,1,0,1,0,0,1,0,0,0,0,0,1,0,0,1,1
2543,Electrum,1,1,0,0,2,1,1,0,0,1,0,1,0,0,0,1,0,0,1,0,0,3,5,3,['Coinbase' 'Circle' 'Blockchain' 'Electrum'],Coinbase,0,0,1,0,0,0,0,1,1,0,0,0,0,1,0,0,0,1,1
2544,Blockchain,1,0,0,0,2,0,1,1,0,0,1,1,1,1,1,0,0,1,0,0,1,5,5,2,['Blockchain' 'Coinbase' 'Electrum' 'Circle'],Blockchain,1,0,0,0,0,0,1,0,0,1,0,0,0,0,0,1,1,0,1
2545,Blockchain,1,0,0,0,4,1,1,0,1,0,1,1,1,0,0,1,0,1,1,0,0,4,2,2,['Electrum' 'Blockchain' 'Coinbase' 'Circle'],Electrum,0,1,0,0,1,0,0,0,0,0,1,0,0,0,0,1,1,0,0
2546,Blockchain,1,0,0,0,1,1,1,0,0,1,0,1,1,1,0,0,0,1,0,0,0,2,3,5,['Coinbase' 'Blockchain' 'Circle' 'Electrum'],Coinbase,0,0,1,0,1,0,0,0,0,0,0,1,0,1,0,0,0,1,1
2547,Circle,0,0,1,1,3,1,0,0,0,1,0,1,0,1,1,0,1,1,0,1,0,2,3,5,['Circle' 'Coinbase' 'Blockchain' 'Electrum'],Circle,0,0,0,1,0,0,1,0,1,0,0,0,0,1,0,0,0,1,1
2548,Coinbase,0,0,1,1,2,0,1,1,1,1,1,1,0,1,0,0,0,1,0,1,1,4,1,2,['Coinbase' 'Circle' 'Electrum' 'Blockchain'],Coinbase,0,0,1,0,0,0,0,1,0,1,0,0,1,0,0,0,0,1,1
2549,Electrum,1,1,0,0,4,0,0,1,0,1,1,0,0,0,1,1,0,1,0,1,0,1,5,3,['Circle' 'Electrum' 'Blockchain' 'Coinbase'],Circle,0,0,0,1,0,1,0,0,1,0,0,0,0,0,1,0,0,1,1
2550,Coinbase,0,0,1,1,4,0,1,1,0,1,1,1,0,1,1,1,1,0,0,1,0,4,1,1,['Blockchain' 'Circle' 'Electrum' 'Coinbase'],Blockchain,1,0,0,0,0,0,0,1,0,1,0,0,0,0,1,0,1,0,1
2551,Circle,0,0,1,1,2,0,0,1,0,0,1,1,1,1,1,1,1,1,0,0,0,4,3,5,['Electrum' 'Blockchain' 'Circle' 'Coinbase'],Electrum,0,1,0,0,1,0,0,0,0,0,0,1,0,0,1,0,1,0,0
2552,Circle,0,0,1,1,2,0,0,1,0,1,0,1,1,0,0,0,0,1,0,1,1,4,5,3,['Electrum' 'Blockchain' 'Coinbase' 'Circle'],Electrum,0,1,0,0,1,0,0,0,0,0,1,0,0,0,0,1,1,0,0
2553,Circle,0,0,1,1,4,0,0,1,0,1,0,1,0,0,1,0,0,1,1,1,1,2,1,5,['Circle' 'Blockchain' 'Coinbase' 'Electrum'],Circle,0,0,0,1,1,0,0,0,0,0,1,0,0,1,0,0,0,1,1
2554,Coinbase,0,0,1,1,1,1,1,1,0,0,0,1,1,0,1,1,0,1,0,1,0,1,5,2,['Electrum' 'Circle' 'Blockchain' 'Coinbase'],Electrum,0,1,0,0,0,0,0,1,1,0,0,0,0,0,1,0,1,0,0
2555,Electrum,1,1,0,0,4,1,0,0,1,1,1,0,0,1,0,1,1,1,0,0,1,4,3,2,['Electrum' 'Circle' 'Coinbase' 'Blockchain'],Electrum,0,1,0,0,0,0,0,1,0,0,1,0,1,0,0,0,1,0,0
2556,Electrum,1,1,0,0,1,0,0,1,1,1,0,0,1,0,0,0,1,1,1,0,0,5,3,5,['Electrum' 'Blockchain' 'Coinbase' 'Circle'],Electrum,0,1,0,0,1,0,0,0,0,0,1,0,0,0,0,1,1,0,0
2557,Circle,0,0,1,1,3,1,1,0,1,0,0,0,0,0,1,1,1,0,1,0,0,2,3,5,['Circle' 'Electrum' 'Blockchain' 'Coinbase'],Circle,0,0,0,1,0,1,0,0,1,0,0,0,0,0,1,0,0,1,1
2558,Coinbase,0,0,1,1,4,0,1,1,1,1,1,1,0,1,1,0,0,0,0,1,0,3,5,5,['Electrum' 'Coinbase' 'Circle' 'Blockchain'],Electrum,0,1,0,0,0,0,1,0,0,0,0,1,1,0,0,0,1,0,0
2559,Electrum,1,1,0,0,1,1,0,1,0,1,1,0,0,0,0,0,0,1,0,1,1,1,4,2,['Electrum' 'Blockchain' 'Coinbase' 'Circle'],Electrum,0,1,0,0,1,0,0,0,0,0,1,0,0,0,0,1,1,0,0
2560,Electrum,1,1,0,0,4,0,0,1,0,1,0,1,1,1,0,1,1,1,1,1,1,3,2,1,['Circle' 'Blockchain' 'Electrum' 'Coinbase'],Circle,0,0,0,1,1,0,0,0,0,1,0,0,0,0,1,0,0,1,1
2561,Electrum,1,1,0,0,3,0,0,1,1,1,0,0,0,0,0,0,0,1,1,0,0,5,2,1,['Electrum' 'Circle' 'Blockchain' 'Coinbase'],Electrum,0,1,0,0,0,0,0,1,1,0,0,0,0,0,1,0,1,0,0
2562,Circle,0,0,1,1,1,1,0,0,1,1,0,0,0,1,0,0,0,0,0,0,0,1,2,1,['Circle' 'Coinbase' 'Electrum' 'Blockchain'],Circle,0,0,0,1,0,0,1,0,0,1,0,0,1,0,0,0,0,1,1
2563,Coinbase,0,0,1,1,3,1,0,0,0,1,0,1,0,1,1,1,0,1,0,0,1,3,1,1,['Circle' 'Coinbase' 'Blockchain' 'Electrum'],Circle,0,0,0,1,0,0,1,0,1,0,0,0,0,1,0,0,0,1,1
2564,Electrum,1,1,0,0,4,1,1,1,1,1,1,1,0,1,0,0,0,0,1,0,0,4,5,3,['Blockchain' 'Electrum' 'Coinbase' 'Circle'],Blockchain,1,0,0,0,0,1,0,0,0,0,1,0,0,0,0,1,1,0,1
2565,Electrum,1,1,0,0,1,1,1,0,1,1,1,1,0,1,1,0,1,0,0,1,0,4,2,5,['Blockchain' 'Electrum' 'Circle' 'Coinbase'],Blockchain,1,0,0,0,0,1,0,0,0,0,0,1,0,0,1,0,1,0,1
2566,Electrum,1,1,0,0,3,1,0,0,1,1,1,0,1,0,0,0,0,1,1,1,1,1,4,2,['Coinbase' 'Electrum' 'Circle' 'Blockchain'],Coinbase,0,0,1,0,0,1,0,0,0,0,0,1,1,0,0,0,0,1,1
2567,Circle,0,0,1,1,1,0,0,0,1,0,1,0,0,1,0,0,1,1,1,0,1,4,4,4,['Circle' 'Electrum' 'Blockchain' 'Coinbase'],Circle,0,0,0,1,0,1,0,0,1,0,0,0,0,0,1,0,0,1,1
2568,Coinbase,0,0,1,1,1,0,0,0,1,1,0,1,1,1,0,0,1,0,1,0,0,5,5,5,['Coinbase' 'Blockchain' 'Electrum' 'Circle'],Coinbase,0,0,1,0,1,0,0,0,0,1,0,0,0,0,0,1,0,1,1
2569,Electrum,1,1,0,0,2,0,1,1,1,0,1,1,0,1,1,0,1,1,1,0,1,4,4,4,['Coinbase' 'Electrum' 'Circle' 'Blockchain'],Coinbase,0,0,1,0,0,1,0,0,0,0,0,1,1,0,0,0,0,1,1
2570,Electrum,1,1,0,0,2,0,1,1,0,0,0,1,0,0,1,1,0,0,1,0,1,4,3,1,['Circle' 'Coinbase' 'Blockchain' 'Electrum'],Circle,0,0,0,1,0,0,1,0,1,0,0,0,0,1,0,0,0,1,1
2571,Coinbase,0,0,1,1,2,0,0,1,0,0,1,1,1,0,1,1,1,1,0,0,0,3,3,1,['Coinbase' 'Electrum' 'Blockchain' 'Circle'],Coinbase,0,0,1,0,0,1,0,0,1,0,0,0,0,0,0,1,0,1,1
2572,Coinbase,0,0,1,1,4,0,0,1,1,0,1,0,0,1,1,1,0,0,0,0,0,1,3,1,['Coinbase' 'Blockchain' 'Electrum' 'Circle'],Coinbase,0,0,1,0,1,0,0,0,0,1,0,0,0,0,0,1,0,1,1
2573,Circle,0,0,1,1,1,1,1,0,0,0,1,0,1,0,1,1,1,0,1,1,0,1,5,2,['Blockchain' 'Coinbase' 'Circle' 'Electrum'],Blockchain,1,0,0,0,0,0,1,0,0,0,0,1,0,1,0,0,1,0,1
2574,Circle,0,0,1,1,1,1,1,1,0,1,1,1,0,1,1,1,0,1,1,0,0,2,3,5,['Blockchain' 'Coinbase' 'Circle' 'Electrum'],Blockchain,1,0,0,0,0,0,1,0,0,0,0,1,0,1,0,0,1,0,1
2575,Coinbase,0,0,1,1,1,0,0,1,0,0,0,0,0,0,1,1,1,0,0,0,1,2,1,5,['Blockchain' 'Electrum' 'Coinbase' 'Circle'],Blockchain,1,0,0,0,0,1,0,0,0,0,1,0,0,0,0,1,1,0,1
2576,Blockchain,1,0,0,0,4,0,0,1,1,1,1,0,0,0,1,1,1,1,1,0,0,4,3,3,['Blockchain' 'Electrum' 'Circle' 'Coinbase'],Blockchain,1,0,0,0,0,1,0,0,0,0,0,1,0,0,1,0,1,0,1
2577,Circle,0,0,1,1,4,1,1,0,0,1,0,1,0,1,0,0,0,0,1,0,1,5,1,4,['Coinbase' 'Blockchain' 'Electrum' 'Circle'],Coinbase,0,0,1,0,1,0,0,0,0,1,0,0,0,0,0,1,0,1,1
2578,Circle,0,0,1,1,1,1,0,0,1,0,0,1,1,1,0,0,1,0,1,1,0,4,5,2,['Blockchain' 'Coinbase' 'Circle' 'Electrum'],Blockchain,1,0,0,0,0,0,1,0,0,0,0,1,0,1,0,0,1,0,1
2579,Circle,0,0,1,1,1,1,0,1,1,1,0,0,0,0,1,1,0,1,0,1,1,1,5,5,['Electrum' 'Circle' 'Blockchain' 'Coinbase'],Electrum,0,1,0,0,0,0,0,1,1,0,0,0,0,0,1,0,1,0,0
2580,Circle,0,0,1,1,3,0,0,1,0,1,1,1,0,1,0,0,0,1,1,1,1,2,2,3,['Electrum' 'Circle' 'Blockchain' 'Coinbase'],Electrum,0,1,0,0,0,0,0,1,1,0,0,0,0,0,1,0,1,0,0
2581,Blockchain,1,0,0,0,2,1,0,0,1,1,0,1,0,1,0,0,0,0,1,0,0,1,5,3,['Circle' 'Blockchain' 'Coinbase' 'Electrum'],Circle,0,0,0,1,1,0,0,0,0,0,1,0,0,1,0,0,0,1,1
2582,Blockchain,1,0,0,0,4,1,0,0,0,1,1,0,1,0,1,0,0,1,0,1,0,4,2,1,['Circle' 'Electrum' 'Coinbase' 'Blockchain'],Circle,0,0,0,1,0,1,0,0,0,0,1,0,1,0,0,0,0,1,1
2583,Electrum,1,1,0,0,1,1,1,1,0,1,0,1,0,0,1,1,1,1,1,0,0,1,5,3,['Electrum' 'Circle' 'Coinbase' 'Blockchain'],Electrum,0,1,0,0,0,0,0,1,0,0,1,0,1,0,0,0,1,0,0
2584,Electrum,1,1,0,0,2,0,0,1,0,1,0,1,0,0,1,0,1,1,1,1,0,5,4,4,['Electrum' 'Blockchain' 'Coinbase' 'Circle'],Electrum,0,1,0,0,1,0,0,0,0,0,1,0,0,0,0,1,1,0,0
2585,Electrum,1,1,0,0,4,1,1,0,0,1,1,0,1,1,1,1,1,1,1,1,0,4,1,2,['Circle' 'Blockchain' 'Electrum' 'Coinbase'],Circle,0,0,0,1,1,0,0,0,0,1,0,0,0,0,1,0,0,1,1
2586,Circle,0,0,1,1,4,0,1,0,0,1,1,1,1,1,0,1,0,1,1,1,0,5,1,2,['Coinbase' 'Blockchain' 'Circle' 'Electrum'],Coinbase,0,0,1,0,1,0,0,0,0,0,0,1,0,1,0,0,0,1,1
2587,Blockchain,1,0,0,0,2,1,0,0,0,0,0,1,0,0,0,1,1,1,0,0,1,2,4,5,['Blockchain' 'Electrum' 'Circle' 'Coinbase'],Blockchain,1,0,0,0,0,1,0,0,0,0,0,1,0,0,1,0,1,0,1
2588,Electrum,1,1,0,0,4,0,0,0,0,0,0,0,0,0,1,0,1,0,1,1,0,3,5,1,['Electrum' 'Blockchain' 'Coinbase' 'Circle'],Electrum,0,1,0,0,1,0,0,0,0,0,1,0,0,0,0,1,1,0,0
2589,Circle,0,0,1,1,2,0,0,0,0,0,0,1,0,0,1,1,1,0,1,1,1,3,5,2,['Electrum' 'Coinbase' 'Blockchain' 'Circle'],Electrum,0,1,0,0,0,0,1,0,1,0,0,0,0,0,0,1,1,0,0
2590,Electrum,1,1,0,0,2,0,0,0,1,1,1,1,1,0,1,1,1,0,0,0,1,5,2,4,['Blockchain' 'Electrum' 'Circle' 'Coinbase'],Blockchain,1,0,0,0,0,1,0,0,0,0,0,1,0,0,1,0,1,0,1
2591,Coinbase,0,0,1,1,4,1,0,1,1,1,0,1,1,1,0,0,0,1,1,1,0,5,3,5,['Electrum' 'Blockchain' 'Circle' 'Coinbase'],Electrum,0,1,0,0,1,0,0,0,0,0,0,1,0,0,1,0,1,0,0
2592,Circle,0,0,1,1,1,1,0,0,0,1,0,1,1,0,0,1,0,0,1,1,0,4,5,4,['Coinbase' 'Electrum' 'Circle' 'Blockchain'],Coinbase,0,0,1,0,0,1,0,0,0,0,0,1,1,0,0,0,0,1,1
2593,Electrum,1,1,0,0,3,0,0,1,1,0,1,0,1,0,1,0,0,1,1,1,1,2,4,5,['Circle' 'Electrum' 'Coinbase' 'Blockchain'],Circle,0,0,0,1,0,1,0,0,0,0,1,0,1,0,0,0,0,1,1
2594,Blockchain,1,0,0,0,2,1,0,1,0,1,0,0,0,1,0,1,1,0,0,0,0,3,5,1,['Circle' 'Electrum' 'Coinbase' 'Blockchain'],Circle,0,0,0,1,0,1,0,0,0,0,1,0,1,0,0,0,0,1,1
2595,Blockchain,1,0,0,0,3,1,1,0,0,1,1,1,0,0,0,1,1,1,0,1,0,5,5,1,['Electrum' 'Coinbase' 'Blockchain' 'Circle'],Electrum,0,1,0,0,0,0,1,0,1,0,0,0,0,0,0,1,1,0,0
2596,Coinbase,0,0,1,1,2,1,0,1,1,0,0,0,0,1,0,0,0,1,0,0,0,2,4,5,['Blockchain' 'Coinbase' 'Electrum' 'Circle'],Blockchain,1,0,0,0,0,0,1,0,0,1,0,0,0,0,0,1,1,0,1
2597,Circle,0,0,1,1,4,1,1,1,1,1,0,0,0,0,0,0,1,0,1,0,1,5,5,1,['Electrum' 'Circle' 'Coinbase' 'Blockchain'],Electrum,0,1,0,0,0,0,0,1,0,0,1,0,1,0,0,0,1,0,0
2598,Circle,0,0,1,1,4,1,1,1,1,1,0,1,1,0,1,0,0,1,0,0,1,2,3,1,['Circle' 'Coinbase' 'Blockchain' 'Electrum'],Circle,0,0,0,1,0,0,1,0,1,0,0,0,0,1,0,0,0,1,1
2599,Circle,0,0,1,1,1,0,0,0,1,0,0,1,1,0,1,1,1,1,1,0,1,3,4,5,['Electrum' 'Circle' 'Coinbase' 'Blockchain'],Electrum,0,1,0,0,0,0,0,1,0,0,1,0,1,0,0,0,1,0,0
2600,Electrum,1,1,0,0,1,1,1,1,1,0,0,1,1,1,0,0,0,0,1,0,0,5,1,2,['Coinbase' 'Electrum' 'Blockchain' 'Circle'],Coinbase,0,0,1,0,0,1,0,0,1,0,0,0,0,0,0,1,0,1,1
2601,Electrum,1,1,0,0,2,0,0,0,0,1,0,1,1,1,1,1,1,0,1,0,0,2,1,2,['Circle' 'Electrum' 'Blockchain' 'Coinbase'],Circle,0,0,0,1,0,1,0,0,1,0,0,0,0,0,1,0,0,1,1
2602,Electrum,1,1,0,0,4,0,1,1,1,1,0,0,0,0,1,0,0,1,1,0,0,4,2,3,['Electrum' 'Coinbase' 'Circle' 'Blockchain'],Electrum,0,1,0,0,0,0,1,0,0,0,0,1,1,0,0,0,1,0,0
2603,Blockchain,1,0,0,0,3,1,1,1,1,0,0,1,1,0,0,1,0,1,0,0,1,5,5,4,['Circle' 'Coinbase' 'Blockchain' 'Electrum'],Circle,0,0,0,1,0,0,1,0,1,0,0,0,0,1,0,0,0,1,1
2604,Coinbase,0,0,1,1,3,0,1,0,0,0,0,1,0,0,0,1,0,0,0,0,0,5,1,5,['Blockchain' 'Circle' 'Electrum' 'Coinbase'],Blockchain,1,0,0,0,0,0,0,1,0,1,0,0,0,0,1,0,1,0,1
2605,Electrum,1,1,0,0,4,0,1,0,1,0,0,0,1,0,1,0,0,0,0,0,1,1,3,2,['Blockchain' 'Circle' 'Coinbase' 'Electrum'],Blockchain,1,0,0,0,0,0,0,1,0,0,1,0,0,1,0,0,1,0,1
2606,Circle,0,0,1,1,2,0,1,1,1,0,1,0,0,0,1,1,1,1,1,1,1,4,3,5,['Circle' 'Coinbase' 'Blockchain' 'Electrum'],Circle,0,0,0,1,0,0,1,0,1,0,0,0,0,1,0,0,0,1,1
2607,Electrum,1,1,0,0,4,1,1,0,1,1,1,0,0,0,0,0,1,0,0,0,1,2,4,4,['Electrum' 'Coinbase' 'Blockchain' 'Circle'],Electrum,0,1,0,0,0,0,1,0,1,0,0,0,0,0,0,1,1,0,0
2608,Blockchain,1,0,0,0,1,1,0,1,1,1,0,0,0,1,0,1,0,1,1,0,1,4,4,4,['Blockchain' 'Coinbase' 'Electrum' 'Circle'],Blockchain,1,0,0,0,0,0,1,0,0,1,0,0,0,0,0,1,1,0,1
2609,Circle,0,0,1,1,4,1,0,0,1,1,1,0,0,1,0,0,1,0,1,1,1,3,5,3,['Electrum' 'Coinbase' 'Circle' 'Blockchain'],Electrum,0,1,0,0,0,0,1,0,0,0,0,1,1,0,0,0,1,0,0
2610,Circle,0,0,1,1,2,1,0,0,1,0,0,0,1,1,1,1,1,1,1,1,1,2,4,1,['Circle' 'Electrum' 'Blockchain' 'Coinbase'],Circle,0,0,0,1,0,1,0,0,1,0,0,0,0,0,1,0,0,1,1
2611,Electrum,1,1,0,0,1,0,1,1,0,0,0,0,1,1,1,1,1,1,1,0,1,2,2,5,['Blockchain' 'Circle' 'Electrum' 'Coinbase'],Blockchain,1,0,0,0,0,0,0,1,0,1,0,0,0,0,1,0,1,0,1
2612,Circle,0,0,1,1,2,1,0,0,1,0,0,0,0,1,1,0,0,0,0,1,0,5,3,2,['Blockchain' 'Electrum' 'Coinbase' 'Circle'],Blockchain,1,0,0,0,0,1,0,0,0,0,1,0,0,0,0,1,1,0,1
2613,Circle,0,0,1,1,1,0,1,0,1,1,0,0,0,1,0,0,1,0,0,1,0,3,2,3,['Circle' 'Coinbase' 'Electrum' 'Blockchain'],Circle,0,0,0,1,0,0,1,0,0,1,0,0,1,0,0,0,0,1,1
2614,Circle,0,0,1,1,4,0,1,1,0,0,1,1,0,1,0,0,1,1,1,0,0,5,4,2,['Blockchain' 'Coinbase' 'Electrum' 'Circle'],Blockchain,1,0,0,0,0,0,1,0,0,1,0,0,0,0,0,1,1,0,1
2615,Electrum,1,1,0,0,4,0,1,0,0,0,1,0,1,1,0,0,1,0,0,1,1,1,3,2,['Coinbase' 'Circle' 'Electrum' 'Blockchain'],Coinbase,0,0,1,0,0,0,0,1,0,1,0,0,1,0,0,0,0,1,1
2616,Electrum,1,1,0,0,1,1,1,0,1,1,1,0,1,1,1,0,1,0,1,0,1,3,1,2,['Electrum' 'Coinbase' 'Blockchain' 'Circle'],Electrum,0,1,0,0,0,0,1,0,1,0,0,0,0,0,0,1,1,0,0
2617,Coinbase,0,0,1,1,3,1,0,1,1,1,1,0,1,1,0,0,0,1,0,1,1,2,3,3,['Blockchain' 'Electrum' 'Coinbase' 'Circle'],Blockchain,1,0,0,0,0,1,0,0,0,0,1,0,0,0,0,1,1,0,1
2618,Circle,0,0,1,1,3,0,1,1,1,0,1,0,1,1,0,0,0,0,1,0,1,2,1,4,['Coinbase' 'Circle' 'Electrum' 'Blockchain'],Coinbase,0,0,1,0,0,0,0,1,0,1,0,0,1,0,0,0,0,1,1
2619,Coinbase,0,0,1,1,2,0,1,0,0,0,1,0,0,0,0,1,0,1,0,1,1,2,5,3,['Electrum' 'Coinbase' 'Blockchain' 'Circle'],Electrum,0,1,0,0,0,0,1,0,1,0,0,0,0,0,0,1,1,0,0
2620,Coinbase,0,0,1,1,4,1,1,1,1,0,1,1,0,1,0,0,1,1,1,0,0,5,2,3,['Blockchain' 'Circle' 'Coinbase' 'Electrum'],Blockchain,1,0,0,0,0,0,0,1,0,0,1,0,0,1,0,0,1,0,1
2621,Coinbase,0,0,1,1,3,1,0,1,0,1,0,1,1,1,1,1,0,1,1,1,0,3,3,4,['Blockchain' 'Circle' 'Electrum' 'Coinbase'],Blockchain,1,0,0,0,0,0,0,1,0,1,0,0,0,0,1,0,1,0,1
2622,Electrum,1,1,0,0,2,1,1,1,1,0,1,1,1,0,0,0,1,1,0,0,0,5,2,4,['Blockchain' 'Circle' 'Electrum' 'Coinbase'],Blockchain,1,0,0,0,0,0,0,1,0,1,0,0,0,0,1,0,1,0,1
2623,Circle,0,0,1,1,3,1,1,0,0,1,1,0,0,0,0,1,1,1,0,0,0,1,4,3,['Circle' 'Electrum' 'Coinbase' 'Blockchain'],Circle,0,0,0,1,0,1,0,0,0,0,1,0,1,0,0,0,0,1,1
2624,Circle,0,0,1,1,1,1,1,1,0,1,1,0,1,1,1,1,1,1,1,1,0,2,2,1,['Electrum' 'Coinbase' 'Blockchain' 'Circle'],Electrum,0,1,0,0,0,0,1,0,1,0,0,0,0,0,0,1,1,0,0
2625,Blockchain,1,0,0,0,3,0,1,1,0,1,1,0,0,1,0,1,1,1,0,0,0,5,3,2,['Electrum' 'Blockchain' 'Circle' 'Coinbase'],Electrum,0,1,0,0,1,0,0,0,0,0,0,1,0,0,1,0,1,0,0
2626,Blockchain,1,0,0,0,3,1,1,0,0,1,0,1,0,0,1,1,0,1,1,0,1,5,5,3,['Electrum' 'Coinbase' 'Circle' 'Blockchain'],Electrum,0,1,0,0,0,0,1,0,0,0,0,1,1,0,0,0,1,0,0
2627,Blockchain,1,0,0,0,1,0,1,0,0,0,1,0,0,1,0,1,1,0,1,0,1,5,4,5,['Coinbase' 'Circle' 'Electrum' 'Blockchain'],Coinbase,0,0,1,0,0,0,0,1,0,1,0,0,1,0,0,0,0,1,1
2628,Electrum,1,1,0,0,1,1,1,0,1,0,0,0,0,1,0,1,1,0,1,1,0,1,5,5,['Coinbase' 'Blockchain' 'Circle' 'Electrum'],Coinbase,0,0,1,0,1,0,0,0,0,0,0,1,0,1,0,0,0,1,1
2629,Coinbase,0,0,1,1,1,1,0,0,0,1,1,1,1,1,1,0,0,0,0,1,0,4,2,1,['Circle' 'Coinbase' 'Electrum' 'Blockchain'],Circle,0,0,0,1,0,0,1,0,0,1,0,0,1,0,0,0,0,1,1
2630,Coinbase,0,0,1,1,3,1,0,0,0,0,0,1,0,0,1,0,0,0,1,1,1,3,3,5,['Circle' 'Coinbase' 'Blockchain' 'Electrum'],Circle,0,0,0,1,0,0,1,0,1,0,0,0,0,1,0,0,0,1,1
2631,Blockchain,1,0,0,0,4,0,0,1,0,1,0,0,0,0,0,1,0,1,0,1,0,5,3,5,['Blockchain' 'Coinbase' 'Electrum' 'Circle'],Blockchain,1,0,0,0,0,0,1,0,0,1,0,0,0,0,0,1,1,0,1
2632,Blockchain,1,0,0,0,2,1,1,0,0,0,1,1,0,0,0,1,0,0,0,1,1,5,5,5,['Blockchain' 'Electrum' 'Circle' 'Coinbase'],Blockchain,1,0,0,0,0,1,0,0,0,0,0,1,0,0,1,0,1,0,1
2633,Coinbase,0,0,1,1,3,0,0,0,0,0,1,0,1,1,1,0,1,0,1,1,1,2,3,2,['Circle' 'Blockchain' 'Electrum' 'Coinbase'],Circle,0,0,0,1,1,0,0,0,0,1,0,0,0,0,1,0,0,1,1
2634,Circle,0,0,1,1,3,1,1,0,0,0,0,0,1,0,1,0,0,1,1,0,1,3,5,1,['Circle' 'Coinbase' 'Blockchain' 'Electrum'],Circle,0,0,0,1,0,0,1,0,1,0,0,0,0,1,0,0,0,1,1
2635,Circle,0,0,1,1,1,0,1,0,0,1,0,1,0,1,0,1,1,1,0,1,0,1,1,4,['Blockchain' 'Electrum' 'Coinbase' 'Circle'],Blockchain,1,0,0,0,0,1,0,0,0,0,1,0,0,0,0,1,1,0,1
2636,Circle,0,0,1,1,4,1,0,1,0,1,0,0,1,1,0,1,0,0,1,0,0,3,3,1,['Coinbase' 'Circle' 'Electrum' 'Blockchain'],Coinbase,0,0,1,0,0,0,0,1,0,1,0,0,1,0,0,0,0,1,1
2637,Blockchain,1,0,0,0,2,0,1,1,0,0,0,0,0,1,0,0,0,0,0,0,0,2,1,1,['Electrum' 'Coinbase' 'Circle' 'Blockchain'],Electrum,0,1,0,0,0,0,1,0,0,0,0,1,1,0,0,0,1,0,0
2638,Circle,0,0,1,1,1,1,0,0,0,0,0,0,0,1,1,1,0,1,0,1,1,3,4,1,['Circle' 'Electrum' 'Blockchain' 'Coinbase'],Circle,0,0,0,1,0,1,0,0,1,0,0,0,0,0,1,0,0,1,1
2639,Electrum,1,1,0,0,2,0,1,1,0,1,1,1,1,1,1,1,1,0,1,0,0,4,4,1,['Blockchain' 'Electrum' 'Circle' 'Coinbase'],Blockchain,1,0,0,0,0,1,0,0,0,0,0,1,0,0,1,0,1,0,1
2640,Electrum,1,1,0,0,1,0,1,1,0,0,0,1,0,1,0,0,1,0,1,0,1,5,1,1,['Blockchain' 'Coinbase' 'Circle' 'Electrum'],Blockchain,1,0,0,0,0,0,1,0,0,0,0,1,0,1,0,0,1,0,1
2641,Electrum,1,1,0,0,2,1,0,1,1,0,0,1,0,1,0,0,1,1,1,0,1,3,1,5,['Blockchain' 'Circle' 'Electrum' 'Coinbase'],Blockchain,1,0,0,0,0,0,0,1,0,1,0,0,0,0,1,0,1,0,1
2642,Electrum,1,1,0,0,4,1,1,1,1,0,1,1,1,1,0,1,0,0,1,1,0,5,1,2,['Electrum' 'Circle' 'Blockchain' 'Coinbase'],Electrum,0,1,0,0,0,0,0,1,1,0,0,0,0,0,1,0,1,0,0
2643,Blockchain,1,0,0,0,4,0,0,0,0,0,0,1,0,1,1,1,0,0,1,0,1,5,3,4,['Coinbase' 'Electrum' 'Circle' 'Blockchain'],Coinbase,0,0,1,0,0,1,0,0,0,0,0,1,1,0,0,0,0,1,1
2644,Electrum,1,1,0,0,1,0,1,0,0,0,1,0,1,0,0,1,0,1,1,1,1,1,1,5,['Circle' 'Coinbase' 'Electrum' 'Blockchain'],Circle,0,0,0,1,0,0,1,0,0,1,0,0,1,0,0,0,0,1,1
2645,Blockchain,1,0,0,0,1,0,0,1,1,1,0,1,1,0,1,0,0,1,0,1,1,5,1,2,['Coinbase' 'Circle' 'Blockchain' 'Electrum'],Coinbase,0,0,1,0,0,0,0,1,1,0,0,0,0,1,0,0,0,1,1
2646,Blockchain,1,0,0,0,4,1,1,1,0,1,0,0,1,1,0,1,1,0,0,0,0,4,1,4,['Circle' 'Coinbase' 'Blockchain' 'Electrum'],Circle,0,0,0,1,0,0,1,0,1,0,0,0,0,1,0,0,0,1,1
2647,Circle,0,0,1,1,1,1,1,1,0,0,1,0,1,1,0,0,1,0,1,0,0,5,5,5,['Circle' 'Electrum' 'Blockchain' 'Coinbase'],Circle,0,0,0,1,0,1,0,0,1,0,0,0,0,0,1,0,0,1,1
2648,Circle,0,0,1,1,3,0,0,0,0,1,1,0,0,1,0,1,0,1,0,0,0,4,4,4,['Circle' 'Blockchain' 'Electrum' 'Coinbase'],Circle,0,0,0,1,1,0,0,0,0,1,0,0,0,0,1,0,0,1,1
2649,Blockchain,1,0,0,0,1,1,1,1,1,0,1,1,0,0,0,1,0,1,1,0,1,2,5,1,['Electrum' 'Blockchain' 'Circle' 'Coinbase'],Electrum,0,1,0,0,1,0,0,0,0,0,0,1,0,0,1,0,1,0,0
2650,Circle,0,0,1,1,4,1,1,1,1,0,1,0,0,0,0,1,0,0,0,0,1,3,1,3,['Blockchain' 'Circle' 'Coinbase' 'Electrum'],Blockchain,1,0,0,0,0,0,0,1,0,0,1,0,0,1,0,0,1,0,1
2651,Electrum,1,1,0,0,1,1,1,1,1,0,0,1,0,0,0,1,0,0,0,1,0,3,2,5,['Electrum' 'Circle' 'Coinbase' 'Blockchain'],Electrum,0,1,0,0,0,0,0,1,0,0,1,0,1,0,0,0,1,0,0
2652,Electrum,1,1,0,0,2,1,1,0,1,0,0,0,0,1,0,1,1,0,1,1,0,5,1,4,['Electrum' 'Coinbase' 'Circle' 'Blockchain'],Electrum,0,1,0,0,0,0,1,0,0,0,0,1,1,0,0,0,1,0,0
2653,Circle,0,0,1,1,3,0,1,0,0,1,0,0,1,1,0,1,1,0,1,1,1,4,4,3,['Circle' 'Coinbase' 'Electrum' 'Blockchain'],Circle,0,0,0,1,0,0,1,0,0,1,0,0,1,0,0,0,0,1,1
2654,Blockchain,1,0,0,0,3,1,1,1,1,0,1,0,0,0,1,1,1,1,1,1,0,2,3,4,['Coinbase' 'Electrum' 'Blockchain' 'Circle'],Coinbase,0,0,1,0,0,1,0,0,1,0,0,0,0,0,0,1,0,1,1
2655,Circle,0,0,1,1,2,0,0,0,1,1,0,1,0,1,1,0,1,1,1,1,1,5,2,4,['Blockchain' 'Circle' 'Coinbase' 'Electrum'],Blockchain,1,0,0,0,0,0,0,1,0,0,1,0,0,1,0,0,1,0,1
2656,Blockchain,1,0,0,0,2,0,0,0,0,1,0,1,1,1,0,0,0,0,1,0,0,1,4,2,['Blockchain' 'Coinbase' 'Circle' 'Electrum'],Blockchain,1,0,0,0,0,0,1,0,0,0,0,1,0,1,0,0,1,0,1
2657,Coinbase,0,0,1,1,4,0,1,1,1,1,1,0,1,1,0,0,1,1,1,0,1,4,4,2,['Electrum' 'Coinbase' 'Circle' 'Blockchain'],Electrum,0,1,0,0,0,0,1,0,0,0,0,1,1,0,0,0,1,0,0
2658,Blockchain,1,0,0,0,1,0,1,1,0,1,0,0,1,1,1,1,1,0,0,0,1,4,1,1,['Electrum' 'Coinbase' 'Circle' 'Blockchain'],Electrum,0,1,0,0,0,0,1,0,0,0,0,1,1,0,0,0,1,0,0
2659,Electrum,1,1,0,0,3,1,1,1,1,0,0,1,1,1,1,1,0,0,0,1,0,5,5,1,['Coinbase' 'Electrum' 'Blockchain' 'Circle'],Coinbase,0,0,1,0,0,1,0,0,1,0,0,0,0,0,0,1,0,1,1
2660,Electrum,1,1,0,0,4,0,1,0,1,0,1,0,0,1,0,0,0,1,1,1,0,2,5,3,['Circle' 'Blockchain' 'Coinbase' 'Electrum'],Circle,0,0,0,1,1,0,0,0,0,0,1,0,0,1,0,0,0,1,1
2661,Blockchain,1,0,0,0,2,0,0,1,1,1,1,1,0,1,1,1,0,0,0,0,1,1,4,4,['Blockchain' 'Circle' 'Coinbase' 'Electrum'],Blockchain,1,0,0,0,0,0,0,1,0,0,1,0,0,1,0,0,1,0,1
2662,Coinbase,0,0,1,1,2,1,0,1,0,0,0,1,1,0,0,0,1,1,1,1,1,1,2,2,['Blockchain' 'Electrum' 'Coinbase' 'Circle'],Blockchain,1,0,0,0,0,1,0,0,0,0,1,0,0,0,0,1,1,0,1
2663,Blockchain,1,0,0,0,3,1,0,1,1,0,0,0,0,1,1,0,0,1,0,0,0,5,4,5,['Electrum' 'Coinbase' 'Blockchain' 'Circle'],Electrum,0,1,0,0,0,0,1,0,1,0,0,0,0,0,0,1,1,0,0
2664,Electrum,1,1,0,0,1,0,0,1,0,1,0,1,0,0,1,0,1,0,1,0,1,1,4,2,['Coinbase' 'Circle' 'Blockchain' 'Electrum'],Coinbase,0,0,1,0,0,0,0,1,1,0,0,0,0,1,0,0,0,1,1
2665,Circle,0,0,1,1,4,0,1,0,0,0,0,0,0,1,0,0,1,1,0,0,0,1,1,5,['Circle' 'Blockchain' 'Electrum' 'Coinbase'],Circle,0,0,0,1,1,0,0,0,0,1,0,0,0,0,1,0,0,1,1
2666,Blockchain,1,0,0,0,4,0,1,1,1,1,0,0,1,0,0,1,0,0,0,0,0,5,4,2,['Circle' 'Electrum' 'Coinbase' 'Blockchain'],Circle,0,0,0,1,0,1,0,0,0,0,1,0,1,0,0,0,0,1,1
2667,Coinbase,0,0,1,1,2,0,1,1,1,0,0,0,1,0,0,1,1,0,0,1,1,3,4,2,['Circle' 'Coinbase' 'Electrum' 'Blockchain'],Circle,0,0,0,1,0,0,1,0,0,1,0,0,1,0,0,0,0,1,1
2668,Circle,0,0,1,1,1,0,1,0,0,1,1,0,0,1,0,1,0,1,0,1,0,3,1,4,['Electrum' 'Circle' 'Blockchain' 'Coinbase'],Electrum,0,1,0,0,0,0,0,1,1,0,0,0,0,0,1,0,1,0,0
2669,Coinbase,0,0,1,1,2,0,0,1,0,1,1,0,0,0,1,1,0,0,1,1,1,2,5,3,['Blockchain' 'Circle' 'Electrum' 'Coinbase'],Blockchain,1,0,0,0,0,0,0,1,0,1,0,0,0,0,1,0,1,0,1
2670,Electrum,1,1,0,0,1,1,1,0,1,1,1,1,0,0,1,0,1,1,1,0,0,1,3,3,['Blockchain' 'Electrum' 'Circle' 'Coinbase'],Blockchain,1,0,0,0,0,1,0,0,0,0,0,1,0,0,1,0,1,0,1
2671,Circle,0,0,1,1,4,0,1,0,0,1,0,0,0,1,0,0,0,0,1,0,1,5,3,4,['Blockchain' 'Electrum' 'Circle' 'Coinbase'],Blockchain,1,0,0,0,0,1,0,0,0,0,0,1,0,0,1,0,1,0,1
2672,Blockchain,1,0,0,0,2,0,1,1,0,0,1,0,0,1,1,0,1,0,0,1,1,4,4,4,['Circle' 'Coinbase' 'Electrum' 'Blockchain'],Circle,0,0,0,1,0,0,1,0,0,1,0,0,1,0,0,0,0,1,1
2673,Coinbase,0,0,1,1,2,0,1,1,0,0,1,1,0,1,1,1,0,1,0,1,1,1,5,3,['Circle' 'Blockchain' 'Coinbase' 'Electrum'],Circle,0,0,0,1,1,0,0,0,0,0,1,0,0,1,0,0,0,1,1
2674,Coinbase,0,0,1,1,4,0,0,0,1,0,0,1,0,0,1,0,0,0,0,1,1,4,2,1,['Coinbase' 'Blockchain' 'Electrum' 'Circle'],Coinbase,0,0,1,0,1,0,0,0,0,1,0,0,0,0,0,1,0,1,1
2675,Circle,0,0,1,1,2,0,1,1,1,0,1,1,1,1,0,1,1,1,0,0,1,5,5,2,['Coinbase' 'Electrum' 'Circle' 'Blockchain'],Coinbase,0,0,1,0,0,1,0,0,0,0,0,1,1,0,0,0,0,1,1
2676,Coinbase,0,0,1,1,4,1,0,1,1,0,0,0,0,0,0,1,1,1,0,0,0,2,5,4,['Electrum' 'Blockchain' 'Coinbase' 'Circle'],Electrum,0,1,0,0,1,0,0,0,0,0,1,0,0,0,0,1,1,0,0
2677,Electrum,1,1,0,0,4,1,1,0,0,1,0,1,0,0,0,0,0,0,0,1,0,4,2,4,['Blockchain' 'Coinbase' 'Circle' 'Electrum'],Blockchain,1,0,0,0,0,0,1,0,0,0,0,1,0,1,0,0,1,0,1
2678,Coinbase,0,0,1,1,3,0,0,0,1,1,0,0,1,1,1,1,1,0,0,1,1,5,3,3,['Electrum' 'Blockchain' 'Coinbase' 'Circle'],Electrum,0,1,0,0,1,0,0,0,0,0,1,0,0,0,0,1,1,0,0
2679,Blockchain,1,0,0,0,4,0,0,0,0,0,1,1,0,0,0,1,0,1,1,1,0,1,2,1,['Electrum' 'Circle' 'Blockchain' 'Coinbase'],Electrum,0,1,0,0,0,0,0,1,1,0,0,0,0,0,1,0,1,0,0
2680,Circle,0,0,1,1,3,0,1,1,0,1,1,0,0,0,1,0,1,1,1,0,1,1,5,5,['Coinbase' 'Circle' 'Blockchain' 'Electrum'],Coinbase,0,0,1,0,0,0,0,1,1,0,0,0,0,1,0,0,0,1,1
2681,Circle,0,0,1,1,1,1,1,0,1,1,0,1,0,1,1,0,1,0,1,0,1,3,4,4,['Blockchain' 'Electrum' 'Circle' 'Coinbase'],Blockchain,1,0,0,0,0,1,0,0,0,0,0,1,0,0,1,0,1,0,1
2682,Electrum,1,1,0,0,3,0,1,0,1,1,0,0,0,1,1,0,0,1,1,1,0,5,5,1,['Blockchain' 'Electrum' 'Circle' 'Coinbase'],Blockchain,1,0,0,0,0,1,0,0,0,0,0,1,0,0,1,0,1,0,1
2683,Electrum,1,1,0,0,4,0,1,1,1,0,0,1,1,0,1,1,1,0,1,1,1,3,3,4,['Coinbase' 'Blockchain' 'Circle' 'Electrum'],Coinbase,0,0,1,0,1,0,0,0,0,0,0,1,0,1,0,0,0,1,1
2684,Coinbase,0,0,1,1,3,0,0,0,0,0,0,0,1,0,1,1,1,0,1,1,0,4,1,1,['Electrum' 'Coinbase' 'Circle' 'Blockchain'],Electrum,0,1,0,0,0,0,1,0,0,0,0,1,1,0,0,0,1,0,0
2685,Circle,0,0,1,1,1,0,0,1,0,0,1,0,1,1,1,0,0,1,0,1,0,2,2,1,['Blockchain' 'Circle' 'Coinbase' 'Electrum'],Blockchain,1,0,0,0,0,0,0,1,0,0,1,0,0,1,0,0,1,0,1
2686,Electrum,1,1,0,0,3,0,1,0,0,1,0,1,1,0,1,1,1,0,1,0,1,3,1,2,['Circle' 'Blockchain' 'Electrum' 'Coinbase'],Circle,0,0,0,1,1,0,0,0,0,1,0,0,0,0,1,0,0,1,1
2687,Circle,0,0,1,1,3,1,0,1,0,0,0,1,0,1,0,0,1,0,1,0,0,5,5,1,['Circle' 'Electrum' 'Blockchain' 'Coinbase'],Circle,0,0,0,1,0,1,0,0,1,0,0,0,0,0,1,0,0,1,1
2688,Blockchain,1,0,0,0,2,1,0,0,1,0,1,1,0,1,1,1,0,0,1,0,0,4,5,1,['Blockchain' 'Circle' 'Electrum' 'Coinbase'],Blockchain,1,0,0,0,0,0,0,1,0,1,0,0,0,0,1,0,1,0,1
2689,Electrum,1,1,0,0,1,0,1,1,0,1,1,0,1,0,0,1,0,0,1,1,0,2,4,5,['Coinbase' 'Blockchain' 'Circle' 'Electrum'],Coinbase,0,0,1,0,1,0,0,0,0,0,0,1,0,1,0,0,0,1,1
2690,Coinbase,0,0,1,1,3,1,1,0,1,0,1,0,1,1,1,0,0,1,0,1,1,5,5,4,['Blockchain' 'Circle' 'Electrum' 'Coinbase'],Blockchain,1,0,0,0,0,0,0,1,0,1,0,0,0,0,1,0,1,0,1
2691,Electrum,1,1,0,0,4,0,0,1,0,0,1,1,0,0,1,0,1,1,0,1,0,5,2,1,['Blockchain' 'Circle' 'Electrum' 'Coinbase'],Blockchain,1,0,0,0,0,0,0,1,0,1,0,0,0,0,1,0,1,0,1
2692,Circle,0,0,1,1,4,0,1,0,0,0,0,1,0,1,0,0,0,1,0,0,1,1,5,2,['Electrum' 'Blockchain' 'Circle' 'Coinbase'],Electrum,0,1,0,0,1,0,0,0,0,0,0,1,0,0,1,0,1,0,0
2693,Blockchain,1,0,0,0,1,0,1,0,1,0,1,0,0,0,0,0,0,0,0,1,0,4,1,5,['Circle' 'Electrum' 'Blockchain' 'Coinbase'],Circle,0,0,0,1,0,1,0,0,1,0,0,0,0,0,1,0,0,1,1
2694,Electrum,1,1,0,0,4,1,0,1,1,0,1,1,1,1,0,1,1,0,1,1,1,3,4,4,['Coinbase' 'Circle' 'Blockchain' 'Electrum'],Coinbase,0,0,1,0,0,0,0,1,1,0,0,0,0,1,0,0,0,1,1
2695,Coinbase,0,0,1,1,3,0,0,1,0,1,0,1,1,1,1,0,1,1,1,1,1,2,5,1,['Electrum' 'Circle' 'Coinbase' 'Blockchain'],Electrum,0,1,0,0,0,0,0,1,0,0,1,0,1,0,0,0,1,0,0
2696,Coinbase,0,0,1,1,4,0,0,0,1,0,0,0,1,1,0,0,0,1,0,1,0,1,3,2,['Blockchain' 'Circle' 'Coinbase' 'Electrum'],Blockchain,1,0,0,0,0,0,0,1,0,0,1,0,0,1,0,0,1,0,1
2697,Blockchain,1,0,0,0,4,0,0,1,0,1,0,0,1,0,1,1,0,1,0,0,1,5,5,2,['Circle' 'Blockchain' 'Electrum' 'Coinbase'],Circle,0,0,0,1,1,0,0,0,0,1,0,0,0,0,1,0,0,1,1
2698,Circle,0,0,1,1,4,0,1,1,1,1,1,0,0,0,1,0,0,1,1,0,1,1,1,3,['Circle' 'Electrum' 'Coinbase' 'Blockchain'],Circle,0,0,0,1,0,1,0,0,0,0,1,0,1,0,0,0,0,1,1
2699,Blockchain,1,0,0,0,1,0,1,1,0,1,0,0,0,1,0,0,0,1,0,0,1,2,3,2,['Circle' 'Coinbase' 'Blockchain' 'Electrum'],Circle,0,0,0,1,0,0,1,0,1,0,0,0,0,1,0,0,0,1,1
2700,Circle,0,0,1,1,4,0,0,0,0,0,1,0,0,0,0,1,1,1,1,1,0,2,1,4,['Blockchain' 'Electrum' 'Circle' 'Coinbase'],Blockchain,1,0,0,0,0,1,0,0,0,0,0,1,0,0,1,0,1,0,1
2701,Coinbase,0,0,1,1,4,0,1,0,0,1,1,0,0,1,1,0,1,0,1,0,0,4,4,5,['Electrum' 'Circle' 'Coinbase' 'Blockchain'],Electrum,0,1,0,0,0,0,0,1,0,0,1,0,1,0,0,0,1,0,0
2702,Coinbase,0,0,1,1,3,1,1,1,1,0,0,1,0,0,0,1,0,1,1,0,0,2,1,1,['Blockchain' 'Electrum' 'Circle' 'Coinbase'],Blockchain,1,0,0,0,0,1,0,0,0,0,0,1,0,0,1,0,1,0,1
2703,Electrum,1,1,0,0,1,0,1,0,1,1,1,1,0,1,0,0,1,0,1,0,0,5,4,2,['Blockchain' 'Electrum' 'Circle' 'Coinbase'],Blockchain,1,0,0,0,0,1,0,0,0,0,0,1,0,0,1,0,1,0,1
2704,Electrum,1,1,0,0,2,1,0,0,0,1,1,0,1,1,0,1,0,1,1,0,0,3,2,3,['Blockchain' 'Electrum' 'Coinbase' 'Circle'],Blockchain,1,0,0,0,0,1,0,0,0,0,1,0,0,0,0,1,1,0,1
2705,Electrum,1,1,0,0,2,1,0,1,1,0,0,0,1,1,0,0,0,1,0,0,1,5,3,2,['Blockchain' 'Circle' 'Coinbase' 'Electrum'],Blockchain,1,0,0,0,0,0,0,1,0,0,1,0,0,1,0,0,1,0,1
2706,Blockchain,1,0,0,0,2,1,0,1,1,1,0,1,1,0,1,1,1,1,1,0,0,3,5,5,['Blockchain' 'Electrum' 'Circle' 'Coinbase'],Blockchain,1,0,0,0,0,1,0,0,0,0,0,1,0,0,1,0,1,0,1
2707,Circle,0,0,1,1,2,0,0,0,0,1,1,1,0,1,1,1,0,0,0,0,1,4,5,3,['Circle' 'Blockchain' 'Electrum' 'Coinbase'],Circle,0,0,0,1,1,0,0,0,0,1,0,0,0,0,1,0,0,1,1
2708,Coinbase,0,0,1,1,1,1,0,0,0,0,0,0,1,1,0,0,0,0,0,1,1,3,1,2,['Blockchain' 'Electrum' 'Coinbase' 'Circle'],Blockchain,1,0,0,0,0,1,0,0,0,0,1,0,0,0,0,1,1,0,1
2709,Electrum,1,1,0,0,2,1,0,1,0,1,0,1,0,0,0,0,1,0,0,1,1,3,2,3,['Blockchain' 'Electrum' 'Coinbase' 'Circle'],Blockchain,1,0,0,0,0,1,0,0,0,0,1,0,0,0,0,1,1,0,1
2710,Coinbase,0,0,1,1,4,0,1,1,1,0,1,1,1,0,0,1,1,1,1,0,1,1,3,3,['Coinbase' 'Circle' 'Electrum' 'Blockchain'],Coinbase,0,0,1,0,0,0,0,1,0,1,0,0,1,0,0,0,0,1,1
2711,Coinbase,0,0,1,1,2,0,0,0,0,0,0,1,0,1,1,0,1,0,1,0,0,3,4,5,['Coinbase' 'Circle' 'Electrum' 'Blockchain'],Coinbase,0,0,1,0,0,0,0,1,0,1,0,0,1,0,0,0,0,1,1
2712,Blockchain,1,0,0,0,4,0,1,1,1,1,0,0,0,1,0,1,1,0,0,1,1,1,1,3,['Blockchain' 'Circle' 'Coinbase' 'Electrum'],Blockchain,1,0,0,0,0,0,0,1,0,0,1,0,0,1,0,0,1,0,1
2713,Circle,0,0,1,1,4,0,1,1,0,1,0,0,0,1,0,0,1,0,1,0,1,4,3,5,['Circle' 'Coinbase' 'Blockchain' 'Electrum'],Circle,0,0,0,1,0,0,1,0,1,0,0,0,0,1,0,0,0,1,1
2714,Coinbase,0,0,1,1,4,0,0,1,0,0,1,0,1,0,0,0,1,0,0,0,0,5,4,3,['Circle' 'Electrum' 'Blockchain' 'Coinbase'],Circle,0,0,0,1,0,1,0,0,1,0,0,0,0,0,1,0,0,1,1
2715,Coinbase,0,0,1,1,2,1,1,0,1,0,1,0,0,1,1,0,0,1,1,1,0,3,4,5,['Blockchain' 'Coinbase' 'Electrum' 'Circle'],Blockchain,1,0,0,0,0,0,1,0,0,1,0,0,0,0,0,1,1,0,1
2716,Electrum,1,1,0,0,3,1,0,1,1,1,0,1,1,1,1,1,1,1,1,0,0,2,4,5,['Blockchain' 'Coinbase' 'Electrum' 'Circle'],Blockchain,1,0,0,0,0,0,1,0,0,1,0,0,0,0,0,1,1,0,1
2717,Blockchain,1,0,0,0,1,0,0,0,1,0,0,0,1,1,0,1,1,1,1,1,1,2,2,3,['Blockchain' 'Circle' 'Electrum' 'Coinbase'],Blockchain,1,0,0,0,0,0,0,1,0,1,0,0,0,0,1,0,1,0,1
2718,Coinbase,0,0,1,1,1,0,1,0,1,0,1,0,0,0,0,0,0,0,0,1,0,3,4,5,['Circle' 'Coinbase' 'Blockchain' 'Electrum'],Circle,0,0,0,1,0,0,1,0,1,0,0,0,0,1,0,0,0,1,1
2719,Coinbase,0,0,1,1,2,0,1,1,1,1,0,1,0,0,1,0,0,0,0,0,1,2,1,3,['Coinbase' 'Circle' 'Blockchain' 'Electrum'],Coinbase,0,0,1,0,0,0,0,1,1,0,0,0,0,1,0,0,0,1,1
2720,Electrum,1,1,0,0,4,1,0,1,0,1,0,0,1,1,0,1,0,0,0,1,1,3,2,5,['Circle' 'Electrum' 'Coinbase' 'Blockchain'],Circle,0,0,0,1,0,1,0,0,0,0,1,0,1,0,0,0,0,1,1
2721,Circle,0,0,1,1,1,1,1,0,1,0,1,0,1,0,1,0,1,0,0,0,0,4,5,1,['Blockchain' 'Electrum' 'Coinbase' 'Circle'],Blockchain,1,0,0,0,0,1,0,0,0,0,1,0,0,0,0,1,1,0,1
2722,Electrum,1,1,0,0,1,1,1,0,0,0,1,1,0,1,0,0,1,0,1,1,1,5,3,5,['Circle' 'Electrum' 'Blockchain' 'Coinbase'],Circle,0,0,0,1,0,1,0,0,1,0,0,0,0,0,1,0,0,1,1
2723,Coinbase,0,0,1,1,1,1,0,1,1,1,1,1,1,1,0,0,0,1,1,1,1,3,5,5,['Coinbase' 'Circle' 'Electrum' 'Blockchain'],Coinbase,0,0,1,0,0,0,0,1,0,1,0,0,1,0,0,0,0,1,1
2724,Coinbase,0,0,1,1,1,0,1,1,1,1,1,1,1,1,1,0,0,0,1,0,0,2,4,4,['Electrum' 'Coinbase' 'Blockchain' 'Circle'],Electrum,0,1,0,0,0,0,1,0,1,0,0,0,0,0,0,1,1,0,0
2725,Blockchain,1,0,0,0,2,0,0,0,0,1,1,0,1,0,0,0,0,0,0,0,0,1,1,3,['Coinbase' 'Circle' 'Blockchain' 'Electrum'],Coinbase,0,0,1,0,0,0,0,1,1,0,0,0,0,1,0,0,0,1,1
2726,Blockchain,1,0,0,0,3,1,1,0,0,1,1,0,0,0,1,1,0,1,0,0,0,2,1,2,['Circle' 'Coinbase' 'Electrum' 'Blockchain'],Circle,0,0,0,1,0,0,1,0,0,1,0,0,1,0,0,0,0,1,1
2727,Circle,0,0,1,1,3,1,0,1,0,1,1,1,1,1,1,0,1,1,0,0,0,4,2,3,['Circle' 'Electrum' 'Blockchain' 'Coinbase'],Circle,0,0,0,1,0,1,0,0,1,0,0,0,0,0,1,0,0,1,1
2728,Electrum,1,1,0,0,4,0,0,1,0,1,1,0,1,0,1,1,0,0,0,1,1,2,3,2,['Electrum' 'Coinbase' 'Blockchain' 'Circle'],Electrum,0,1,0,0,0,0,1,0,1,0,0,0,0,0,0,1,1,0,0
2729,Electrum,1,1,0,0,3,1,0,1,0,0,0,0,1,1,1,0,0,0,1,1,1,1,2,4,['Blockchain' 'Electrum' 'Coinbase' 'Circle'],Blockchain,1,0,0,0,0,1,0,0,0,0,1,0,0,0,0,1,1,0,1
2730,Electrum,1,1,0,0,3,0,0,1,1,1,0,1,1,1,0,0,0,1,0,1,0,1,1,2,['Coinbase' 'Electrum' 'Circle' 'Blockchain'],Coinbase,0,0,1,0,0,1,0,0,0,0,0,1,1,0,0,0,0,1,1
2731,Coinbase,0,0,1,1,4,0,1,1,0,0,1,0,0,1,0,1,0,0,0,1,1,5,4,5,['Blockchain' 'Coinbase' 'Electrum' 'Circle'],Blockchain,1,0,0,0,0,0,1,0,0,1,0,0,0,0,0,1,1,0,1
2732,Electrum,1,1,0,0,3,1,0,0,1,1,1,1,1,1,1,1,0,1,0,0,0,5,3,1,['Electrum' 'Blockchain' 'Circle' 'Coinbase'],Electrum,0,1,0,0,1,0,0,0,0,0,0,1,0,0,1,0,1,0,0
2733,Circle,0,0,1,1,1,1,0,1,1,1,1,0,0,0,0,0,0,1,1,0,0,5,2,3,['Coinbase' 'Circle' 'Electrum' 'Blockchain'],Coinbase,0,0,1,0,0,0,0,1,0,1,0,0,1,0,0,0,0,1,1
2734,Coinbase,0,0,1,1,1,1,0,0,0,1,0,0,0,1,1,1,1,1,0,0,0,5,3,3,['Electrum' 'Circle' 'Coinbase' 'Blockchain'],Electrum,0,1,0,0,0,0,0,1,0,0,1,0,1,0,0,0,1,0,0
2735,Circle,0,0,1,1,3,0,0,1,0,0,1,0,0,0,1,0,0,1,0,0,1,5,2,3,['Circle' 'Blockchain' 'Coinbase' 'Electrum'],Circle,0,0,0,1,1,0,0,0,0,0,1,0,0,1,0,0,0,1,1
2736,Electrum,1,1,0,0,2,1,1,0,0,0,0,0,1,0,0,0,0,1,1,0,0,5,3,5,['Blockchain' 'Circle' 'Coinbase' 'Electrum'],Blockchain,1,0,0,0,0,0,0,1,0,0,1,0,0,1,0,0,1,0,1
2737,Coinbase,0,0,1,1,1,1,0,1,0,0,1,1,0,1,1,0,0,1,0,0,0,3,2,1,['Coinbase' 'Circle' 'Electrum' 'Blockchain'],Coinbase,0,0,1,0,0,0,0,1,0,1,0,0,1,0,0,0,0,1,1
2738,Circle,0,0,1,1,3,0,0,1,0,1,0,1,0,0,1,0,1,1,1,1,1,1,2,2,['Blockchain' 'Coinbase' 'Circle' 'Electrum'],Blockchain,1,0,0,0,0,0,1,0,0,0,0,1,0,1,0,0,1,0,1
2739,Coinbase,0,0,1,1,1,0,1,0,0,1,0,1,1,1,1,0,0,1,0,0,0,1,5,3,['Blockchain' 'Coinbase' 'Electrum' 'Circle'],Blockchain,1,0,0,0,0,0,1,0,0,1,0,0,0,0,0,1,1,0,1
2740,Blockchain,1,0,0,0,1,1,1,0,0,1,0,0,0,1,0,1,1,1,1,1,0,3,2,4,['Circle' 'Blockchain' 'Electrum' 'Coinbase'],Circle,0,0,0,1,1,0,0,0,0,1,0,0,0,0,1,0,0,1,1
2741,Coinbase,0,0,1,1,1,0,1,1,1,0,0,1,0,0,1,0,0,1,1,0,0,5,3,4,['Electrum' 'Coinbase' 'Circle' 'Blockchain'],Electrum,0,1,0,0,0,0,1,0,0,0,0,1,1,0,0,0,1,0,0
2742,Blockchain,1,0,0,0,1,0,1,1,0,1,0,1,0,1,1,1,1,1,1,1,0,4,3,5,['Coinbase' 'Circle' 'Blockchain' 'Electrum'],Coinbase,0,0,1,0,0,0,0,1,1,0,0,0,0,1,0,0,0,1,1
2743,Electrum,1,1,0,0,1,0,0,1,1,0,0,1,1,1,1,1,0,1,0,1,1,2,4,3,['Coinbase' 'Electrum' 'Blockchain' 'Circle'],Coinbase,0,0,1,0,0,1,0,0,1,0,0,0,0,0,0,1,0,1,1
2744,Coinbase,0,0,1,1,2,1,0,0,0,0,0,1,0,0,0,0,0,1,1,1,1,2,3,2,['Electrum' 'Coinbase' 'Blockchain' 'Circle'],Electrum,0,1,0,0,0,0,1,0,1,0,0,0,0,0,0,1,1,0,0
2745,Blockchain,1,0,0,0,1,1,0,1,1,1,1,1,0,0,0,0,0,0,1,0,0,4,3,4,['Blockchain' 'Coinbase' 'Circle' 'Electrum'],Blockchain,1,0,0,0,0,0,1,0,0,0,0,1,0,1,0,0,1,0,1
2746,Electrum,1,1,0,0,1,1,0,0,0,0,0,1,1,0,1,1,0,1,0,0,1,5,1,2,['Circle' 'Coinbase' 'Electrum' 'Blockchain'],Circle,0,0,0,1,0,0,1,0,0,1,0,0,1,0,0,0,0,1,1
2747,Blockchain,1,0,0,0,2,1,0,0,0,1,0,1,0,1,1,0,1,1,0,0,1,1,4,4,['Electrum' 'Coinbase' 'Circle' 'Blockchain'],Electrum,0,1,0,0,0,0,1,0,0,0,0,1,1,0,0,0,1,0,0
2748,Coinbase,0,0,1,1,1,1,1,0,1,0,1,0,1,0,1,1,1,1,0,1,0,4,1,4,['Coinbase' 'Blockchain' 'Electrum' 'Circle'],Coinbase,0,0,1,0,1,0,0,0,0,1,0,0,0,0,0,1,0,1,1
2749,Blockchain,1,0,0,0,4,0,0,1,1,1,0,0,1,0,0,1,1,1,1,0,0,3,2,4,['Electrum' 'Blockchain' 'Coinbase' 'Circle'],Electrum,0,1,0,0,1,0,0,0,0,0,1,0,0,0,0,1,1,0,0
2750,Blockchain,1,0,0,0,1,0,1,0,0,1,0,1,0,1,1,0,0,1,0,0,0,1,3,1,['Coinbase' 'Circle' 'Electrum' 'Blockchain'],Coinbase,0,0,1,0,0,0,0,1,0,1,0,0,1,0,0,0,0,1,1
2751,Circle,0,0,1,1,2,1,0,0,1,1,1,0,0,0,0,1,0,1,0,0,0,1,5,2,['Electrum' 'Circle' 'Coinbase' 'Blockchain'],Electrum,0,1,0,0,0,0,0,1,0,0,1,0,1,0,0,0,1,0,0
2752,Circle,0,0,1,1,1,0,0,0,1,1,1,0,1,0,1,0,1,0,1,1,1,1,3,3,['Blockchain' 'Circle' 'Electrum' 'Coinbase'],Blockchain,1,0,0,0,0,0,0,1,0,1,0,0,0,0,1,0,1,0,1
2753,Blockchain,1,0,0,0,3,1,1,0,0,0,1,0,0,0,0,0,0,1,0,1,1,5,1,1,['Coinbase' 'Blockchain' 'Circle' 'Electrum'],Coinbase,0,0,1,0,1,0,0,0,0,0,0,1,0,1,0,0,0,1,1
2754,Electrum,1,1,0,0,1,0,1,0,1,1,1,1,0,0,1,0,1,1,1,1,1,1,1,4,['Circle' 'Coinbase' 'Blockchain' 'Electrum'],Circle,0,0,0,1,0,0,1,0,1,0,0,0,0,1,0,0,0,1,1
2755,Coinbase,0,0,1,1,2,1,1,0,1,1,1,1,0,1,1,0,1,0,1,0,1,2,2,1,['Electrum' 'Coinbase' 'Blockchain' 'Circle'],Electrum,0,1,0,0,0,0,1,0,1,0,0,0,0,0,0,1,1,0,0
2756,Electrum,1,1,0,0,4,0,0,0,0,0,1,0,1,1,1,1,1,0,0,0,1,1,3,4,['Electrum' 'Circle' 'Blockchain' 'Coinbase'],Electrum,0,1,0,0,0,0,0,1,1,0,0,0,0,0,1,0,1,0,0
2757,Coinbase,0,0,1,1,1,0,0,1,1,0,0,0,1,1,0,0,0,1,1,0,0,5,3,1,['Coinbase' 'Electrum' 'Blockchain' 'Circle'],Coinbase,0,0,1,0,0,1,0,0,1,0,0,0,0,0,0,1,0,1,1
2758,Electrum,1,1,0,0,3,0,0,0,1,1,1,1,1,0,1,0,1,0,0,1,1,1,2,2,['Coinbase' 'Blockchain' 'Electrum' 'Circle'],Coinbase,0,0,1,0,1,0,0,0,0,1,0,0,0,0,0,1,0,1,1
2759,Circle,0,0,1,1,1,0,1,0,0,1,1,0,0,0,0,0,0,1,1,0,1,3,1,2,['Coinbase' 'Blockchain' 'Electrum' 'Circle'],Coinbase,0,0,1,0,1,0,0,0,0,1,0,0,0,0,0,1,0,1,1
2760,Blockchain,1,0,0,0,1,1,0,1,0,1,1,0,1,0,1,0,0,0,1,1,1,5,4,1,['Electrum' 'Circle' 'Coinbase' 'Blockchain'],Electrum,0,1,0,0,0,0,0,1,0,0,1,0,1,0,0,0,1,0,0
2761,Electrum,1,1,0,0,4,0,1,1,1,1,1,1,0,1,0,1,1,0,0,0,1,4,4,2,['Blockchain' 'Coinbase' 'Electrum' 'Circle'],Blockchain,1,0,0,0,0,0,1,0,0,1,0,0,0,0,0,1,1,0,1
2762,Electrum,1,1,0,0,4,1,1,0,0,1,0,0,0,0,0,0,1,0,1,0,0,4,4,1,['Coinbase' 'Circle' 'Blockchain' 'Electrum'],Coinbase,0,0,1,0,0,0,0,1,1,0,0,0,0,1,0,0,0,1,1
2763,Coinbase,0,0,1,1,2,0,1,1,1,0,1,0,1,0,1,1,1,1,0,1,0,3,3,1,['Circle' 'Electrum' 'Coinbase' 'Blockchain'],Circle,0,0,0,1,0,1,0,0,0,0,1,0,1,0,0,0,0,1,1
2764,Circle,0,0,1,1,4,1,1,0,1,0,1,0,1,0,0,1,0,0,0,0,1,2,2,5,['Coinbase' 'Electrum' 'Blockchain' 'Circle'],Coinbase,0,0,1,0,0,1,0,0,1,0,0,0,0,0,0,1,0,1,1
2765,Electrum,1,1,0,0,2,1,0,0,0,0,0,1,1,0,0,0,0,0,1,0,1,1,1,3,['Blockchain' 'Coinbase' 'Electrum' 'Circle'],Blockchain,1,0,0,0,0,0,1,0,0,1,0,0,0,0,0,1,1,0,1
2766,Coinbase,0,0,1,1,4,0,1,0,0,0,0,0,0,0,1,0,0,0,1,1,1,1,3,1,['Blockchain' 'Circle' 'Electrum' 'Coinbase'],Blockchain,1,0,0,0,0,0,0,1,0,1,0,0,0,0,1,0,1,0,1
2767,Coinbase,0,0,1,1,4,1,1,1,0,1,0,0,0,0,1,0,0,0,0,1,1,4,1,4,['Electrum' 'Blockchain' 'Circle' 'Coinbase'],Electrum,0,1,0,0,1,0,0,0,0,0,0,1,0,0,1,0,1,0,0
2768,Coinbase,0,0,1,1,3,1,0,0,0,1,1,1,0,0,1,0,0,1,1,0,1,5,2,5,['Electrum' 'Coinbase' 'Circle' 'Blockchain'],Electrum,0,1,0,0,0,0,1,0,0,0,0,1,1,0,0,0,1,0,0
2769,Circle,0,0,1,1,3,0,0,0,0,0,0,0,1,1,0,1,0,1,1,1,0,4,4,3,['Blockchain' 'Coinbase' 'Electrum' 'Circle'],Blockchain,1,0,0,0,0,0,1,0,0,1,0,0,0,0,0,1,1,0,1
2770,Blockchain,1,0,0,0,2,0,0,0,1,1,1,1,0,1,0,1,1,1,0,0,0,1,2,2,['Electrum' 'Coinbase' 'Blockchain' 'Circle'],Electrum,0,1,0,0,0,0,1,0,1,0,0,0,0,0,0,1,1,0,0
2771,Blockchain,1,0,0,0,3,1,0,0,1,1,0,0,0,0,1,0,1,0,1,0,0,3,5,4,['Blockchain' 'Circle' 'Coinbase' 'Electrum'],Blockchain,1,0,0,0,0,0,0,1,0,0,1,0,0,1,0,0,1,0,1
2772,Electrum,1,1,0,0,4,0,0,1,1,1,1,0,0,1,0,0,1,0,1,1,0,1,3,2,['Electrum' 'Coinbase' 'Circle' 'Blockchain'],Electrum,0,1,0,0,0,0,1,0,0,0,0,1,1,0,0,0,1,0,0
2773,Electrum,1,1,0,0,4,1,1,0,1,1,1,1,1,0,1,0,0,1,1,1,0,5,1,5,['Blockchain' 'Coinbase' 'Circle' 'Electrum'],Blockchain,1,0,0,0,0,0,1,0,0,0,0,1,0,1,0,0,1,0,1
2774,Electrum,1,1,0,0,3,0,1,0,0,0,0,0,0,1,1,0,0,1,1,1,1,2,4,1,['Blockchain' 'Electrum' 'Circle' 'Coinbase'],Blockchain,1,0,0,0,0,1,0,0,0,0,0,1,0,0,1,0,1,0,1
2775,Circle,0,0,1,1,4,0,0,1,1,1,0,0,1,0,1,1,1,0,1,1,0,1,4,1,['Coinbase' 'Electrum' 'Circle' 'Blockchain'],Coinbase,0,0,1,0,0,1,0,0,0,0,0,1,1,0,0,0,0,1,1
2776,Electrum,1,1,0,0,3,0,1,0,0,1,0,1,1,1,0,1,0,0,1,0,0,2,4,4,['Blockchain' 'Electrum' 'Coinbase' 'Circle'],Blockchain,1,0,0,0,0,1,0,0,0,0,1,0,0,0,0,1,1,0,1
2777,Electrum,1,1,0,0,2,1,0,0,1,1,0,0,0,1,0,0,0,0,1,0,0,1,4,3,['Coinbase' 'Circle' 'Blockchain' 'Electrum'],Coinbase,0,0,1,0,0,0,0,1,1,0,0,0,0,1,0,0,0,1,1
2778,Coinbase,0,0,1,1,1,0,0,1,1,0,0,1,0,0,1,0,0,0,1,0,1,2,4,2,['Coinbase' 'Electrum' 'Circle' 'Blockchain'],Coinbase,0,0,1,0,0,1,0,0,0,0,0,1,1,0,0,0,0,1,1
2779,Circle,0,0,1,1,1,0,0,0,0,0,1,0,1,1,0,1,1,1,0,1,1,4,2,1,['Blockchain' 'Electrum' 'Circle' 'Coinbase'],Blockchain,1,0,0,0,0,1,0,0,0,0,0,1,0,0,1,0,1,0,1
2780,Blockchain,1,0,0,0,1,0,1,1,1,1,1,0,0,1,1,1,0,1,1,1,1,4,3,3,['Coinbase' 'Blockchain' 'Electrum' 'Circle'],Coinbase,0,0,1,0,1,0,0,0,0,1,0,0,0,0,0,1,0,1,1
2781,Blockchain,1,0,0,0,4,0,1,0,0,1,1,1,1,1,1,0,1,0,1,1,1,5,4,3,['Electrum' 'Circle' 'Blockchain' 'Coinbase'],Electrum,0,1,0,0,0,0,0,1,1,0,0,0,0,0,1,0,1,0,0
2782,Coinbase,0,0,1,1,4,1,0,0,1,0,1,0,0,0,0,1,1,0,0,1,1,2,3,5,['Circle' 'Blockchain' 'Coinbase' 'Electrum'],Circle,0,0,0,1,1,0,0,0,0,0,1,0,0,1,0,0,0,1,1
2783,Blockchain,1,0,0,0,3,0,0,0,1,0,1,0,1,0,1,0,1,0,1,0,1,2,2,1,['Blockchain' 'Coinbase' 'Electrum' 'Circle'],Blockchain,1,0,0,0,0,0,1,0,0,1,0,0,0,0,0,1,1,0,1
2784,Electrum,1,1,0,0,1,0,0,0,1,1,1,0,1,1,1,0,1,0,0,1,0,5,1,2,['Coinbase' 'Circle' 'Electrum' 'Blockchain'],Coinbase,0,0,1,0,0,0,0,1,0,1,0,0,1,0,0,0,0,1,1
2785,Circle,0,0,1,1,2,0,0,1,0,0,1,1,0,1,1,0,1,1,1,1,1,1,2,3,['Circle' 'Electrum' 'Coinbase' 'Blockchain'],Circle,0,0,0,1,0,1,0,0,0,0,1,0,1,0,0,0,0,1,1
2786,Circle,0,0,1,1,1,1,0,0,1,0,0,1,1,0,1,1,0,0,1,1,1,2,2,4,['Circle' 'Coinbase' 'Blockchain' 'Electrum'],Circle,0,0,0,1,0,0,1,0,1,0,0,0,0,1,0,0,0,1,1
2787,Blockchain,1,0,0,0,2,1,1,0,0,0,0,1,0,1,1,1,1,1,0,1,1,2,3,5,['Circle' 'Blockchain' 'Electrum' 'Coinbase'],Circle,0,0,0,1,1,0,0,0,0,1,0,0,0,0,1,0,0,1,1
2788,Electrum,1,1,0,0,4,1,1,1,1,1,1,1,0,0,1,0,0,0,1,0,1,2,4,1,['Electrum' 'Blockchain' 'Circle' 'Coinbase'],Electrum,0,1,0,0,1,0,0,0,0,0,0,1,0,0,1,0,1,0,0
2789,Blockchain,1,0,0,0,3,0,1,0,0,0,0,1,0,1,0,1,1,0,1,1,0,5,5,4,['Circle' 'Electrum' 'Coinbase' 'Blockchain'],Circle,0,0,0,1,0,1,0,0,0,0,1,0,1,0,0,0,0,1,1
2790,Coinbase,0,0,1,1,3,1,1,1,1,1,1,1,0,0,0,1,1,0,1,0,0,4,5,5,['Blockchain' 'Electrum' 'Coinbase' 'Circle'],Blockchain,1,0,0,0,0,1,0,0,0,0,1,0,0,0,0,1,1,0,1
2791,Circle,0,0,1,1,4,0,1,1,1,1,0,1,1,0,1,1,0,1,1,1,0,3,3,5,['Blockchain' 'Coinbase' 'Circle' 'Electrum'],Blockchain,1,0,0,0,0,0,1,0,0,0,0,1,0,1,0,0,1,0,1
2792,Circle,0,0,1,1,4,0,0,1,0,0,1,0,1,0,0,0,0,0,1,1,1,4,1,2,['Circle' 'Blockchain' 'Electrum' 'Coinbase'],Circle,0,0,0,1,1,0,0,0,0,1,0,0,0,0,1,0,0,1,1
2793,Coinbase,0,0,1,1,4,1,1,1,1,1,1,1,0,0,1,1,0,0,1,1,0,5,5,2,['Blockchain' 'Coinbase' 'Electrum' 'Circle'],Blockchain,1,0,0,0,0,0,1,0,0,1,0,0,0,0,0,1,1,0,1
2794,Circle,0,0,1,1,3,1,0,0,0,0,0,1,1,0,0,0,0,1,0,0,0,2,1,1,['Electrum' 'Circle' 'Blockchain' 'Coinbase'],Electrum,0,1,0,0,0,0,0,1,1,0,0,0,0,0,1,0,1,0,0
2795,Electrum,1,1,0,0,4,0,0,0,0,1,1,1,1,1,1,1,0,1,0,1,0,2,5,2,['Blockchain' 'Circle' 'Coinbase' 'Electrum'],Blockchain,1,0,0,0,0,0,0,1,0,0,1,0,0,1,0,0,1,0,1
2796,Circle,0,0,1,1,1,1,0,1,1,1,0,0,0,0,1,1,0,1,1,1,0,4,5,1,['Coinbase' 'Circle' 'Blockchain' 'Electrum'],Coinbase,0,0,1,0,0,0,0,1,1,0,0,0,0,1,0,0,0,1,1
2797,Coinbase,0,0,1,1,2,1,0,1,1,0,1,0,0,1,0,1,1,1,0,0,1,3,5,2,['Blockchain' 'Coinbase' 'Electrum' 'Circle'],Blockchain,1,0,0,0,0,0,1,0,0,1,0,0,0,0,0,1,1,0,1
2798,Electrum,1,1,0,0,3,0,0,1,1,0,1,0,0,0,0,0,1,0,0,1,1,5,5,5,['Electrum' 'Circle' 'Coinbase' 'Blockchain'],Electrum,0,1,0,0,0,0,0,1,0,0,1,0,1,0,0,0,1,0,0
2799,Coinbase,0,0,1,1,3,1,1,0,0,1,0,1,1,1,1,0,0,0,1,1,1,2,2,2,['Circle' 'Electrum' 'Coinbase' 'Blockchain'],Circle,0,0,0,1,0,1,0,0,0,0,1,0,1,0,0,0,0,1,1
2800,Coinbase,0,0,1,1,1,1,0,0,1,0,1,1,1,1,0,1,0,1,0,0,1,5,2,4,['Electrum' 'Circle' 'Blockchain' 'Coinbase'],Electrum,0,1,0,0,0,0,0,1,1,0,0,0,0,0,1,0,1,0,0
2801,Circle,0,0,1,1,3,1,1,0,1,0,1,1,1,1,1,0,0,0,0,1,0,2,1,4,['Blockchain' 'Coinbase' 'Circle' 'Electrum'],Blockchain,1,0,0,0,0,0,1,0,0,0,0,1,0,1,0,0,1,0,1
2802,Coinbase,0,0,1,1,1,0,0,0,1,0,1,1,1,0,0,1,0,0,0,1,0,4,1,3,['Circle' 'Blockchain' 'Electrum' 'Coinbase'],Circle,0,0,0,1,1,0,0,0,0,1,0,0,0,0,1,0,0,1,1
2803,Blockchain,1,0,0,0,4,1,0,0,1,0,1,0,0,0,0,1,0,0,1,1,1,4,1,4,['Blockchain' 'Circle' 'Coinbase' 'Electrum'],Blockchain,1,0,0,0,0,0,0,1,0,0,1,0,0,1,0,0,1,0,1
2804,Coinbase,0,0,1,1,3,0,0,1,1,0,0,0,0,1,1,0,1,1,1,0,1,2,3,2,['Electrum' 'Coinbase' 'Circle' 'Blockchain'],Electrum,0,1,0,0,0,0,1,0,0,0,0,1,1,0,0,0,1,0,0
2805,Electrum,1,1,0,0,2,1,1,0,0,0,1,0,0,0,1,0,0,1,1,1,0,1,2,3,['Circle' 'Blockchain' 'Coinbase' 'Electrum'],Circle,0,0,0,1,1,0,0,0,0,0,1,0,0,1,0,0,0,1,1
2806,Electrum,1,1,0,0,4,1,0,1,0,0,1,1,1,0,1,1,0,0,0,1,0,1,1,3,['Blockchain' 'Circle' 'Electrum' 'Coinbase'],Blockchain,1,0,0,0,0,0,0,1,0,1,0,0,0,0,1,0,1,0,1
2807,Coinbase,0,0,1,1,4,0,0,1,1,1,0,1,0,0,0,1,1,1,1,0,1,3,5,5,['Blockchain' 'Circle' 'Electrum' 'Coinbase'],Blockchain,1,0,0,0,0,0,0,1,0,1,0,0,0,0,1,0,1,0,1
2808,Circle,0,0,1,1,1,0,0,1,0,0,0,0,0,0,1,0,1,1,0,1,1,2,5,4,['Coinbase' 'Electrum' 'Circle' 'Blockchain'],Coinbase,0,0,1,0,0,1,0,0,0,0,0,1,1,0,0,0,0,1,1
2809,Coinbase,0,0,1,1,4,0,0,1,1,1,1,0,1,0,1,0,0,0,1,1,1,5,2,5,['Circle' 'Coinbase' 'Blockchain' 'Electrum'],Circle,0,0,0,1,0,0,1,0,1,0,0,0,0,1,0,0,0,1,1
2810,Coinbase,0,0,1,1,1,1,0,0,0,0,1,0,0,1,0,0,1,0,1,1,1,4,5,5,['Blockchain' 'Coinbase' 'Electrum' 'Circle'],Blockchain,1,0,0,0,0,0,1,0,0,1,0,0,0,0,0,1,1,0,1
2811,Blockchain,1,0,0,0,2,0,0,0,1,1,0,0,0,0,0,0,1,0,1,1,0,4,3,3,['Blockchain' 'Circle' 'Electrum' 'Coinbase'],Blockchain,1,0,0,0,0,0,0,1,0,1,0,0,0,0,1,0,1,0,1
2812,Coinbase,0,0,1,1,1,0,1,1,0,1,1,1,0,0,0,0,0,0,0,0,0,2,5,1,['Circle' 'Blockchain' 'Electrum' 'Coinbase'],Circle,0,0,0,1,1,0,0,0,0,1,0,0,0,0,1,0,0,1,1
2813,Blockchain,1,0,0,0,1,0,0,0,0,0,0,0,0,1,1,1,0,0,1,1,1,4,1,5,['Circle' 'Electrum' 'Coinbase' 'Blockchain'],Circle,0,0,0,1,0,1,0,0,0,0,1,0,1,0,0,0,0,1,1
2814,Blockchain,1,0,0,0,4,0,1,1,0,0,0,1,0,1,0,0,1,0,0,0,1,2,1,1,['Blockchain' 'Coinbase' 'Electrum' 'Circle'],Blockchain,1,0,0,0,0,0,1,0,0,1,0,0,0,0,0,1,1,0,1
2815,Electrum,1,1,0,0,1,1,1,0,0,1,1,1,0,0,1,1,1,1,0,0,1,2,1,5,['Blockchain' 'Coinbase' 'Electrum' 'Circle'],Blockchain,1,0,0,0,0,0,1,0,0,1,0,0,0,0,0,1,1,0,1
2816,Blockchain,1,0,0,0,4,1,1,1,1,0,0,0,1,1,0,0,0,0,0,0,0,5,4,4,['Blockchain' 'Circle' 'Electrum' 'Coinbase'],Blockchain,1,0,0,0,0,0,0,1,0,1,0,0,0,0,1,0,1,0,1
2817,Blockchain,1,0,0,0,3,0,0,0,1,0,0,0,0,0,0,0,1,0,0,0,1,4,3,2,['Coinbase' 'Blockchain' 'Electrum' 'Circle'],Coinbase,0,0,1,0,1,0,0,0,0,1,0,0,0,0,0,1,0,1,1
2818,Circle,0,0,1,1,4,0,1,1,1,0,0,0,0,0,0,0,1,1,1,1,1,3,5,4,['Electrum' 'Coinbase' 'Circle' 'Blockchain'],Electrum,0,1,0,0,0,0,1,0,0,0,0,1,1,0,0,0,1,0,0
2819,Circle,0,0,1,1,4,1,0,1,1,0,0,0,1,0,1,0,1,1,0,0,0,2,2,2,['Circle' 'Coinbase' 'Electrum' 'Blockchain'],Circle,0,0,0,1,0,0,1,0,0,1,0,0,1,0,0,0,0,1,1
2820,Blockchain,1,0,0,0,1,0,1,0,0,1,0,0,0,0,1,0,1,1,1,0,0,2,4,4,['Circle' 'Blockchain' 'Coinbase' 'Electrum'],Circle,0,0,0,1,1,0,0,0,0,0,1,0,0,1,0,0,0,1,1
2821,Circle,0,0,1,1,2,0,1,1,1,0,0,0,0,0,1,1,1,0,1,1,1,5,4,2,['Coinbase' 'Blockchain' 'Circle' 'Electrum'],Coinbase,0,0,1,0,1,0,0,0,0,0,0,1,0,1,0,0,0,1,1
2822,Blockchain,1,0,0,0,4,0,0,0,0,1,1,1,0,0,0,0,1,1,1,0,0,2,5,4,['Coinbase' 'Electrum' 'Circle' 'Blockchain'],Coinbase,0,0,1,0,0,1,0,0,0,0,0,1,1,0,0,0,0,1,1
2823,Electrum,1,1,0,0,3,1,1,1,0,0,0,1,1,0,0,1,1,1,0,0,0,1,5,3,['Coinbase' 'Blockchain' 'Electrum' 'Circle'],Coinbase,0,0,1,0,1,0,0,0,0,1,0,0,0,0,0,1,0,1,1
2824,Coinbase,0,0,1,1,3,0,1,0,1,0,1,1,0,0,1,0,1,1,0,1,0,3,4,5,['Coinbase' 'Electrum' 'Circle' 'Blockchain'],Coinbase,0,0,1,0,0,1,0,0,0,0,0,1,1,0,0,0,0,1,1
2825,Blockchain,1,0,0,0,3,0,1,0,1,0,0,0,0,0,1,0,0,0,0,1,1,3,5,4,['Blockchain' 'Circle' 'Coinbase' 'Electrum'],Blockchain,1,0,0,0,0,0,0,1,0,0,1,0,0,1,0,0,1,0,1
2826,Coinbase,0,0,1,1,4,1,0,0,1,0,1,0,1,0,0,0,0,1,0,0,1,5,1,3,['Circle' 'Coinbase' 'Electrum' 'Blockchain'],Circle,0,0,0,1,0,0,1,0,0,1,0,0,1,0,0,0,0,1,1
2827,Blockchain,1,0,0,0,4,1,1,1,1,1,0,0,0,0,1,0,1,1,0,1,1,3,5,4,['Blockchain' 'Circle' 'Electrum' 'Coinbase'],Blockchain,1,0,0,0,0,0,0,1,0,1,0,0,0,0,1,0,1,0,1
2828,Coinbase,0,0,1,1,2,0,1,1,1,0,1,1,0,0,1,0,1,1,1,0,0,1,4,1,['Blockchain' 'Electrum' 'Circle' 'Coinbase'],Blockchain,1,0,0,0,0,1,0,0,0,0,0,1,0,0,1,0,1,0,1
2829,Circle,0,0,1,1,2,0,0,0,1,1,1,0,0,0,0,0,0,0,0,0,0,5,4,2,['Blockchain' 'Circle' 'Coinbase' 'Electrum'],Blockchain,1,0,0,0,0,0,0,1,0,0,1,0,0,1,0,0,1,0,1
2830,Circle,0,0,1,1,2,0,1,0,1,0,0,0,1,1,0,1,0,0,0,0,0,2,2,1,['Electrum' 'Coinbase' 'Circle' 'Blockchain'],Electrum,0,1,0,0,0,0,1,0,0,0,0,1,1,0,0,0,1,0,0
2831,Electrum,1,1,0,0,4,1,0,0,1,0,0,0,0,0,0,1,0,1,0,0,1,2,2,2,['Circle' 'Blockchain' 'Electrum' 'Coinbase'],Circle,0,0,0,1,1,0,0,0,0,1,0,0,0,0,1,0,0,1,1
2832,Circle,0,0,1,1,2,0,1,1,0,0,1,0,1,1,0,1,1,0,1,0,0,5,3,2,['Coinbase' 'Circle' 'Blockchain' 'Electrum'],Coinbase,0,0,1,0,0,0,0,1,1,0,0,0,0,1,0,0,0,1,1
2833,Blockchain,1,0,0,0,4,1,0,1,1,1,1,1,0,0,0,0,1,1,0,0,1,4,4,5,['Blockchain' 'Electrum' 'Circle' 'Coinbase'],Blockchain,1,0,0,0,0,1,0,0,0,0,0,1,0,0,1,0,1,0,1
2834,Electrum,1,1,0,0,3,0,1,1,0,0,1,0,0,1,0,0,0,0,0,0,1,2,5,2,['Coinbase' 'Electrum' 'Blockchain' 'Circle'],Coinbase,0,0,1,0,0,1,0,0,1,0,0,0,0,0,0,1,0,1,1
2835,Circle,0,0,1,1,3,1,1,0,0,0,1,0,0,0,0,0,1,1,0,1,1,3,2,1,['Circle' 'Coinbase' 'Blockchain' 'Electrum'],Circle,0,0,0,1,0,0,1,0,1,0,0,0,0,1,0,0,0,1,1
2836,Blockchain,1,0,0,0,4,1,1,0,1,1,0,1,0,1,1,0,0,1,1,0,0,1,5,4,['Circle' 'Electrum' 'Coinbase' 'Blockchain'],Circle,0,0,0,1,0,1,0,0,0,0,1,0,1,0,0,0,0,1,1
2837,Coinbase,0,0,1,1,2,1,1,0,0,0,1,1,1,1,1,1,1,1,0,1,1,5,4,4,['Circle' 'Blockchain' 'Coinbase' 'Electrum'],Circle,0,0,0,1,1,0,0,0,0,0,1,0,0,1,0,0,0,1,1
2838,Coinbase,0,0,1,1,1,0,1,1,0,1,0,1,1,1,0,1,0,1,1,0,0,5,2,2,['Coinbase' 'Circle' 'Blockchain' 'Electrum'],Coinbase,0,0,1,0,0,0,0,1,1,0,0,0,0,1,0,0,0,1,1
2839,Electrum,1,1,0,0,2,0,0,0,0,1,1,0,0,1,0,1,0,0,0,1,0,4,2,4,['Coinbase' 'Blockchain' 'Electrum' 'Circle'],Coinbase,0,0,1,0,1,0,0,0,0,1,0,0,0,0,0,1,0,1,1
2840,Electrum,1,1,0,0,1,1,0,1,0,0,1,1,1,1,1,1,1,0,0,0,1,3,1,2,['Electrum' 'Coinbase' 'Blockchain' 'Circle'],Electrum,0,1,0,0,0,0,1,0,1,0,0,0,0,0,0,1,1,0,0
2841,Coinbase,0,0,1,1,2,1,0,0,1,1,1,1,0,1,0,0,0,1,1,1,1,3,4,1,['Circle' 'Coinbase' 'Electrum' 'Blockchain'],Circle,0,0,0,1,0,0,1,0,0,1,0,0,1,0,0,0,0,1,1
2842,Blockchain,1,0,0,0,1,0,0,0,0,0,0,0,1,1,1,1,0,1,0,0,1,5,1,3,['Coinbase' 'Circle' 'Electrum' 'Blockchain'],Coinbase,0,0,1,0,0,0,0,1,0,1,0,0,1,0,0,0,0,1,1
2843,Blockchain,1,0,0,0,2,1,1,1,0,1,1,0,1,1,0,0,0,0,1,0,0,4,3,1,['Blockchain' 'Circle' 'Electrum' 'Coinbase'],Blockchain,1,0,0,0,0,0,0,1,0,1,0,0,0,0,1,0,1,0,1
2844,Circle,0,0,1,1,2,1,1,1,1,1,0,0,1,1,0,1,0,0,0,1,1,5,5,5,['Electrum' 'Circle' 'Blockchain' 'Coinbase'],Electrum,0,1,0,0,0,0,0,1,1,0,0,0,0,0,1,0,1,0,0
2845,Coinbase,0,0,1,1,3,0,0,0,1,1,1,0,1,1,0,0,0,1,1,0,0,3,5,5,['Circle' 'Electrum' 'Coinbase' 'Blockchain'],Circle,0,0,0,1,0,1,0,0,0,0,1,0,1,0,0,0,0,1,1
2846,Electrum,1,1,0,0,1,1,1,1,0,1,0,1,0,0,0,0,1,0,0,0,1,4,2,1,['Blockchain' 'Coinbase' 'Electrum' 'Circle'],Blockchain,1,0,0,0,0,0,1,0,0,1,0,0,0,0,0,1,1,0,1
2847,Circle,0,0,1,1,2,0,1,0,0,0,0,1,1,0,1,0,0,1,0,1,0,4,5,3,['Coinbase' 'Circle' 'Blockchain' 'Electrum'],Coinbase,0,0,1,0,0,0,0,1,1,0,0,0,0,1,0,0,0,1,1
2848,Coinbase,0,0,1,1,4,0,0,0,1,1,1,0,1,1,0,0,1,1,1,0,1,5,3,3,['Blockchain' 'Electrum' 'Coinbase' 'Circle'],Blockchain,1,0,0,0,0,1,0,0,0,0,1,0,0,0,0,1,1,0,1
2849,Circle,0,0,1,1,1,1,1,0,0,1,0,0,0,0,0,0,0,1,0,0,1,5,1,4,['Blockchain' 'Coinbase' 'Electrum' 'Circle'],Blockchain,1,0,0,0,0,0,1,0,0,1,0,0,0,0,0,1,1,0,1
2850,Circle,0,0,1,1,1,0,1,1,1,0,1,1,1,1,1,0,1,0,0,0,0,5,5,1,['Coinbase' 'Electrum' 'Circle' 'Blockchain'],Coinbase,0,0,1,0,0,1,0,0,0,0,0,1,1,0,0,0,0,1,1
2851,Circle,0,0,1,1,4,1,0,0,0,1,1,0,0,1,0,1,1,0,0,1,0,5,1,4,['Coinbase' 'Blockchain' 'Electrum' 'Circle'],Coinbase,0,0,1,0,1,0,0,0,0,1,0,0,0,0,0,1,0,1,1
2852,Blockchain,1,0,0,0,3,1,0,0,1,1,0,1,0,0,0,1,0,1,0,0,1,5,4,3,['Coinbase' 'Electrum' 'Circle' 'Blockchain'],Coinbase,0,0,1,0,0,1,0,0,0,0,0,1,1,0,0,0,0,1,1
2853,Circle,0,0,1,1,2,1,1,0,0,0,0,0,1,1,0,1,0,0,0,1,0,4,5,3,['Blockchain' 'Circle' 'Electrum' 'Coinbase'],Blockchain,1,0,0,0,0,0,0,1,0,1,0,0,0,0,1,0,1,0,1
2854,Electrum,1,1,0,0,2,0,0,1,1,0,1,0,1,0,0,0,1,0,1,1,1,4,3,4,['Electrum' 'Coinbase' 'Circle' 'Blockchain'],Electrum,0,1,0,0,0,0,1,0,0,0,0,1,1,0,0,0,1,0,0
2855,Circle,0,0,1,1,3,1,0,1,0,1,1,1,1,1,1,0,1,0,1,0,1,2,5,1,['Circle' 'Coinbase' 'Electrum' 'Blockchain'],Circle,0,0,0,1,0,0,1,0,0,1,0,0,1,0,0,0,0,1,1
2856,Circle,0,0,1,1,4,0,0,1,0,0,1,0,1,1,0,1,1,0,1,1,1,1,5,5,['Coinbase' 'Electrum' 'Blockchain' 'Circle'],Coinbase,0,0,1,0,0,1,0,0,1,0,0,0,0,0,0,1,0,1,1
2857,Electrum,1,1,0,0,2,1,0,0,0,0,0,0,1,0,1,0,1,1,1,0,1,2,3,1,['Coinbase' 'Circle' 'Electrum' 'Blockchain'],Coinbase,0,0,1,0,0,0,0,1,0,1,0,0,1,0,0,0,0,1,1
2858,Circle,0,0,1,1,4,1,1,0,0,0,0,0,0,1,0,0,1,1,1,0,1,4,5,1,['Blockchain' 'Electrum' 'Circle' 'Coinbase'],Blockchain,1,0,0,0,0,1,0,0,0,0,0,1,0,0,1,0,1,0,1
2859,Coinbase,0,0,1,1,2,0,0,1,0,0,0,0,1,1,0,1,1,1,0,0,1,5,5,5,['Blockchain' 'Electrum' 'Circle' 'Coinbase'],Blockchain,1,0,0,0,0,1,0,0,0,0,0,1,0,0,1,0,1,0,1
2860,Coinbase,0,0,1,1,2,1,1,0,1,1,0,0,0,0,0,1,0,1,0,0,0,3,3,1,['Circle' 'Coinbase' 'Blockchain' 'Electrum'],Circle,0,0,0,1,0,0,1,0,1,0,0,0,0,1,0,0,0,1,1
2861,Electrum,1,1,0,0,1,0,0,0,0,1,0,1,0,0,1,1,0,1,1,1,1,5,4,1,['Coinbase' 'Electrum' 'Blockchain' 'Circle'],Coinbase,0,0,1,0,0,1,0,0,1,0,0,0,0,0,0,1,0,1,1
2862,Electrum,1,1,0,0,4,1,0,0,1,1,1,1,0,0,1,1,1,0,1,0,0,4,4,5,['Electrum' 'Blockchain' 'Coinbase' 'Circle'],Electrum,0,1,0,0,1,0,0,0,0,0,1,0,0,0,0,1,1,0,0
2863,Electrum,1,1,0,0,3,0,0,1,1,1,0,0,0,0,1,1,0,0,0,0,0,2,4,4,['Electrum' 'Blockchain' 'Circle' 'Coinbase'],Electrum,0,1,0,0,1,0,0,0,0,0,0,1,0,0,1,0,1,0,0
2864,Coinbase,0,0,1,1,3,0,1,1,0,0,0,0,1,0,0,1,0,1,1,0,1,5,4,3,['Electrum' 'Coinbase' 'Blockchain' 'Circle'],Electrum,0,1,0,0,0,0,1,0,1,0,0,0,0,0,0,1,1,0,0
2865,Electrum,1,1,0,0,1,0,1,1,1,0,1,1,1,1,0,1,0,0,1,1,0,5,1,4,['Circle' 'Blockchain' 'Coinbase' 'Electrum'],Circle,0,0,0,1,1,0,0,0,0,0,1,0,0,1,0,0,0,1,1
2866,Coinbase,0,0,1,1,4,1,0,0,0,0,0,0,0,0,1,0,0,0,1,0,1,3,3,3,['Blockchain' 'Coinbase' 'Circle' 'Electrum'],Blockchain,1,0,0,0,0,0,1,0,0,0,0,1,0,1,0,0,1,0,1
2867,Electrum,1,1,0,0,3,1,0,0,1,1,0,0,0,1,0,0,0,0,1,1,0,3,2,2,['Blockchain' 'Electrum' 'Circle' 'Coinbase'],Blockchain,1,0,0,0,0,1,0,0,0,0,0,1,0,0,1,0,1,0,1
2868,Circle,0,0,1,1,2,0,0,0,0,1,1,0,1,1,0,0,0,0,0,1,0,4,5,5,['Blockchain' 'Electrum' 'Coinbase' 'Circle'],Blockchain,1,0,0,0,0,1,0,0,0,0,1,0,0,0,0,1,1,0,1
2869,Circle,0,0,1,1,2,0,1,1,0,0,0,0,0,0,1,1,0,0,0,1,0,3,4,2,['Coinbase' 'Electrum' 'Blockchain' 'Circle'],Coinbase,0,0,1,0,0,1,0,0,1,0,0,0,0,0,0,1,0,1,1
2870,Blockchain,1,0,0,0,2,1,0,1,0,0,1,1,1,0,1,0,0,0,1,1,1,4,5,1,['Circle' 'Blockchain' 'Electrum' 'Coinbase'],Circle,0,0,0,1,1,0,0,0,0,1,0,0,0,0,1,0,0,1,1
2871,Blockchain,1,0,0,0,1,1,0,0,0,0,1,0,1,0,1,1,1,0,0,1,1,2,5,2,['Electrum' 'Blockchain' 'Coinbase' 'Circle'],Electrum,0,1,0,0,1,0,0,0,0,0,1,0,0,0,0,1,1,0,0
2872,Blockchain,1,0,0,0,1,0,1,0,1,0,1,0,0,0,1,1,1,0,0,1,1,1,1,5,['Coinbase' 'Circle' 'Blockchain' 'Electrum'],Coinbase,0,0,1,0,0,0,0,1,1,0,0,0,0,1,0,0,0,1,1
2873,Electrum,1,1,0,0,2,0,0,1,0,0,0,1,0,0,1,1,0,1,1,1,0,5,5,5,['Electrum' 'Circle' 'Coinbase' 'Blockchain'],Electrum,0,1,0,0,0,0,0,1,0,0,1,0,1,0,0,0,1,0,0
2874,Blockchain,1,0,0,0,1,0,1,0,1,0,1,1,0,0,0,0,1,1,1,1,0,1,4,2,['Electrum' 'Blockchain' 'Circle' 'Coinbase'],Electrum,0,1,0,0,1,0,0,0,0,0,0,1,0,0,1,0,1,0,0
2875,Blockchain,1,0,0,0,3,1,1,1,0,1,0,0,1,1,1,0,1,0,1,0,0,5,2,3,['Circle' 'Coinbase' 'Blockchain' 'Electrum'],Circle,0,0,0,1,0,0,1,0,1,0,0,0,0,1,0,0,0,1,1
2876,Circle,0,0,1,1,2,0,1,0,0,1,0,1,1,1,0,1,1,0,0,1,1,3,3,3,['Coinbase' 'Blockchain' 'Electrum' 'Circle'],Coinbase,0,0,1,0,1,0,0,0,0,1,0,0,0,0,0,1,0,1,1
2877,Coinbase,0,0,1,1,4,0,1,1,0,0,1,0,0,0,0,1,1,0,0,1,1,1,2,3,['Electrum' 'Coinbase' 'Circle' 'Blockchain'],Electrum,0,1,0,0,0,0,1,0,0,0,0,1,1,0,0,0,1,0,0
2878,Circle,0,0,1,1,1,0,0,1,1,0,0,1,1,1,1,0,1,1,1,1,1,3,5,5,['Coinbase' 'Circle' 'Electrum' 'Blockchain'],Coinbase,0,0,1,0,0,0,0,1,0,1,0,0,1,0,0,0,0,1,1
2879,Circle,0,0,1,1,1,1,0,0,1,1,0,1,0,0,0,1,1,0,0,1,1,1,4,5,['Circle' 'Electrum' 'Blockchain' 'Coinbase'],Circle,0,0,0,1,0,1,0,0,1,0,0,0,0,0,1,0,0,1,1
2880,Coinbase,0,0,1,1,1,1,0,0,1,1,1,1,0,1,1,0,1,0,1,1,1,1,1,4,['Coinbase' 'Electrum' 'Blockchain' 'Circle'],Coinbase,0,0,1,0,0,1,0,0,1,0,0,0,0,0,0,1,0,1,1
2881,Electrum,1,1,0,0,4,0,0,0,1,0,1,1,1,0,0,1,0,1,0,0,1,1,2,3,['Blockchain' 'Coinbase' 'Electrum' 'Circle'],Blockchain,1,0,0,0,0,0,1,0,0,1,0,0,0,0,0,1,1,0,1
2882,Electrum,1,1,0,0,2,0,0,1,0,1,1,1,0,0,1,1,0,0,0,0,1,4,5,1,['Circle' 'Blockchain' 'Electrum' 'Coinbase'],Circle,0,0,0,1,1,0,0,0,0,1,0,0,0,0,1,0,0,1,1
2883,Electrum,1,1,0,0,1,0,0,0,1,0,1,1,0,0,0,0,1,0,0,1,0,2,3,1,['Blockchain' 'Circle' 'Electrum' 'Coinbase'],Blockchain,1,0,0,0,0,0,0,1,0,1,0,0,0,0,1,0,1,0,1
2884,Electrum,1,1,0,0,4,0,0,1,1,1,0,1,0,1,1,1,0,1,1,0,1,2,1,1,['Blockchain' 'Circle' 'Electrum' 'Coinbase'],Blockchain,1,0,0,0,0,0,0,1,0,1,0,0,0,0,1,0,1,0,1
2885,Electrum,1,1,0,0,2,1,1,1,1,1,1,1,1,0,1,1,0,0,1,1,0,5,4,1,['Coinbase' 'Blockchain' 'Circle' 'Electrum'],Coinbase,0,0,1,0,1,0,0,0,0,0,0,1,0,1,0,0,0,1,1
2886,Circle,0,0,1,1,1,0,0,0,1,1,1,1,1,0,1,1,0,1,0,0,0,4,5,5,['Coinbase' 'Electrum' 'Blockchain' 'Circle'],Coinbase,0,0,1,0,0,1,0,0,1,0,0,0,0,0,0,1,0,1,1
2887,Circle,0,0,1,1,3,1,1,1,1,1,0,1,0,0,1,1,1,0,0,0,1,5,2,5,['Electrum' 'Coinbase' 'Blockchain' 'Circle'],Electrum,0,1,0,0,0,0,1,0,1,0,0,0,0,0,0,1,1,0,0
2888,Electrum,1,1,0,0,2,0,0,1,1,1,1,1,0,1,0,1,1,0,0,1,0,3,4,3,['Blockchain' 'Circle' 'Coinbase' 'Electrum'],Blockchain,1,0,0,0,0,0,0,1,0,0,1,0,0,1,0,0,1,0,1
2889,Electrum,1,1,0,0,3,1,1,1,1,1,1,0,0,0,0,1,1,1,1,1,0,1,4,1,['Circle' 'Electrum' 'Coinbase' 'Blockchain'],Circle,0,0,0,1,0,1,0,0,0,0,1,0,1,0,0,0,0,1,1
2890,Circle,0,0,1,1,1,0,0,0,1,1,1,0,0,1,0,1,1,1,0,0,0,3,2,4,['Blockchain' 'Electrum' 'Circle' 'Coinbase'],Blockchain,1,0,0,0,0,1,0,0,0,0,0,1,0,0,1,0,1,0,1
2891,Blockchain,1,0,0,0,4,0,1,0,0,0,1,0,1,0,1,0,1,1,0,1,1,4,4,2,['Blockchain' 'Circle' 'Coinbase' 'Electrum'],Blockchain,1,0,0,0,0,0,0,1,0,0,1,0,0,1,0,0,1,0,1
2892,Coinbase,0,0,1,1,4,0,0,0,1,1,0,0,1,1,0,1,1,0,1,1,1,5,5,4,['Blockchain' 'Circle' 'Electrum' 'Coinbase'],Blockchain,1,0,0,0,0,0,0,1,0,1,0,0,0,0,1,0,1,0,1
2893,Circle,0,0,1,1,2,0,0,0,1,0,1,1,1,1,1,1,0,1,0,1,1,5,3,2,['Blockchain' 'Circle' 'Electrum' 'Coinbase'],Blockchain,1,0,0,0,0,0,0,1,0,1,0,0,0,0,1,0,1,0,1
2894,Coinbase,0,0,1,1,4,1,1,0,0,1,1,0,0,0,0,0,0,0,1,1,0,1,2,3,['Circle' 'Electrum' 'Blockchain' 'Coinbase'],Circle,0,0,0,1,0,1,0,0,1,0,0,0,0,0,1,0,0,1,1
2895,Coinbase,0,0,1,1,3,0,0,0,1,1,0,0,0,0,0,0,1,0,1,1,0,5,4,3,['Coinbase' 'Electrum' 'Blockchain' 'Circle'],Coinbase,0,0,1,0,0,1,0,0,1,0,0,0,0,0,0,1,0,1,1
2896,Coinbase,0,0,1,1,1,0,0,1,1,1,1,0,1,0,0,0,1,0,0,0,1,1,1,4,['Blockchain' 'Electrum' 'Coinbase' 'Circle'],Blockchain,1,0,0,0,0,1,0,0,0,0,1,0,0,0,0,1,1,0,1
2897,Circle,0,0,1,1,3,0,1,1,1,1,0,1,0,0,0,0,1,0,0,0,1,1,1,2,['Circle' 'Blockchain' 'Coinbase' 'Electrum'],Circle,0,0,0,1,1,0,0,0,0,0,1,0,0,1,0,0,0,1,1
2898,Coinbase,0,0,1,1,2,1,1,1,1,0,0,1,0,0,1,0,1,1,0,1,1,2,2,4,['Electrum' 'Coinbase' 'Blockchain' 'Circle'],Electrum,0,1,0,0,0,0,1,0,1,0,0,0,0,0,0,1,1,0,0
2899,Circle,0,0,1,1,2,1,1,1,1,0,0,0,0,0,1,1,1,0,0,1,1,5,1,1,['Circle' 'Blockchain' 'Electrum' 'Coinbase'],Circle,0,0,0,1,1,0,0,0,0,1,0,0,0,0,1,0,0,1,1
2900,Coinbase,0,0,1,1,2,0,0,1,1,0,1,1,0,1,0,1,0,0,0,0,1,2,2,2,['Blockchain' 'Coinbase' 'Electrum' 'Circle'],Blockchain,1,0,0,0,0,0,1,0,0,1,0,0,0,0,0,1,1,0,1
2901,Coinbase,0,0,1,1,3,1,1,0,0,0,0,1,0,0,0,1,1,1,1,1,1,5,2,1,['Electrum' 'Blockchain' 'Coinbase' 'Circle'],Electrum,0,1,0,0,1,0,0,0,0,0,1,0,0,0,0,1,1,0,0
2902,Circle,0,0,1,1,3,1,1,1,0,0,1,0,1,0,0,0,0,0,1,1,0,5,4,3,['Blockchain' 'Circle' 'Electrum' 'Coinbase'],Blockchain,1,0,0,0,0,0,0,1,0,1,0,0,0,0,1,0,1,0,1
2903,Blockchain,1,0,0,0,3,1,1,1,0,1,0,1,0,1,0,1,1,0,1,0,1,1,1,5,['Blockchain' 'Coinbase' 'Electrum' 'Circle'],Blockchain,1,0,0,0,0,0,1,0,0,1,0,0,0,0,0,1,1,0,1
2904,Circle,0,0,1,1,4,1,1,1,0,1,1,1,1,1,0,0,1,1,0,0,1,4,2,3,['Blockchain' 'Coinbase' 'Circle' 'Electrum'],Blockchain,1,0,0,0,0,0,1,0,0,0,0,1,0,1,0,0,1,0,1
2905,Blockchain,1,0,0,0,2,0,0,0,0,1,1,1,0,1,0,0,0,1,1,0,0,2,2,5,['Coinbase' 'Blockchain' 'Electrum' 'Circle'],Coinbase,0,0,1,0,1,0,0,0,0,1,0,0,0,0,0,1,0,1,1
2906,Electrum,1,1,0,0,1,1,1,0,1,0,1,1,0,0,1,1,0,0,1,1,1,3,2,1,['Blockchain' 'Electrum' 'Circle' 'Coinbase'],Blockchain,1,0,0,0,0,1,0,0,0,0,0,1,0,0,1,0,1,0,1
2907,Blockchain,1,0,0,0,2,1,0,0,0,0,0,1,0,0,1,0,0,0,1,0,1,5,5,3,['Electrum' 'Circle' 'Blockchain' 'Coinbase'],Electrum,0,1,0,0,0,0,0,1,1,0,0,0,0,0,1,0,1,0,0
2908,Electrum,1,1,0,0,4,1,0,0,1,1,1,0,0,1,0,1,1,0,0,0,1,5,1,3,['Blockchain' 'Circle' 'Coinbase' 'Electrum'],Blockchain,1,0,0,0,0,0,0,1,0,0,1,0,0,1,0,0,1,0,1
2909,Blockchain,1,0,0,0,4,1,1,0,0,1,0,0,0,1,0,0,0,1,1,1,1,1,5,5,['Blockchain' 'Circle' 'Coinbase' 'Electrum'],Blockchain,1,0,0,0,0,0,0,1,0,0,1,0,0,1,0,0,1,0,1
2910,Circle,0,0,1,1,4,0,0,0,0,1,0,1,1,0,1,1,1,1,0,1,1,3,2,1,['Electrum' 'Circle' 'Coinbase' 'Blockchain'],Electrum,0,1,0,0,0,0,0,1,0,0,1,0,1,0,0,0,1,0,0
2911,Coinbase,0,0,1,1,3,1,1,1,0,0,1,1,0,1,0,1,0,0,1,1,1,2,5,1,['Circle' 'Coinbase' 'Electrum' 'Blockchain'],Circle,0,0,0,1,0,0,1,0,0,1,0,0,1,0,0,0,0,1,1
2912,Blockchain,1,0,0,0,3,0,1,0,0,1,0,1,1,0,1,0,0,1,0,1,0,3,4,2,['Circle' 'Electrum' 'Coinbase' 'Blockchain'],Circle,0,0,0,1,0,1,0,0,0,0,1,0,1,0,0,0,0,1,1
2913,Circle,0,0,1,1,3,0,0,1,1,1,1,0,1,0,0,0,1,0,0,0,1,2,1,3,['Blockchain' 'Electrum' 'Circle' 'Coinbase'],Blockchain,1,0,0,0,0,1,0,0,0,0,0,1,0,0,1,0,1,0,1
2914,Circle,0,0,1,1,4,0,0,0,1,1,0,0,0,0,0,0,1,0,1,1,1,3,2,4,['Electrum' 'Circle' 'Coinbase' 'Blockchain'],Electrum,0,1,0,0,0,0,0,1,0,0,1,0,1,0,0,0,1,0,0
2915,Coinbase,0,0,1,1,2,0,1,0,0,0,1,1,1,0,0,1,1,1,1,0,0,3,4,1,['Blockchain' 'Electrum' 'Circle' 'Coinbase'],Blockchain,1,0,0,0,0,1,0,0,0,0,0,1,0,0,1,0,1,0,1
2916,Coinbase,0,0,1,1,1,0,1,0,0,0,0,0,0,1,0,1,0,1,1,0,0,3,1,1,['Coinbase' 'Circle' 'Electrum' 'Blockchain'],Coinbase,0,0,1,0,0,0,0,1,0,1,0,0,1,0,0,0,0,1,1
2917,Blockchain,1,0,0,0,2,0,0,0,0,0,0,1,0,1,1,1,0,1,1,0,0,4,5,2,['Blockchain' 'Circle' 'Electrum' 'Coinbase'],Blockchain,1,0,0,0,0,0,0,1,0,1,0,0,0,0,1,0,1,0,1
2918,Circle,0,0,1,1,4,0,0,1,0,1,1,0,0,0,0,0,0,0,1,1,0,3,1,2,['Blockchain' 'Circle' 'Coinbase' 'Electrum'],Blockchain,1,0,0,0,0,0,0,1,0,0,1,0,0,1,0,0,1,0,1
2919,Blockchain,1,0,0,0,2,0,1,1,1,1,1,0,1,1,0,1,0,1,1,0,1,5,4,4,['Electrum' 'Blockchain' 'Circle' 'Coinbase'],Electrum,0,1,0,0,1,0,0,0,0,0,0,1,0,0,1,0,1,0,0
2920,Blockchain,1,0,0,0,2,1,0,1,1,0,0,0,1,1,0,1,0,0,1,0,0,1,5,3,['Circle' 'Electrum' 'Blockchain' 'Coinbase'],Circle,0,0,0,1,0,1,0,0,1,0,0,0,0,0,1,0,0,1,1
2921,Blockchain,1,0,0,0,3,1,1,1,1,0,0,0,0,1,1,1,0,0,0,1,1,4,1,1,['Blockchain' 'Electrum' 'Circle' 'Coinbase'],Blockchain,1,0,0,0,0,1,0,0,0,0,0,1,0,0,1,0,1,0,1
2922,Coinbase,0,0,1,1,3,0,1,0,0,0,0,0,0,1,0,1,0,0,0,1,1,5,5,4,['Coinbase' 'Blockchain' 'Electrum' 'Circle'],Coinbase,0,0,1,0,1,0,0,0,0,1,0,0,0,0,0,1,0,1,1
2923,Circle,0,0,1,1,4,1,0,1,1,0,1,0,0,1,1,0,0,0,1,1,1,1,2,3,['Coinbase' 'Blockchain' 'Electrum' 'Circle'],Coinbase,0,0,1,0,1,0,0,0,0,1,0,0,0,0,0,1,0,1,1
2924,Blockchain,1,0,0,0,3,0,1,0,0,0,0,0,0,0,0,0,1,1,0,1,1,2,3,3,['Circle' 'Coinbase' 'Electrum' 'Blockchain'],Circle,0,0,0,1,0,0,1,0,0,1,0,0,1,0,0,0,0,1,1
2925,Circle,0,0,1,1,1,1,0,0,1,0,1,0,0,0,1,0,1,0,1,0,0,1,5,4,['Blockchain' 'Electrum' 'Circle' 'Coinbase'],Blockchain,1,0,0,0,0,1,0,0,0,0,0,1,0,0,1,0,1,0,1
2926,Circle,0,0,1,1,4,0,0,0,0,0,0,0,0,0,1,0,0,0,1,1,0,2,4,1,['Circle' 'Blockchain' 'Electrum' 'Coinbase'],Circle,0,0,0,1,1,0,0,0,0,1,0,0,0,0,1,0,0,1,1
2927,Circle,0,0,1,1,2,0,1,1,1,0,1,0,1,1,1,1,0,0,1,1,0,1,2,5,['Blockchain' 'Coinbase' 'Electrum' 'Circle'],Blockchain,1,0,0,0,0,0,1,0,0,1,0,0,0,0,0,1,1,0,1
2928,Coinbase,0,0,1,1,4,0,1,1,0,1,0,1,1,0,1,1,1,0,0,1,1,1,2,5,['Electrum' 'Coinbase' 'Circle' 'Blockchain'],Electrum,0,1,0,0,0,0,1,0,0,0,0,1,1,0,0,0,1,0,0
2929,Circle,0,0,1,1,1,1,1,0,1,1,0,1,1,1,0,1,1,1,0,1,0,3,4,5,['Blockchain' 'Electrum' 'Circle' 'Coinbase'],Blockchain,1,0,0,0,0,1,0,0,0,0,0,1,0,0,1,0,1,0,1
2930,Coinbase,0,0,1,1,1,0,1,1,0,1,1,1,1,0,1,1,0,0,0,1,1,4,3,1,['Blockchain' 'Coinbase' 'Electrum' 'Circle'],Blockchain,1,0,0,0,0,0,1,0,0,1,0,0,0,0,0,1,1,0,1
2931,Electrum,1,1,0,0,2,1,0,0,0,0,0,1,0,0,0,1,0,0,1,0,1,2,2,2,['Coinbase' 'Electrum' 'Blockchain' 'Circle'],Coinbase,0,0,1,0,0,1,0,0,1,0,0,0,0,0,0,1,0,1,1
2932,Circle,0,0,1,1,3,0,1,0,1,0,0,1,1,1,1,1,0,1,0,1,0,2,4,2,['Electrum' 'Circle' 'Blockchain' 'Coinbase'],Electrum,0,1,0,0,0,0,0,1,1,0,0,0,0,0,1,0,1,0,0
2933,Blockchain,1,0,0,0,4,1,0,0,0,0,0,1,0,0,1,0,1,0,1,1,0,5,5,1,['Blockchain' 'Circle' 'Coinbase' 'Electrum'],Blockchain,1,0,0,0,0,0,0,1,0,0,1,0,0,1,0,0,1,0,1
2934,Blockchain,1,0,0,0,2,1,0,1,0,0,1,0,1,1,0,0,1,0,1,0,0,1,2,5,['Blockchain' 'Circle' 'Coinbase' 'Electrum'],Blockchain,1,0,0,0,0,0,0,1,0,0,1,0,0,1,0,0,1,0,1
2935,Circle,0,0,1,1,2,1,1,1,1,1,1,0,0,0,1,0,1,1,0,1,0,1,3,3,['Coinbase' 'Electrum' 'Blockchain' 'Circle'],Coinbase,0,0,1,0,0,1,0,0,1,0,0,0,0,0,0,1,0,1,1
2936,Electrum,1,1,0,0,3,0,1,1,1,1,1,1,0,0,1,1,0,1,1,0,1,4,3,2,['Circle' 'Coinbase' 'Electrum' 'Blockchain'],Circle,0,0,0,1,0,0,1,0,0,1,0,0,1,0,0,0,0,1,1
2937,Coinbase,0,0,1,1,1,0,0,1,0,0,0,0,0,0,0,0,1,1,1,1,1,5,1,2,['Blockchain' 'Circle' 'Electrum' 'Coinbase'],Blockchain,1,0,0,0,0,0,0,1,0,1,0,0,0,0,1,0,1,0,1
2938,Circle,0,0,1,1,4,1,0,0,0,1,1,1,1,0,1,0,0,1,0,0,1,2,3,5,['Blockchain' 'Electrum' 'Coinbase' 'Circle'],Blockchain,1,0,0,0,0,1,0,0,0,0,1,0,0,0,0,1,1,0,1
2939,Electrum,1,1,0,0,1,0,1,0,1,0,1,0,1,0,1,1,0,1,0,0,1,4,4,3,['Electrum' 'Circle' 'Coinbase' 'Blockchain'],Electrum,0,1,0,0,0,0,0,1,0,0,1,0,1,0,0,0,1,0,0
2940,Blockchain,1,0,0,0,2,0,0,1,1,1,1,0,1,1,1,1,0,0,0,0,0,4,3,2,['Blockchain' 'Circle' 'Coinbase' 'Electrum'],Blockchain,1,0,0,0,0,0,0,1,0,0,1,0,0,1,0,0,1,0,1
2941,Circle,0,0,1,1,1,0,0,1,0,0,0,1,1,0,1,1,1,1,0,0,1,5,1,4,['Electrum' 'Circle' 'Coinbase' 'Blockchain'],Electrum,0,1,0,0,0,0,0,1,0,0,1,0,1,0,0,0,1,0,0
2942,Circle,0,0,1,1,3,0,0,0,0,1,0,1,0,1,0,1,0,1,0,1,1,5,4,2,['Coinbase' 'Blockchain' 'Electrum' 'Circle'],Coinbase,0,0,1,0,1,0,0,0,0,1,0,0,0,0,0,1,0,1,1
2943,Electrum,1,1,0,0,4,0,0,0,0,0,1,1,0,1,0,0,0,0,1,0,0,4,4,5,['Blockchain' 'Circle' 'Coinbase' 'Electrum'],Blockchain,1,0,0,0,0,0,0,1,0,0,1,0,0,1,0,0,1,0,1
2944,Coinbase,0,0,1,1,3,0,1,0,1,1,1,0,1,0,1,1,1,0,1,1,0,2,1,5,['Coinbase' 'Blockchain' 'Electrum' 'Circle'],Coinbase,0,0,1,0,1,0,0,0,0,1,0,0,0,0,0,1,0,1,1
2945,Coinbase,0,0,1,1,1,0,1,0,0,0,0,0,0,1,1,1,0,0,0,0,1,5,1,4,['Circle' 'Electrum' 'Coinbase' 'Blockchain'],Circle,0,0,0,1,0,1,0,0,0,0,1,0,1,0,0,0,0,1,1
2946,Electrum,1,1,0,0,3,1,0,0,0,1,0,0,1,0,1,1,1,0,0,1,1,4,3,1,['Blockchain' 'Electrum' 'Circle' 'Coinbase'],Blockchain,1,0,0,0,0,1,0,0,0,0,0,1,0,0,1,0,1,0,1
2947,Coinbase,0,0,1,1,2,1,0,1,0,0,1,1,0,1,0,1,1,1,0,1,0,5,3,2,['Blockchain' 'Electrum' 'Coinbase' 'Circle'],Blockchain,1,0,0,0,0,1,0,0,0,0,1,0,0,0,0,1,1,0,1
2948,Coinbase,0,0,1,1,4,1,1,1,0,0,1,0,1,0,1,1,0,0,0,1,1,3,4,5,['Electrum' 'Blockchain' 'Circle' 'Coinbase'],Electrum,0,1,0,0,1,0,0,0,0,0,0,1,0,0,1,0,1,0,0
2949,Electrum,1,1,0,0,4,1,0,1,1,0,1,1,1,0,1,1,0,0,0,1,0,5,1,3,['Circle' 'Electrum' 'Coinbase' 'Blockchain'],Circle,0,0,0,1,0,1,0,0,0,0,1,0,1,0,0,0,0,1,1
2950,Circle,0,0,1,1,3,1,0,0,0,0,1,0,0,1,0,1,0,1,1,0,1,3,3,3,['Electrum' 'Coinbase' 'Circle' 'Blockchain'],Electrum,0,1,0,0,0,0,1,0,0,0,0,1,1,0,0,0,1,0,0
2951,Electrum,1,1,0,0,4,1,1,1,1,1,1,1,1,1,0,1,0,1,0,0,1,5,2,1,['Electrum' 'Coinbase' 'Circle' 'Blockchain'],Electrum,0,1,0,0,0,0,1,0,0,0,0,1,1,0,0,0,1,0,0
2952,Electrum,1,1,0,0,4,0,1,1,0,0,1,0,0,0,0,0,0,0,1,1,0,4,3,5,['Coinbase' 'Electrum' 'Circle' 'Blockchain'],Coinbase,0,0,1,0,0,1,0,0,0,0,0,1,1,0,0,0,0,1,1
2953,Circle,0,0,1,1,1,0,1,1,1,0,1,1,0,1,0,1,1,0,0,1,1,4,2,2,['Electrum' 'Circle' 'Blockchain' 'Coinbase'],Electrum,0,1,0,0,0,0,0,1,1,0,0,0,0,0,1,0,1,0,0
2954,Blockchain,1,0,0,0,2,1,0,1,0,1,1,0,0,0,0,1,1,0,1,0,0,4,2,2,['Circle' 'Blockchain' 'Electrum' 'Coinbase'],Circle,0,0,0,1,1,0,0,0,0,1,0,0,0,0,1,0,0,1,1
2955,Coinbase,0,0,1,1,2,0,0,1,1,1,1,0,1,1,0,1,1,1,1,1,0,5,4,2,['Blockchain' 'Coinbase' 'Electrum' 'Circle'],Blockchain,1,0,0,0,0,0,1,0,0,1,0,0,0,0,0,1,1,0,1
2956,Circle,0,0,1,1,3,1,1,1,1,0,1,0,0,1,0,0,0,1,1,0,1,2,4,2,['Electrum' 'Blockchain' 'Coinbase' 'Circle'],Electrum,0,1,0,0,1,0,0,0,0,0,1,0,0,0,0,1,1,0,0
2957,Electrum,1,1,0,0,3,0,1,0,0,0,0,0,1,1,1,1,1,0,0,0,0,5,1,5,['Circle' 'Electrum' 'Blockchain' 'Coinbase'],Circle,0,0,0,1,0,1,0,0,1,0,0,0,0,0,1,0,0,1,1
2958,Blockchain,1,0,0,0,3,0,0,0,1,0,0,0,1,1,1,1,0,1,0,0,1,4,3,2,['Coinbase' 'Blockchain' 'Electrum' 'Circle'],Coinbase,0,0,1,0,1,0,0,0,0,1,0,0,0,0,0,1,0,1,1
2959,Circle,0,0,1,1,3,0,1,0,1,0,0,1,1,0,1,0,1,0,1,1,0,4,3,5,['Blockchain' 'Coinbase' 'Circle' 'Electrum'],Blockchain,1,0,0,0,0,0,1,0,0,0,0,1,0,1,0,0,1,0,1
2960,Circle,0,0,1,1,3,0,0,0,1,1,1,0,0,1,1,1,0,0,1,1,0,2,1,4,['Electrum' 'Circle' 'Coinbase' 'Blockchain'],Electrum,0,1,0,0,0,0,0,1,0,0,1,0,1,0,0,0,1,0,0
2961,Circle,0,0,1,1,2,1,0,0,1,0,1,0,0,1,1,0,1,0,0,0,0,3,1,4,['Blockchain' 'Coinbase' 'Electrum' 'Circle'],Blockchain,1,0,0,0,0,0,1,0,0,1,0,0,0,0,0,1,1,0,1
2962,Electrum,1,1,0,0,2,0,0,0,0,0,0,0,0,0,0,1,0,1,1,0,1,2,4,4,['Coinbase' 'Electrum' 'Blockchain' 'Circle'],Coinbase,0,0,1,0,0,1,0,0,1,0,0,0,0,0,0,1,0,1,1
2963,Electrum,1,1,0,0,1,0,1,0,1,0,1,1,1,1,0,0,0,0,1,1,0,5,1,3,['Coinbase' 'Circle' 'Electrum' 'Blockchain'],Coinbase,0,0,1,0,0,0,0,1,0,1,0,0,1,0,0,0,0,1,1
2964,Circle,0,0,1,1,3,1,1,1,1,0,1,0,1,0,0,1,0,0,0,0,0,1,4,2,['Blockchain' 'Circle' 'Electrum' 'Coinbase'],Blockchain,1,0,0,0,0,0,0,1,0,1,0,0,0,0,1,0,1,0,1
2965,Coinbase,0,0,1,1,4,0,0,1,0,1,0,0,0,0,1,0,1,0,0,0,1,4,5,2,['Electrum' 'Circle' 'Coinbase' 'Blockchain'],Electrum,0,1,0,0,0,0,0,1,0,0,1,0,1,0,0,0,1,0,0
2966,Blockchain,1,0,0,0,1,0,1,0,0,0,1,1,0,1,0,1,0,0,1,0,1,1,4,4,['Blockchain' 'Coinbase' 'Electrum' 'Circle'],Blockchain,1,0,0,0,0,0,1,0,0,1,0,0,0,0,0,1,1,0,1
2967,Electrum,1,1,0,0,1,0,1,1,1,0,0,0,0,1,1,1,1,1,0,1,1,3,1,5,['Coinbase' 'Electrum' 'Blockchain' 'Circle'],Coinbase,0,0,1,0,0,1,0,0,1,0,0,0,0,0,0,1,0,1,1
2968,Electrum,1,1,0,0,3,0,0,1,0,1,1,1,0,1,0,0,1,1,0,0,1,2,1,4,['Circle' 'Electrum' 'Blockchain' 'Coinbase'],Circle,0,0,0,1,0,1,0,0,1,0,0,0,0,0,1,0,0,1,1
2969,Circle,0,0,1,1,4,1,1,0,0,0,1,1,0,0,0,0,0,0,1,1,0,5,3,2,['Electrum' 'Circle' 'Coinbase' 'Blockchain'],Electrum,0,1,0,0,0,0,0,1,0,0,1,0,1,0,0,0,1,0,0
2970,Blockchain,1,0,0,0,2,0,1,1,1,1,1,1,0,0,0,1,0,1,0,0,1,1,2,2,['Blockchain' 'Coinbase' 'Electrum' 'Circle'],Blockchain,1,0,0,0,0,0,1,0,0,1,0,0,0,0,0,1,1,0,1
2971,Circle,0,0,1,1,3,1,0,1,1,1,1,1,0,0,0,1,0,1,1,1,0,5,4,5,['Electrum' 'Circle' 'Coinbase' 'Blockchain'],Electrum,0,1,0,0,0,0,0,1,0,0,1,0,1,0,0,0,1,0,0
2972,Coinbase,0,0,1,1,1,1,0,0,0,0,1,1,1,0,1,0,1,1,1,0,0,5,3,3,['Blockchain' 'Circle' 'Coinbase' 'Electrum'],Blockchain,1,0,0,0,0,0,0,1,0,0,1,0,0,1,0,0,1,0,1
2973,Blockchain,1,0,0,0,3,1,1,1,1,1,1,0,1,0,0,0,0,0,1,1,0,1,2,1,['Blockchain' 'Circle' 'Electrum' 'Coinbase'],Blockchain,1,0,0,0,0,0,0,1,0,1,0,0,0,0,1,0,1,0,1
2974,Blockchain,1,0,0,0,1,0,0,1,1,0,1,0,0,1,1,1,0,0,0,1,0,1,4,4,['Circle' 'Coinbase' 'Electrum' 'Blockchain'],Circle,0,0,0,1,0,0,1,0,0,1,0,0,1,0,0,0,0,1,1
2975,Blockchain,1,0,0,0,3,1,1,0,0,1,1,0,1,1,0,1,1,1,0,0,0,4,3,1,['Circle' 'Blockchain' 'Coinbase' 'Electrum'],Circle,0,0,0,1,1,0,0,0,0,0,1,0,0,1,0,0,0,1,1
2976,Coinbase,0,0,1,1,4,0,1,0,0,0,1,1,1,1,0,1,1,1,0,1,0,4,3,3,['Coinbase' 'Blockchain' 'Electrum' 'Circle'],Coinbase,0,0,1,0,1,0,0,0,0,1,0,0,0,0,0,1,0,1,1
2977,Coinbase,0,0,1,1,3,0,1,1,0,0,1,1,1,1,1,0,1,1,0,0,1,5,1,3,['Circle' 'Blockchain' 'Electrum' 'Coinbase'],Circle,0,0,0,1,1,0,0,0,0,1,0,0,0,0,1,0,0,1,1
2978,Blockchain,1,0,0,0,1,1,1,0,1,1,1,0,1,1,0,0,1,0,0,0,0,3,3,3,['Electrum' 'Blockchain' 'Coinbase' 'Circle'],Electrum,0,1,0,0,1,0,0,0,0,0,1,0,0,0,0,1,1,0,0
2979,Electrum,1,1,0,0,4,1,1,0,0,0,1,1,0,0,1,0,1,1,1,1,0,4,3,1,['Blockchain' 'Circle' 'Electrum' 'Coinbase'],Blockchain,1,0,0,0,0,0,0,1,0,1,0,0,0,0,1,0,1,0,1
2980,Electrum,1,1,0,0,1,0,0,0,0,0,0,0,1,0,0,1,0,0,0,1,0,1,4,2,['Coinbase' 'Blockchain' 'Circle' 'Electrum'],Coinbase,0,0,1,0,1,0,0,0,0,0,0,1,0,1,0,0,0,1,1
2981,Coinbase,0,0,1,1,1,0,1,0,0,1,1,1,1,0,0,0,1,0,0,0,0,5,1,3,['Electrum' 'Blockchain' 'Circle' 'Coinbase'],Electrum,0,1,0,0,1,0,0,0,0,0,0,1,0,0,1,0,1,0,0
2982,Blockchain,1,0,0,0,4,1,1,0,1,1,0,1,0,1,0,0,0,0,0,0,0,5,2,1,['Coinbase' 'Electrum' 'Circle' 'Blockchain'],Coinbase,0,0,1,0,0,1,0,0,0,0,0,1,1,0,0,0,0,1,1
2983,Circle,0,0,1,1,1,0,1,0,0,0,1,1,1,1,1,0,1,1,1,1,1,2,1,5,['Blockchain' 'Circle' 'Coinbase' 'Electrum'],Blockchain,1,0,0,0,0,0,0,1,0,0,1,0,0,1,0,0,1,0,1
2984,Blockchain,1,0,0,0,3,0,0,0,0,1,1,0,0,1,1,1,1,0,1,0,0,3,2,2,['Coinbase' 'Circle' 'Electrum' 'Blockchain'],Coinbase,0,0,1,0,0,0,0,1,0,1,0,0,1,0,0,0,0,1,1
2985,Coinbase,0,0,1,1,3,1,0,0,1,0,0,1,0,1,1,0,1,0,0,1,1,2,4,2,['Circle' 'Coinbase' 'Electrum' 'Blockchain'],Circle,0,0,0,1,0,0,1,0,0,1,0,0,1,0,0,0,0,1,1
2986,Blockchain,1,0,0,0,2,0,1,1,1,1,0,0,1,0,1,1,1,0,0,1,0,4,1,4,['Circle' 'Coinbase' 'Blockchain' 'Electrum'],Circle,0,0,0,1,0,0,1,0,1,0,0,0,0,1,0,0,0,1,1
2987,Circle,0,0,1,1,4,0,0,0,1,1,0,0,0,0,0,0,1,1,0,0,1,5,4,3,['Blockchain' 'Coinbase' 'Circle' 'Electrum'],Blockchain,1,0,0,0,0,0,1,0,0,0,0,1,0,1,0,0,1,0,1
2988,Coinbase,0,0,1,1,2,1,1,0,0,1,1,0,0,0,1,1,0,1,0,1,0,4,2,5,['Blockchain' 'Coinbase' 'Circle' 'Electrum'],Blockchain,1,0,0,0,0,0,1,0,0,0,0,1,0,1,0,0,1,0,1
2989,Blockchain,1,0,0,0,3,0,0,0,0,1,1,1,0,0,1,0,0,0,0,0,0,4,5,1,['Blockchain' 'Coinbase' 'Electrum' 'Circle'],Blockchain,1,0,0,0,0,0,1,0,0,1,0,0,0,0,0,1,1,0,1
2990,Coinbase,0,0,1,1,2,0,0,0,0,1,0,0,0,0,0,1,1,1,0,1,1,5,1,4,['Blockchain' 'Circle' 'Coinbase' 'Electrum'],Blockchain,1,0,0,0,0,0,0,1,0,0,1,0,0,1,0,0,1,0,1
2991,Circle,0,0,1,1,2,1,1,0,0,1,0,1,0,1,0,1,0,1,1,0,0,2,2,5,['Coinbase' 'Blockchain' 'Circle' 'Electrum'],Coinbase,0,0,1,0,1,0,0,0,0,0,0,1,0,1,0,0,0,1,1
2992,Coinbase,0,0,1,1,2,1,1,1,1,1,0,1,0,0,0,0,0,0,1,0,0,2,2,3,['Electrum' 'Blockchain' 'Circle' 'Coinbase'],Electrum,0,1,0,0,1,0,0,0,0,0,0,1,0,0,1,0,1,0,0
2993,Blockchain,1,0,0,0,3,0,0,0,0,0,1,0,0,1,1,1,1,0,0,0,0,3,5,2,['Coinbase' 'Circle' 'Blockchain' 'Electrum'],Coinbase,0,0,1,0,0,0,0,1,1,0,0,0,0,1,0,0,0,1,1
2994,Circle,0,0,1,1,1,1,0,1,1,1,1,1,0,0,0,0,0,0,1,1,1,3,4,1,['Coinbase' 'Blockchain' 'Electrum' 'Circle'],Coinbase,0,0,1,0,1,0,0,0,0,1,0,0,0,0,0,1,0,1,1
2995,Electrum,1,1,0,0,1,1,1,0,1,0,0,1,0,0,1,0,0,1,0,1,1,5,5,2,['Electrum' 'Circle' 'Blockchain' 'Coinbase'],Electrum,0,1,0,0,0,0,0,1,1,0,0,0,0,0,1,0,1,0,0
2996,Electrum,1,1,0,0,1,1,0,0,0,0,1,1,1,1,1,1,1,0,1,1,0,2,5,3,['Circle' 'Blockchain' 'Electrum' 'Coinbase'],Circle,0,0,0,1,1,0,0,0,0,1,0,0,0,0,1,0,0,1,1
2997,Electrum,1,1,0,0,1,1,0,1,0,0,1,1,1,0,0,1,0,1,1,1,0,3,2,3,['Blockchain' 'Circle' 'Coinbase' 'Electrum'],Blockchain,1,0,0,0,0,0,0,1,0,0,1,0,0,1,0,0,1,0,1
2998,Circle,0,0,1,1,2,0,1,0,0,0,0,0,0,1,0,0,1,1,1,0,1,1,4,2,['Coinbase' 'Electrum' 'Circle' 'Blockchain'],Coinbase,0,0,1,0,0,1,0,0,0,0,0,1,1,0,0,0,0,1,1
2999,Circle,0,0,1,1,2,1,0,0,1,1,1,0,0,1,1,1,1,0,0,0,0,4,1,5,['Coinbase' 'Electrum' 'Blockchain' 'Circle'],Coinbase,0,0,1,0,0,1,0,0,1,0,0,0,0,0,0,1,0,1,1
3000,Coinbase,0,0,1,1,1,1,0,1,0,1,0,0,1,1,0,0,1,1,1,0,0,4,3,1,['Blockchain' 'Electrum' 'Circle' 'Coinbase'],Blockchain,1,0,0,0,0,1,0,0,0,0,0,1,0,0,1,0,1,0,1
3001,Coinbase,0,0,1,1,3,0,1,1,0,0,0,0,1,0,1,1,0,0,1,0,0,2,1,4,['Blockchain' 'Circle' 'Coinbase' 'Electrum'],Blockchain,1,0,0,0,0,0,0,1,0,0,1,0,0,1,0,0,1,0,1
3002,Circle,0,0,1,1,2,0,0,1,1,1,0,0,1,0,1,1,1,1,1,0,1,3,1,2,['Circle' 'Coinbase' 'Blockchain' 'Electrum'],Circle,0,0,0,1,0,0,1,0,1,0,0,0,0,1,0,0,0,1,1
3003,Coinbase,0,0,1,1,4,0,1,0,1,0,0,1,1,0,1,1,0,0,1,1,0,5,1,5,['Circle' 'Coinbase' 'Blockchain' 'Electrum'],Circle,0,0,0,1,0,0,1,0,1,0,0,0,0,1,0,0,0,1,1
3004,Electrum,1,1,0,0,4,1,1,0,1,0,1,1,1,0,1,0,0,1,1,0,1,1,4,2,['Coinbase' 'Circle' 'Electrum' 'Blockchain'],Coinbase,0,0,1,0,0,0,0,1,0,1,0,0,1,0,0,0,0,1,1
3005,Coinbase,0,0,1,1,4,0,0,0,1,1,0,0,1,0,1,0,1,0,1,0,1,1,4,3,['Blockchain' 'Circle' 'Coinbase' 'Electrum'],Blockchain,1,0,0,0,0,0,0,1,0,0,1,0,0,1,0,0,1,0,1
3006,Circle,0,0,1,1,2,1,0,0,1,0,1,1,1,0,0,1,1,0,0,1,0,2,4,4,['Blockchain' 'Electrum' 'Coinbase' 'Circle'],Blockchain,1,0,0,0,0,1,0,0,0,0,1,0,0,0,0,1,1,0,1
3007,Blockchain,1,0,0,0,1,1,0,0,0,1,0,1,1,1,0,1,0,0,1,1,0,1,1,1,['Electrum' 'Circle' 'Coinbase' 'Blockchain'],Electrum,0,1,0,0,0,0,0,1,0,0,1,0,1,0,0,0,1,0,0
3008,Electrum,1,1,0,0,2,1,0,0,1,1,1,1,0,1,0,1,1,0,0,1,1,5,4,1,['Coinbase' 'Electrum' 'Circle' 'Blockchain'],Coinbase,0,0,1,0,0,1,0,0,0,0,0,1,1,0,0,0,0,1,1
3009,Coinbase,0,0,1,1,2,1,1,1,0,1,0,0,1,0,1,0,1,1,1,1,1,2,3,5,['Coinbase' 'Electrum' 'Circle' 'Blockchain'],Coinbase,0,0,1,0,0,1,0,0,0,0,0,1,1,0,0,0,0,1,1
3010,Electrum,1,1,0,0,2,1,0,0,0,0,0,0,0,0,0,0,1,0,0,1,0,5,1,4,['Blockchain' 'Circle' 'Electrum' 'Coinbase'],Blockchain,1,0,0,0,0,0,0,1,0,1,0,0,0,0,1,0,1,0,1
3011,Circle,0,0,1,1,3,0,0,1,1,0,0,1,0,1,0,1,1,0,1,1,0,3,4,5,['Coinbase' 'Circle' 'Blockchain' 'Electrum'],Coinbase,0,0,1,0,0,0,0,1,1,0,0,0,0,1,0,0,0,1,1
3012,Blockchain,1,0,0,0,3,1,1,1,1,1,0,0,0,0,1,1,1,0,1,0,1,5,1,4,['Electrum' 'Circle' 'Blockchain' 'Coinbase'],Electrum,0,1,0,0,0,0,0,1,1,0,0,0,0,0,1,0,1,0,0
3013,Circle,0,0,1,1,1,0,0,1,1,0,1,0,0,1,1,0,0,1,0,0,0,4,3,1,['Coinbase' 'Circle' 'Blockchain' 'Electrum'],Coinbase,0,0,1,0,0,0,0,1,1,0,0,0,0,1,0,0,0,1,1
3014,Blockchain,1,0,0,0,4,0,0,1,1,0,1,0,0,0,1,1,1,1,0,0,1,2,3,2,['Circle' 'Electrum' 'Blockchain' 'Coinbase'],Circle,0,0,0,1,0,1,0,0,1,0,0,0,0,0,1,0,0,1,1
3015,Electrum,1,1,0,0,1,0,1,0,1,0,0,0,1,1,0,1,1,0,0,0,0,3,5,4,['Circle' 'Coinbase' 'Blockchain' 'Electrum'],Circle,0,0,0,1,0,0,1,0,1,0,0,0,0,1,0,0,0,1,1
3016,Circle,0,0,1,1,3,1,1,1,0,1,0,1,1,0,0,1,1,0,0,0,0,4,2,4,['Blockchain' 'Coinbase' 'Circle' 'Electrum'],Blockchain,1,0,0,0,0,0,1,0,0,0,0,1,0,1,0,0,1,0,1
3017,Electrum,1,1,0,0,2,0,0,1,1,0,1,1,0,1,0,1,1,0,1,0,1,5,3,2,['Coinbase' 'Electrum' 'Blockchain' 'Circle'],Coinbase,0,0,1,0,0,1,0,0,1,0,0,0,0,0,0,1,0,1,1
3018,Circle,0,0,1,1,2,1,1,0,1,1,0,0,1,1,0,0,1,0,1,1,0,1,2,3,['Coinbase' 'Blockchain' 'Circle' 'Electrum'],Coinbase,0,0,1,0,1,0,0,0,0,0,0,1,0,1,0,0,0,1,1
3019,Blockchain,1,0,0,0,2,0,0,0,1,0,1,1,1,1,0,0,1,1,0,1,0,4,3,2,['Electrum' 'Blockchain' 'Circle' 'Coinbase'],Electrum,0,1,0,0,1,0,0,0,0,0,0,1,0,0,1,0,1,0,0
3020,Circle,0,0,1,1,1,0,1,1,1,0,0,1,0,1,0,1,0,1,0,1,0,4,2,5,['Circle' 'Blockchain' 'Electrum' 'Coinbase'],Circle,0,0,0,1,1,0,0,0,0,1,0,0,0,0,1,0,0,1,1
3021,Circle,0,0,1,1,2,0,0,1,1,1,1,0,1,0,0,0,0,0,1,0,0,1,4,2,['Coinbase' 'Blockchain' 'Electrum' 'Circle'],Coinbase,0,0,1,0,1,0,0,0,0,1,0,0,0,0,0,1,0,1,1
3022,Circle,0,0,1,1,4,0,1,0,1,0,1,1,0,0,1,1,0,1,1,1,1,2,1,2,['Blockchain' 'Coinbase' 'Electrum' 'Circle'],Blockchain,1,0,0,0,0,0,1,0,0,1,0,0,0,0,0,1,1,0,1
3023,Blockchain,1,0,0,0,2,1,1,0,1,1,1,0,0,0,1,1,1,1,1,0,1,3,2,4,['Electrum' 'Blockchain' 'Circle' 'Coinbase'],Electrum,0,1,0,0,1,0,0,0,0,0,0,1,0,0,1,0,1,0,0
3024,Circle,0,0,1,1,1,0,1,0,1,1,0,0,0,0,1,0,1,0,1,0,1,1,1,4,['Circle' 'Electrum' 'Blockchain' 'Coinbase'],Circle,0,0,0,1,0,1,0,0,1,0,0,0,0,0,1,0,0,1,1
3025,Electrum,1,1,0,0,1,0,1,1,0,0,0,1,1,0,1,0,0,1,0,1,0,5,3,4,['Electrum' 'Blockchain' 'Coinbase' 'Circle'],Electrum,0,1,0,0,1,0,0,0,0,0,1,0,0,0,0,1,1,0,0
3026,Electrum,1,1,0,0,1,0,0,1,0,1,1,0,0,1,1,0,1,0,1,1,0,1,2,2,['Circle' 'Blockchain' 'Coinbase' 'Electrum'],Circle,0,0,0,1,1,0,0,0,0,0,1,0,0,1,0,0,0,1,1
3027,Electrum,1,1,0,0,2,0,0,0,0,1,0,1,1,1,0,1,1,1,1,0,0,3,3,3,['Coinbase' 'Blockchain' 'Circle' 'Electrum'],Coinbase,0,0,1,0,1,0,0,0,0,0,0,1,0,1,0,0,0,1,1
3028,Electrum,1,1,0,0,2,0,0,0,1,0,0,1,0,0,0,0,1,1,0,0,1,5,1,2,['Coinbase' 'Electrum' 'Circle' 'Blockchain'],Coinbase,0,0,1,0,0,1,0,0,0,0,0,1,1,0,0,0,0,1,1
3029,Electrum,1,1,0,0,4,0,0,1,1,0,0,1,1,0,0,0,1,1,1,1,0,5,4,4,['Electrum' 'Circle' 'Coinbase' 'Blockchain'],Electrum,0,1,0,0,0,0,0,1,0,0,1,0,1,0,0,0,1,0,0
3030,Blockchain,1,0,0,0,3,0,1,0,0,0,1,0,1,1,1,0,1,0,1,0,1,5,1,2,['Coinbase' 'Blockchain' 'Circle' 'Electrum'],Coinbase,0,0,1,0,1,0,0,0,0,0,0,1,0,1,0,0,0,1,1
3031,Electrum,1,1,0,0,1,1,1,1,1,0,1,1,1,1,0,0,0,1,1,0,0,2,2,3,['Electrum' 'Blockchain' 'Coinbase' 'Circle'],Electrum,0,1,0,0,1,0,0,0,0,0,1,0,0,0,0,1,1,0,0
3032,Coinbase,0,0,1,1,3,1,1,1,1,1,0,1,0,1,0,1,1,0,0,1,0,3,3,4,['Circle' 'Coinbase' 'Blockchain' 'Electrum'],Circle,0,0,0,1,0,0,1,0,1,0,0,0,0,1,0,0,0,1,1
3033,Electrum,1,1,0,0,4,1,0,1,0,0,0,0,0,0,1,1,1,1,1,0,0,3,1,5,['Electrum' 'Blockchain' 'Circle' 'Coinbase'],Electrum,0,1,0,0,1,0,0,0,0,0,0,1,0,0,1,0,1,0,0
3034,Circle,0,0,1,1,1,0,0,0,1,0,0,0,0,0,0,1,0,0,1,1,1,3,1,3,['Coinbase' 'Electrum' 'Blockchain' 'Circle'],Coinbase,0,0,1,0,0,1,0,0,1,0,0,0,0,0,0,1,0,1,1
3035,Coinbase,0,0,1,1,4,0,0,1,0,0,1,0,1,0,1,1,0,1,0,0,1,3,2,3,['Coinbase' 'Blockchain' 'Circle' 'Electrum'],Coinbase,0,0,1,0,1,0,0,0,0,0,0,1,0,1,0,0,0,1,1
3036,Blockchain,1,0,0,0,3,0,0,0,0,0,0,0,1,1,0,0,0,0,1,0,1,5,4,4,['Circle' 'Blockchain' 'Coinbase' 'Electrum'],Circle,0,0,0,1,1,0,0,0,0,0,1,0,0,1,0,0,0,1,1
3037,Coinbase,0,0,1,1,1,1,0,0,0,1,1,1,1,0,0,0,1,1,0,0,1,5,5,4,['Electrum' 'Blockchain' 'Coinbase' 'Circle'],Electrum,0,1,0,0,1,0,0,0,0,0,1,0,0,0,0,1,1,0,0
3038,Blockchain,1,0,0,0,1,0,1,1,1,1,1,1,1,0,0,0,0,1,1,1,0,2,4,4,['Blockchain' 'Circle' 'Electrum' 'Coinbase'],Blockchain,1,0,0,0,0,0,0,1,0,1,0,0,0,0,1,0,1,0,1
3039,Blockchain,1,0,0,0,2,0,0,0,0,0,0,0,1,1,1,1,1,1,1,0,1,4,2,1,['Coinbase' 'Electrum' 'Blockchain' 'Circle'],Coinbase,0,0,1,0,0,1,0,0,1,0,0,0,0,0,0,1,0,1,1
3040,Blockchain,1,0,0,0,3,1,0,1,0,1,0,1,1,0,1,0,1,1,0,1,1,1,5,3,['Electrum' 'Blockchain' 'Circle' 'Coinbase'],Electrum,0,1,0,0,1,0,0,0,0,0,0,1,0,0,1,0,1,0,0
3041,Blockchain,1,0,0,0,2,0,1,1,1,1,0,1,1,1,1,1,1,1,1,1,1,5,2,1,['Circle' 'Blockchain' 'Coinbase' 'Electrum'],Circle,0,0,0,1,1,0,0,0,0,0,1,0,0,1,0,0,0,1,1
3042,Circle,0,0,1,1,4,1,0,0,0,0,0,0,0,1,1,0,1,0,1,0,1,4,2,4,['Coinbase' 'Electrum' 'Circle' 'Blockchain'],Coinbase,0,0,1,0,0,1,0,0,0,0,0,1,1,0,0,0,0,1,1
3043,Coinbase,0,0,1,1,1,1,0,1,0,1,0,0,1,0,1,0,0,0,1,0,1,1,5,2,['Circle' 'Electrum' 'Blockchain' 'Coinbase'],Circle,0,0,0,1,0,1,0,0,1,0,0,0,0,0,1,0,0,1,1
3044,Blockchain,1,0,0,0,1,1,0,1,0,0,1,0,1,0,0,1,1,0,1,1,0,4,1,3,['Coinbase' 'Blockchain' 'Circle' 'Electrum'],Coinbase,0,0,1,0,1,0,0,0,0,0,0,1,0,1,0,0,0,1,1
3045,Blockchain,1,0,0,0,3,1,1,1,0,1,1,1,0,1,0,1,1,1,0,0,1,5,5,2,['Blockchain' 'Circle' 'Coinbase' 'Electrum'],Blockchain,1,0,0,0,0,0,0,1,0,0,1,0,0,1,0,0,1,0,1
3046,Circle,0,0,1,1,3,1,0,0,1,1,1,0,1,0,0,1,1,1,1,1,1,1,2,5,['Circle' 'Coinbase' 'Electrum' 'Blockchain'],Circle,0,0,0,1,0,0,1,0,0,1,0,0,1,0,0,0,0,1,1
3047,Electrum,1,1,0,0,1,1,0,0,0,1,0,0,0,0,0,0,1,1,1,1,1,1,2,4,['Blockchain' 'Coinbase' 'Circle' 'Electrum'],Blockchain,1,0,0,0,0,0,1,0,0,0,0,1,0,1,0,0,1,0,1
3048,Electrum,1,1,0,0,3,0,1,1,0,0,1,1,1,1,1,0,0,0,1,0,0,2,4,4,['Coinbase' 'Blockchain' 'Circle' 'Electrum'],Coinbase,0,0,1,0,1,0,0,0,0,0,0,1,0,1,0,0,0,1,1
3049,Circle,0,0,1,1,4,1,1,1,1,0,0,0,0,0,0,0,1,0,0,1,0,5,2,4,['Electrum' 'Coinbase' 'Blockchain' 'Circle'],Electrum,0,1,0,0,0,0,1,0,1,0,0,0,0,0,0,1,1,0,0
3050,Circle,0,0,1,1,4,0,0,1,0,1,0,0,0,1,0,1,0,1,1,1,0,4,1,1,['Blockchain' 'Circle' 'Coinbase' 'Electrum'],Blockchain,1,0,0,0,0,0,0,1,0,0,1,0,0,1,0,0,1,0,1
3051,Coinbase,0,0,1,1,2,1,0,1,1,0,0,0,1,1,0,1,1,1,0,0,0,2,1,5,['Blockchain' 'Coinbase' 'Circle' 'Electrum'],Blockchain,1,0,0,0,0,0,1,0,0,0,0,1,0,1,0,0,1,0,1
3052,Blockchain,1,0,0,0,4,0,1,0,0,1,1,0,0,0,0,1,0,0,0,0,1,3,1,1,['Coinbase' 'Blockchain' 'Electrum' 'Circle'],Coinbase,0,0,1,0,1,0,0,0,0,1,0,0,0,0,0,1,0,1,1
3053,Circle,0,0,1,1,3,1,1,0,1,0,1,1,1,0,1,0,0,1,1,0,1,2,4,1,['Coinbase' 'Circle' 'Blockchain' 'Electrum'],Coinbase,0,0,1,0,0,0,0,1,1,0,0,0,0,1,0,0,0,1,1
3054,Coinbase,0,0,1,1,2,1,1,1,1,0,1,0,1,0,0,0,1,0,0,1,1,1,1,3,['Electrum' 'Blockchain' 'Circle' 'Coinbase'],Electrum,0,1,0,0,1,0,0,0,0,0,0,1,0,0,1,0,1,0,0
3055,Blockchain,1,0,0,0,3,0,1,1,0,0,0,1,0,1,1,0,1,1,1,1,0,3,1,5,['Electrum' 'Circle' 'Coinbase' 'Blockchain'],Electrum,0,1,0,0,0,0,0,1,0,0,1,0,1,0,0,0,1,0,0
3056,Electrum,1,1,0,0,2,1,0,0,1,0,1,1,0,0,0,1,1,1,0,1,1,1,2,1,['Blockchain' 'Electrum' 'Coinbase' 'Circle'],Blockchain,1,0,0,0,0,1,0,0,0,0,1,0,0,0,0,1,1,0,1
3057,Coinbase,0,0,1,1,4,1,0,0,1,1,1,0,0,0,1,0,0,0,0,0,1,2,1,3,['Coinbase' 'Blockchain' 'Circle' 'Electrum'],Coinbase,0,0,1,0,1,0,0,0,0,0,0,1,0,1,0,0,0,1,1
3058,Coinbase,0,0,1,1,1,1,1,0,1,1,0,1,1,1,1,1,0,0,0,0,1,2,4,1,['Electrum' 'Circle' 'Coinbase' 'Blockchain'],Electrum,0,1,0,0,0,0,0,1,0,0,1,0,1,0,0,0,1,0,0
3059,Circle,0,0,1,1,4,0,1,1,0,0,0,0,0,1,0,1,1,0,0,0,0,1,5,1,['Blockchain' 'Coinbase' 'Circle' 'Electrum'],Blockchain,1,0,0,0,0,0,1,0,0,0,0,1,0,1,0,0,1,0,1
3060,Blockchain,1,0,0,0,4,0,0,1,0,1,1,1,1,1,1,1,0,1,0,0,0,3,4,1,['Electrum' 'Coinbase' 'Blockchain' 'Circle'],Electrum,0,1,0,0,0,0,1,0,1,0,0,0,0,0,0,1,1,0,0
3061,Electrum,1,1,0,0,2,0,1,1,1,1,0,1,1,1,0,0,1,0,1,1,0,2,1,5,['Coinbase' 'Circle' 'Electrum' 'Blockchain'],Coinbase,0,0,1,0,0,0,0,1,0,1,0,0,1,0,0,0,0,1,1
3062,Blockchain,1,0,0,0,1,0,0,1,1,0,1,0,1,1,1,1,0,1,0,0,1,3,4,5,['Blockchain' 'Circle' 'Electrum' 'Coinbase'],Blockchain,1,0,0,0,0,0,0,1,0,1,0,0,0,0,1,0,1,0,1
3063,Electrum,1,1,0,0,2,1,0,0,1,1,1,1,0,0,1,0,0,0,1,1,1,5,3,3,['Blockchain' 'Coinbase' 'Circle' 'Electrum'],Blockchain,1,0,0,0,0,0,1,0,0,0,0,1,0,1,0,0,1,0,1
3064,Coinbase,0,0,1,1,1,1,1,1,1,0,1,1,1,1,0,0,0,0,0,1,0,2,2,3,['Electrum' 'Coinbase' 'Circle' 'Blockchain'],Electrum,0,1,0,0,0,0,1,0,0,0,0,1,1,0,0,0,1,0,0
3065,Coinbase,0,0,1,1,2,0,1,0,0,1,1,1,1,0,0,0,0,0,0,0,1,3,1,3,['Electrum' 'Blockchain' 'Coinbase' 'Circle'],Electrum,0,1,0,0,1,0,0,0,0,0,1,0,0,0,0,1,1,0,0
3066,Electrum,1,1,0,0,4,0,0,1,0,1,1,0,1,0,0,1,0,0,1,1,0,3,2,2,['Blockchain' 'Coinbase' 'Circle' 'Electrum'],Blockchain,1,0,0,0,0,0,1,0,0,0,0,1,0,1,0,0,1,0,1
3067,Blockchain,1,0,0,0,4,0,0,0,1,1,1,1,0,0,0,1,1,0,0,0,0,2,4,1,['Blockchain' 'Circle' 'Electrum' 'Coinbase'],Blockchain,1,0,0,0,0,0,0,1,0,1,0,0,0,0,1,0,1,0,1
3068,Coinbase,0,0,1,1,2,1,1,1,1,0,1,1,0,1,0,1,1,1,1,0,0,3,1,4,['Coinbase' 'Blockchain' 'Electrum' 'Circle'],Coinbase,0,0,1,0,1,0,0,0,0,1,0,0,0,0,0,1,0,1,1
3069,Circle,0,0,1,1,1,1,0,1,0,0,0,0,1,1,0,0,0,0,0,1,1,3,4,3,['Coinbase' 'Circle' 'Electrum' 'Blockchain'],Coinbase,0,0,1,0,0,0,0,1,0,1,0,0,1,0,0,0,0,1,1
3070,Circle,0,0,1,1,3,0,1,1,0,1,1,0,1,1,1,0,0,0,0,1,0,1,3,1,['Circle' 'Coinbase' 'Blockchain' 'Electrum'],Circle,0,0,0,1,0,0,1,0,1,0,0,0,0,1,0,0,0,1,1
3071,Blockchain,1,0,0,0,1,1,1,1,0,1,1,1,1,0,1,0,0,0,1,1,0,1,3,2,['Coinbase' 'Circle' 'Blockchain' 'Electrum'],Coinbase,0,0,1,0,0,0,0,1,1,0,0,0,0,1,0,0,0,1,1
3072,Coinbase,0,0,1,1,2,0,0,1,1,1,1,0,0,1,1,0,1,0,0,0,0,4,2,4,['Coinbase' 'Circle' 'Electrum' 'Blockchain'],Coinbase,0,0,1,0,0,0,0,1,0,1,0,0,1,0,0,0,0,1,1
3073,Blockchain,1,0,0,0,3,1,1,1,0,0,0,0,1,1,0,0,0,1,1,0,0,1,5,1,['Electrum' 'Coinbase' 'Circle' 'Blockchain'],Electrum,0,1,0,0,0,0,1,0,0,0,0,1,1,0,0,0,1,0,0
3074,Circle,0,0,1,1,4,0,1,0,1,0,0,0,1,0,1,0,0,1,1,0,1,4,5,3,['Circle' 'Coinbase' 'Blockchain' 'Electrum'],Circle,0,0,0,1,0,0,1,0,1,0,0,0,0,1,0,0,0,1,1
3075,Coinbase,0,0,1,1,3,0,1,1,1,1,1,1,0,0,0,0,0,0,1,1,0,1,2,2,['Coinbase' 'Electrum' 'Circle' 'Blockchain'],Coinbase,0,0,1,0,0,1,0,0,0,0,0,1,1,0,0,0,0,1,1
3076,Blockchain,1,0,0,0,2,0,0,1,1,1,1,0,0,0,1,1,1,1,1,0,0,3,5,5,['Coinbase' 'Circle' 'Blockchain' 'Electrum'],Coinbase,0,0,1,0,0,0,0,1,1,0,0,0,0,1,0,0,0,1,1
3077,Coinbase,0,0,1,1,2,0,1,0,0,0,0,0,1,1,0,1,1,1,1,0,0,2,1,3,['Coinbase' 'Circle' 'Blockchain' 'Electrum'],Coinbase,0,0,1,0,0,0,0,1,1,0,0,0,0,1,0,0,0,1,1
3078,Circle,0,0,1,1,1,0,0,1,1,1,1,0,0,0,0,1,1,0,0,0,1,1,5,5,['Circle' 'Electrum' 'Coinbase' 'Blockchain'],Circle,0,0,0,1,0,1,0,0,0,0,1,0,1,0,0,0,0,1,1
3079,Coinbase,0,0,1,1,2,1,1,0,0,0,1,1,0,1,1,0,0,0,1,0,1,2,3,5,['Blockchain' 'Circle' 'Coinbase' 'Electrum'],Blockchain,1,0,0,0,0,0,0,1,0,0,1,0,0,1,0,0,1,0,1
3080,Circle,0,0,1,1,3,0,1,1,0,1,0,0,0,0,1,1,0,1,0,1,1,4,5,5,['Coinbase' 'Circle' 'Electrum' 'Blockchain'],Coinbase,0,0,1,0,0,0,0,1,0,1,0,0,1,0,0,0,0,1,1
3081,Coinbase,0,0,1,1,4,1,0,0,1,1,0,1,1,0,0,1,0,1,1,0,1,2,2,5,['Coinbase' 'Blockchain' 'Circle' 'Electrum'],Coinbase,0,0,1,0,1,0,0,0,0,0,0,1,0,1,0,0,0,1,1
3082,Electrum,1,1,0,0,2,0,0,0,1,1,0,0,0,1,0,1,0,1,0,1,1,3,4,4,['Coinbase' 'Electrum' 'Blockchain' 'Circle'],Coinbase,0,0,1,0,0,1,0,0,1,0,0,0,0,0,0,1,0,1,1
3083,Circle,0,0,1,1,4,1,0,1,0,1,0,1,0,1,0,0,1,0,0,0,0,5,3,1,['Circle' 'Coinbase' 'Electrum' 'Blockchain'],Circle,0,0,0,1,0,0,1,0,0,1,0,0,1,0,0,0,0,1,1
3084,Circle,0,0,1,1,3,0,1,0,0,1,1,0,1,0,1,1,0,0,0,1,0,4,1,4,['Coinbase' 'Blockchain' 'Electrum' 'Circle'],Coinbase,0,0,1,0,1,0,0,0,0,1,0,0,0,0,0,1,0,1,1
3085,Electrum,1,1,0,0,4,1,1,1,1,0,0,0,1,1,0,1,0,1,0,1,0,1,2,3,['Blockchain' 'Circle' 'Coinbase' 'Electrum'],Blockchain,1,0,0,0,0,0,0,1,0,0,1,0,0,1,0,0,1,0,1
3086,Coinbase,0,0,1,1,2,1,1,0,0,0,1,1,1,0,1,0,1,0,1,0,1,4,5,1,['Electrum' 'Blockchain' 'Coinbase' 'Circle'],Electrum,0,1,0,0,1,0,0,0,0,0,1,0,0,0,0,1,1,0,0
3087,Blockchain,1,0,0,0,1,0,0,1,0,0,0,1,0,1,0,0,0,0,0,1,1,5,4,3,['Blockchain' 'Coinbase' 'Circle' 'Electrum'],Blockchain,1,0,0,0,0,0,1,0,0,0,0,1,0,1,0,0,1,0,1
3088,Blockchain,1,0,0,0,1,0,0,0,0,1,1,1,0,0,1,0,1,1,1,1,0,4,1,5,['Electrum' 'Blockchain' 'Circle' 'Coinbase'],Electrum,0,1,0,0,1,0,0,0,0,0,0,1,0,0,1,0,1,0,0
3089,Electrum,1,1,0,0,3,0,0,1,0,0,1,1,0,1,1,1,1,0,1,0,1,5,1,5,['Blockchain' 'Electrum' 'Coinbase' 'Circle'],Blockchain,1,0,0,0,0,1,0,0,0,0,1,0,0,0,0,1,1,0,1
3090,Circle,0,0,1,1,4,0,0,0,0,1,1,0,1,0,1,0,0,1,0,1,0,1,2,5,['Circle' 'Blockchain' 'Coinbase' 'Electrum'],Circle,0,0,0,1,1,0,0,0,0,0,1,0,0,1,0,0,0,1,1
3091,Coinbase,0,0,1,1,4,1,1,0,0,1,1,1,1,0,0,1,0,0,1,0,1,4,3,4,['Blockchain' 'Electrum' 'Coinbase' 'Circle'],Blockchain,1,0,0,0,0,1,0,0,0,0,1,0,0,0,0,1,1,0,1
3092,Electrum,1,1,0,0,1,0,1,0,0,1,1,1,1,0,0,1,0,1,0,0,1,2,1,2,['Coinbase' 'Electrum' 'Blockchain' 'Circle'],Coinbase,0,0,1,0,0,1,0,0,1,0,0,0,0,0,0,1,0,1,1
3093,Circle,0,0,1,1,2,0,0,0,0,1,0,0,1,0,0,1,0,1,0,1,0,4,5,2,['Circle' 'Blockchain' 'Electrum' 'Coinbase'],Circle,0,0,0,1,1,0,0,0,0,1,0,0,0,0,1,0,0,1,1
3094,Circle,0,0,1,1,4,1,1,0,0,1,0,1,0,1,1,0,1,0,0,0,1,3,3,2,['Electrum' 'Coinbase' 'Blockchain' 'Circle'],Electrum,0,1,0,0,0,0,1,0,1,0,0,0,0,0,0,1,1,0,0
3095,Coinbase,0,0,1,1,1,1,0,1,0,0,0,1,0,1,0,0,0,0,0,1,1,2,5,5,['Blockchain' 'Coinbase' 'Electrum' 'Circle'],Blockchain,1,0,0,0,0,0,1,0,0,1,0,0,0,0,0,1,1,0,1
3096,Coinbase,0,0,1,1,3,1,0,0,1,0,1,1,1,1,1,0,1,1,1,1,1,5,1,1,['Circle' 'Coinbase' 'Blockchain' 'Electrum'],Circle,0,0,0,1,0,0,1,0,1,0,0,0,0,1,0,0,0,1,1
3097,Blockchain,1,0,0,0,3,0,0,1,1,1,0,0,1,1,0,0,1,0,1,0,1,1,3,1,['Electrum' 'Blockchain' 'Circle' 'Coinbase'],Electrum,0,1,0,0,1,0,0,0,0,0,0,1,0,0,1,0,1,0,0
3098,Blockchain,1,0,0,0,1,1,0,1,0,0,1,1,1,0,0,1,1,0,0,0,1,5,5,2,['Circle' 'Coinbase' 'Electrum' 'Blockchain'],Circle,0,0,0,1,0,0,1,0,0,1,0,0,1,0,0,0,0,1,1
3099,Coinbase,0,0,1,1,2,0,0,1,0,1,0,1,0,1,0,1,0,0,0,1,1,2,3,5,['Electrum' 'Circle' 'Coinbase' 'Blockchain'],Electrum,0,1,0,0,0,0,0,1,0,0,1,0,1,0,0,0,1,0,0
3100,Blockchain,1,0,0,0,3,0,1,1,0,0,0,0,0,1,1,1,1,1,0,1,1,4,5,4,['Blockchain' 'Electrum' 'Circle' 'Coinbase'],Blockchain,1,0,0,0,0,1,0,0,0,0,0,1,0,0,1,0,1,0,1
3101,Electrum,1,1,0,0,3,1,0,0,0,1,1,0,0,1,1,1,1,0,0,0,0,2,5,5,['Blockchain' 'Circle' 'Coinbase' 'Electrum'],Blockchain,1,0,0,0,0,0,0,1,0,0,1,0,0,1,0,0,1,0,1
3102,Coinbase,0,0,1,1,1,1,1,1,0,1,0,1,1,1,0,1,1,1,1,0,1,2,3,1,['Circle' 'Blockchain' 'Electrum' 'Coinbase'],Circle,0,0,0,1,1,0,0,0,0,1,0,0,0,0,1,0,0,1,1
3103,Coinbase,0,0,1,1,1,1,1,0,0,1,1,1,1,1,1,0,0,1,1,1,0,5,3,1,['Electrum' 'Blockchain' 'Circle' 'Coinbase'],Electrum,0,1,0,0,1,0,0,0,0,0,0,1,0,0,1,0,1,0,0
3104,Circle,0,0,1,1,4,0,1,0,0,0,0,1,0,1,1,1,0,1,0,1,1,4,3,4,['Coinbase' 'Electrum' 'Circle' 'Blockchain'],Coinbase,0,0,1,0,0,1,0,0,0,0,0,1,1,0,0,0,0,1,1
3105,Circle,0,0,1,1,3,1,1,0,0,1,0,0,1,1,0,1,0,1,0,1,0,3,1,2,['Circle' 'Blockchain' 'Coinbase' 'Electrum'],Circle,0,0,0,1,1,0,0,0,0,0,1,0,0,1,0,0,0,1,1
3106,Blockchain,1,0,0,0,3,0,0,1,1,1,1,1,0,0,1,0,0,0,1,1,0,3,5,2,['Electrum' 'Blockchain' 'Coinbase' 'Circle'],Electrum,0,1,0,0,1,0,0,0,0,0,1,0,0,0,0,1,1,0,0
3107,Electrum,1,1,0,0,3,1,1,1,1,1,0,1,1,0,0,0,1,1,0,1,0,4,4,2,['Coinbase' 'Blockchain' 'Circle' 'Electrum'],Coinbase,0,0,1,0,1,0,0,0,0,0,0,1,0,1,0,0,0,1,1
3108,Electrum,1,1,0,0,2,1,0,1,1,0,1,0,0,1,0,0,1,0,0,0,1,1,5,4,['Blockchain' 'Circle' 'Coinbase' 'Electrum'],Blockchain,1,0,0,0,0,0,0,1,0,0,1,0,0,1,0,0,1,0,1
3109,Blockchain,1,0,0,0,3,1,1,0,1,0,1,1,1,0,0,1,0,1,0,0,0,4,2,3,['Coinbase' 'Electrum' 'Circle' 'Blockchain'],Coinbase,0,0,1,0,0,1,0,0,0,0,0,1,1,0,0,0,0,1,1
3110,Circle,0,0,1,1,4,1,0,0,1,1,1,1,1,1,1,1,1,0,0,0,1,1,3,4,['Electrum' 'Circle' 'Coinbase' 'Blockchain'],Electrum,0,1,0,0,0,0,0,1,0,0,1,0,1,0,0,0,1,0,0
3111,Coinbase,0,0,1,1,2,1,0,0,1,1,0,1,1,1,1,1,0,1,0,0,1,4,3,1,['Blockchain' 'Electrum' 'Coinbase' 'Circle'],Blockchain,1,0,0,0,0,1,0,0,0,0,1,0,0,0,0,1,1,0,1
3112,Coinbase,0,0,1,1,2,1,1,1,1,0,1,1,1,0,1,1,1,1,1,0,1,1,5,1,['Blockchain' 'Coinbase' 'Electrum' 'Circle'],Blockchain,1,0,0,0,0,0,1,0,0,1,0,0,0,0,0,1,1,0,1
3113,Circle,0,0,1,1,1,1,0,1,0,0,0,0,1,0,0,0,1,1,0,0,1,3,2,4,['Blockchain' 'Coinbase' 'Electrum' 'Circle'],Blockchain,1,0,0,0,0,0,1,0,0,1,0,0,0,0,0,1,1,0,1
3114,Blockchain,1,0,0,0,2,0,0,0,1,1,0,1,1,0,1,1,1,1,0,0,0,3,4,1,['Circle' 'Coinbase' 'Blockchain' 'Electrum'],Circle,0,0,0,1,0,0,1,0,1,0,0,0,0,1,0,0,0,1,1
3115,Electrum,1,1,0,0,4,1,0,0,1,1,0,0,0,1,0,1,1,0,1,1,1,3,2,4,['Blockchain' 'Electrum' 'Circle' 'Coinbase'],Blockchain,1,0,0,0,0,1,0,0,0,0,0,1,0,0,1,0,1,0,1
3116,Blockchain,1,0,0,0,3,1,0,1,1,1,0,1,0,1,1,0,1,1,1,1,0,2,1,4,['Blockchain' 'Electrum' 'Circle' 'Coinbase'],Blockchain,1,0,0,0,0,1,0,0,0,0,0,1,0,0,1,0,1,0,1
3117,Electrum,1,1,0,0,3,0,1,0,1,1,0,1,0,1,0,0,1,0,1,1,0,5,2,1,['Coinbase' 'Electrum' 'Circle' 'Blockchain'],Coinbase,0,0,1,0,0,1,0,0,0,0,0,1,1,0,0,0,0,1,1
3118,Coinbase,0,0,1,1,2,1,1,1,1,0,0,0,0,1,1,0,0,1,1,0,1,3,4,2,['Circle' 'Blockchain' 'Coinbase' 'Electrum'],Circle,0,0,0,1,1,0,0,0,0,0,1,0,0,1,0,0,0,1,1
3119,Coinbase,0,0,1,1,2,0,0,0,0,0,1,0,0,0,1,0,1,0,0,1,1,4,3,1,['Coinbase' 'Blockchain' 'Circle' 'Electrum'],Coinbase,0,0,1,0,1,0,0,0,0,0,0,1,0,1,0,0,0,1,1
3120,Circle,0,0,1,1,2,1,0,0,0,0,0,1,1,1,1,1,0,1,0,0,0,1,1,1,['Electrum' 'Coinbase' 'Circle' 'Blockchain'],Electrum,0,1,0,0,0,0,1,0,0,0,0,1,1,0,0,0,1,0,0
3121,Circle,0,0,1,1,1,0,1,1,1,0,1,1,0,0,1,0,0,0,0,1,1,5,3,5,['Blockchain' 'Coinbase' 'Circle' 'Electrum'],Blockchain,1,0,0,0,0,0,1,0,0,0,0,1,0,1,0,0,1,0,1
3122,Circle,0,0,1,1,4,0,1,0,0,0,1,0,1,0,1,0,1,0,1,1,1,5,5,5,['Electrum' 'Blockchain' 'Circle' 'Coinbase'],Electrum,0,1,0,0,1,0,0,0,0,0,0,1,0,0,1,0,1,0,0
3123,Blockchain,1,0,0,0,3,0,1,0,1,0,0,0,1,1,0,1,1,0,0,0,0,1,3,2,['Coinbase' 'Circle' 'Electrum' 'Blockchain'],Coinbase,0,0,1,0,0,0,0,1,0,1,0,0,1,0,0,0,0,1,1
3124,Electrum,1,1,0,0,2,0,1,1,1,0,1,1,1,0,0,0,0,0,1,0,1,5,5,2,['Circle' 'Electrum' 'Coinbase' 'Blockchain'],Circle,0,0,0,1,0,1,0,0,0,0,1,0,1,0,0,0,0,1,1
3125,Blockchain,1,0,0,0,2,1,1,0,0,0,1,0,1,0,1,0,0,0,0,0,1,2,1,2,['Circle' 'Blockchain' 'Electrum' 'Coinbase'],Circle,0,0,0,1,1,0,0,0,0,1,0,0,0,0,1,0,0,1,1
3126,Circle,0,0,1,1,2,0,1,1,0,0,1,0,1,1,1,1,1,1,1,0,0,1,4,3,['Electrum' 'Blockchain' 'Coinbase' 'Circle'],Electrum,0,1,0,0,1,0,0,0,0,0,1,0,0,0,0,1,1,0,0
3127,Circle,0,0,1,1,3,0,0,0,0,0,1,1,0,0,1,1,1,1,1,1,0,5,2,3,['Circle' 'Coinbase' 'Blockchain' 'Electrum'],Circle,0,0,0,1,0,0,1,0,1,0,0,0,0,1,0,0,0,1,1
3128,Blockchain,1,0,0,0,3,1,0,1,1,1,0,0,0,1,1,1,0,0,1,0,0,5,4,3,['Electrum' 'Circle' 'Blockchain' 'Coinbase'],Electrum,0,1,0,0,0,0,0,1,1,0,0,0,0,0,1,0,1,0,0
3129,Electrum,1,1,0,0,1,0,0,0,1,0,1,0,1,0,1,0,0,1,1,0,1,4,5,2,['Circle' 'Blockchain' 'Coinbase' 'Electrum'],Circle,0,0,0,1,1,0,0,0,0,0,1,0,0,1,0,0,0,1,1
3130,Electrum,1,1,0,0,2,0,1,0,1,0,0,1,0,1,1,1,1,1,0,0,0,3,5,5,['Blockchain' 'Circle' 'Electrum' 'Coinbase'],Blockchain,1,0,0,0,0,0,0,1,0,1,0,0,0,0,1,0,1,0,1
3131,Coinbase,0,0,1,1,3,0,1,1,1,0,1,0,0,1,0,1,0,1,0,1,0,1,4,1,['Electrum' 'Circle' 'Coinbase' 'Blockchain'],Electrum,0,1,0,0,0,0,0,1,0,0,1,0,1,0,0,0,1,0,0
3132,Blockchain,1,0,0,0,3,1,0,1,0,1,1,0,0,0,0,1,1,1,0,1,1,3,2,5,['Circle' 'Coinbase' 'Blockchain' 'Electrum'],Circle,0,0,0,1,0,0,1,0,1,0,0,0,0,1,0,0,0,1,1
3133,Coinbase,0,0,1,1,2,0,0,0,1,0,1,1,0,1,1,0,1,0,0,0,1,3,3,4,['Coinbase' 'Electrum' 'Blockchain' 'Circle'],Coinbase,0,0,1,0,0,1,0,0,1,0,0,0,0,0,0,1,0,1,1
3134,Blockchain,1,0,0,0,2,0,1,0,0,0,1,0,1,1,1,1,0,0,1,0,0,3,4,3,['Coinbase' 'Circle' 'Blockchain' 'Electrum'],Coinbase,0,0,1,0,0,0,0,1,1,0,0,0,0,1,0,0,0,1,1
3135,Circle,0,0,1,1,2,1,1,1,0,1,1,0,0,0,0,0,1,0,0,0,1,5,3,4,['Coinbase' 'Circle' 'Blockchain' 'Electrum'],Coinbase,0,0,1,0,0,0,0,1,1,0,0,0,0,1,0,0,0,1,1
3136,Circle,0,0,1,1,4,1,1,0,0,0,1,1,0,0,0,0,1,1,1,1,1,5,4,2,['Electrum' 'Coinbase' 'Blockchain' 'Circle'],Electrum,0,1,0,0,0,0,1,0,1,0,0,0,0,0,0,1,1,0,0
3137,Electrum,1,1,0,0,3,0,0,0,1,1,1,1,1,1,1,0,0,1,1,1,0,5,3,4,['Electrum' 'Coinbase' 'Circle' 'Blockchain'],Electrum,0,1,0,0,0,0,1,0,0,0,0,1,1,0,0,0,1,0,0
3138,Electrum,1,1,0,0,4,1,0,0,0,0,0,0,1,1,0,0,0,1,1,0,1,1,1,5,['Electrum' 'Blockchain' 'Coinbase' 'Circle'],Electrum,0,1,0,0,1,0,0,0,0,0,1,0,0,0,0,1,1,0,0
3139,Circle,0,0,1,1,4,0,1,1,0,0,1,1,1,1,0,1,1,0,1,1,1,3,3,3,['Circle' 'Blockchain' 'Coinbase' 'Electrum'],Circle,0,0,0,1,1,0,0,0,0,0,1,0,0,1,0,0,0,1,1
3140,Blockchain,1,0,0,0,1,0,0,0,0,1,0,0,0,1,1,1,1,1,0,1,1,4,5,2,['Circle' 'Blockchain' 'Coinbase' 'Electrum'],Circle,0,0,0,1,1,0,0,0,0,0,1,0,0,1,0,0,0,1,1
3141,Blockchain,1,0,0,0,4,1,0,1,1,1,0,0,1,1,1,1,0,1,0,1,0,4,4,3,['Electrum' 'Coinbase' 'Blockchain' 'Circle'],Electrum,0,1,0,0,0,0,1,0,1,0,0,0,0,0,0,1,1,0,0
3142,Circle,0,0,1,1,3,1,1,1,1,1,0,0,0,1,1,1,0,1,0,1,0,1,1,4,['Coinbase' 'Blockchain' 'Electrum' 'Circle'],Coinbase,0,0,1,0,1,0,0,0,0,1,0,0,0,0,0,1,0,1,1
3143,Coinbase,0,0,1,1,1,1,0,0,0,1,1,1,1,1,1,1,0,1,1,0,0,5,1,5,['Electrum' 'Coinbase' 'Circle' 'Blockchain'],Electrum,0,1,0,0,0,0,1,0,0,0,0,1,1,0,0,0,1,0,0
3144,Circle,0,0,1,1,1,0,1,1,0,1,0,0,1,0,0,1,1,0,0,1,1,1,2,1,['Coinbase' 'Circle' 'Electrum' 'Blockchain'],Coinbase,0,0,1,0,0,0,0,1,0,1,0,0,1,0,0,0,0,1,1
3145,Coinbase,0,0,1,1,3,0,0,1,0,1,1,0,0,1,1,1,1,1,0,0,1,1,3,3,['Blockchain' 'Circle' 'Electrum' 'Coinbase'],Blockchain,1,0,0,0,0,0,0,1,0,1,0,0,0,0,1,0,1,0,1
3146,Electrum,1,1,0,0,1,0,0,0,1,1,1,0,1,1,0,1,0,0,1,1,0,1,3,5,['Coinbase' 'Circle' 'Electrum' 'Blockchain'],Coinbase,0,0,1,0,0,0,0,1,0,1,0,0,1,0,0,0,0,1,1
3147,Coinbase,0,0,1,1,4,0,1,1,0,0,0,0,1,0,0,0,1,0,1,0,0,2,4,3,['Coinbase' 'Blockchain' 'Circle' 'Electrum'],Coinbase,0,0,1,0,1,0,0,0,0,0,0,1,0,1,0,0,0,1,1
3148,Electrum,1,1,0,0,4,0,1,0,0,0,1,1,0,1,1,0,1,0,0,1,1,5,2,1,['Circle' 'Electrum' 'Coinbase' 'Blockchain'],Circle,0,0,0,1,0,1,0,0,0,0,1,0,1,0,0,0,0,1,1
3149,Circle,0,0,1,1,3,1,1,1,0,1,0,1,1,0,1,1,0,0,1,0,0,5,4,1,['Electrum' 'Blockchain' 'Coinbase' 'Circle'],Electrum,0,1,0,0,1,0,0,0,0,0,1,0,0,0,0,1,1,0,0
3150,Circle,0,0,1,1,1,1,1,1,0,1,1,1,1,0,1,0,0,0,0,0,1,5,3,4,['Coinbase' 'Circle' 'Electrum' 'Blockchain'],Coinbase,0,0,1,0,0,0,0,1,0,1,0,0,1,0,0,0,0,1,1
3151,Circle,0,0,1,1,2,1,0,0,0,1,0,1,0,0,1,0,0,0,1,0,0,1,2,3,['Electrum' 'Coinbase' 'Circle' 'Blockchain'],Electrum,0,1,0,0,0,0,1,0,0,0,0,1,1,0,0,0,1,0,0
3152,Coinbase,0,0,1,1,4,0,0,0,0,0,1,0,1,1,1,0,0,1,1,1,0,5,1,1,['Electrum' 'Blockchain' 'Coinbase' 'Circle'],Electrum,0,1,0,0,1,0,0,0,0,0,1,0,0,0,0,1,1,0,0
3153,Coinbase,0,0,1,1,3,1,1,1,0,1,0,0,0,1,0,1,0,0,0,1,1,3,2,4,['Coinbase' 'Blockchain' 'Circle' 'Electrum'],Coinbase,0,0,1,0,1,0,0,0,0,0,0,1,0,1,0,0,0,1,1
3154,Coinbase,0,0,1,1,2,1,1,0,1,0,0,0,0,0,1,0,0,0,0,0,1,1,3,2,['Electrum' 'Blockchain' 'Coinbase' 'Circle'],Electrum,0,1,0,0,1,0,0,0,0,0,1,0,0,0,0,1,1,0,0
3155,Circle,0,0,1,1,2,0,0,1,0,0,1,1,0,1,1,1,1,0,0,0,0,3,5,4,['Circle' 'Blockchain' 'Coinbase' 'Electrum'],Circle,0,0,0,1,1,0,0,0,0,0,1,0,0,1,0,0,0,1,1
3156,Circle,0,0,1,1,1,0,0,1,0,1,0,0,0,0,1,1,1,1,1,0,1,1,2,4,['Circle' 'Electrum' 'Coinbase' 'Blockchain'],Circle,0,0,0,1,0,1,0,0,0,0,1,0,1,0,0,0,0,1,1
3157,Circle,0,0,1,1,4,0,0,0,1,0,0,1,0,1,1,0,0,1,0,1,0,1,1,1,['Electrum' 'Coinbase' 'Circle' 'Blockchain'],Electrum,0,1,0,0,0,0,1,0,0,0,0,1,1,0,0,0,1,0,0
3158,Coinbase,0,0,1,1,4,0,0,1,0,1,0,1,1,1,1,1,0,1,1,1,1,5,4,5,['Blockchain' 'Circle' 'Electrum' 'Coinbase'],Blockchain,1,0,0,0,0,0,0,1,0,1,0,0,0,0,1,0,1,0,1
3159,Coinbase,0,0,1,1,1,0,0,0,0,1,1,1,1,1,1,1,0,0,1,0,1,1,5,2,['Blockchain' 'Electrum' 'Circle' 'Coinbase'],Blockchain,1,0,0,0,0,1,0,0,0,0,0,1,0,0,1,0,1,0,1
3160,Circle,0,0,1,1,1,1,1,1,0,1,1,1,1,1,0,1,0,0,0,1,0,2,2,2,['Electrum' 'Blockchain' 'Circle' 'Coinbase'],Electrum,0,1,0,0,1,0,0,0,0,0,0,1,0,0,1,0,1,0,0
3161,Electrum,1,1,0,0,3,1,0,1,0,0,0,0,0,0,0,0,1,1,1,0,1,4,3,5,['Electrum' 'Circle' 'Coinbase' 'Blockchain'],Electrum,0,1,0,0,0,0,0,1,0,0,1,0,1,0,0,0,1,0,0
3162,Blockchain,1,0,0,0,1,1,0,0,1,1,0,1,0,0,0,1,1,0,1,1,0,5,3,1,['Blockchain' 'Circle' 'Coinbase' 'Electrum'],Blockchain,1,0,0,0,0,0,0,1,0,0,1,0,0,1,0,0,1,0,1
3163,Circle,0,0,1,1,3,1,1,1,0,1,1,1,0,1,1,1,0,0,1,0,0,3,3,4,['Circle' 'Electrum' 'Coinbase' 'Blockchain'],Circle,0,0,0,1,0,1,0,0,0,0,1,0,1,0,0,0,0,1,1
3164,Coinbase,0,0,1,1,3,1,0,1,1,1,1,0,0,0,1,1,1,0,1,0,0,3,1,5,['Coinbase' 'Electrum' 'Circle' 'Blockchain'],Coinbase,0,0,1,0,0,1,0,0,0,0,0,1,1,0,0,0,0,1,1
3165,Circle,0,0,1,1,3,1,1,1,0,0,0,0,1,1,0,0,1,0,0,1,1,2,5,5,['Blockchain' 'Circle' 'Electrum' 'Coinbase'],Blockchain,1,0,0,0,0,0,0,1,0,1,0,0,0,0,1,0,1,0,1
3166,Circle,0,0,1,1,2,1,1,1,1,1,0,1,0,0,1,0,0,1,1,1,1,4,4,4,['Circle' 'Blockchain' 'Coinbase' 'Electrum'],Circle,0,0,0,1,1,0,0,0,0,0,1,0,0,1,0,0,0,1,1
3167,Blockchain,1,0,0,0,2,0,1,1,1,0,0,1,1,1,1,1,1,0,0,0,1,2,4,5,['Circle' 'Coinbase' 'Electrum' 'Blockchain'],Circle,0,0,0,1,0,0,1,0,0,1,0,0,1,0,0,0,0,1,1
3168,Circle,0,0,1,1,2,0,0,1,0,1,1,1,0,0,0,0,1,0,1,0,1,2,2,3,['Blockchain' 'Electrum' 'Coinbase' 'Circle'],Blockchain,1,0,0,0,0,1,0,0,0,0,1,0,0,0,0,1,1,0,1
3169,Circle,0,0,1,1,4,1,1,0,0,0,0,0,0,1,0,1,0,0,1,1,1,3,3,2,['Blockchain' 'Circle' 'Coinbase' 'Electrum'],Blockchain,1,0,0,0,0,0,0,1,0,0,1,0,0,1,0,0,1,0,1
3170,Blockchain,1,0,0,0,1,0,0,0,1,0,0,1,1,0,0,0,1,1,1,1,0,1,2,4,['Coinbase' 'Electrum' 'Circle' 'Blockchain'],Coinbase,0,0,1,0,0,1,0,0,0,0,0,1,1,0,0,0,0,1,1
3171,Blockchain,1,0,0,0,2,0,1,1,0,1,0,0,0,0,1,0,0,1,1,0,1,1,4,1,['Electrum' 'Blockchain' 'Circle' 'Coinbase'],Electrum,0,1,0,0,1,0,0,0,0,0,0,1,0,0,1,0,1,0,0
3172,Electrum,1,1,0,0,4,0,1,0,0,1,1,0,1,1,1,0,0,1,0,1,1,5,1,1,['Blockchain' 'Coinbase' 'Electrum' 'Circle'],Blockchain,1,0,0,0,0,0,1,0,0,1,0,0,0,0,0,1,1,0,1
3173,Blockchain,1,0,0,0,2,1,1,1,1,0,1,0,0,1,1,1,0,1,0,0,0,3,2,4,['Electrum' 'Blockchain' 'Coinbase' 'Circle'],Electrum,0,1,0,0,1,0,0,0,0,0,1,0,0,0,0,1,1,0,0
3174,Electrum,1,1,0,0,4,0,1,0,1,0,0,0,1,0,1,1,0,1,0,0,0,5,1,5,['Electrum' 'Blockchain' 'Coinbase' 'Circle'],Electrum,0,1,0,0,1,0,0,0,0,0,1,0,0,0,0,1,1,0,0
3175,Blockchain,1,0,0,0,4,1,0,0,0,0,1,0,1,1,1,1,1,0,1,0,1,4,4,4,['Coinbase' 'Circle' 'Blockchain' 'Electrum'],Coinbase,0,0,1,0,0,0,0,1,1,0,0,0,0,1,0,0,0,1,1
3176,Blockchain,1,0,0,0,2,0,1,1,0,1,1,0,1,1,0,0,0,1,0,1,0,5,5,4,['Electrum' 'Circle' 'Blockchain' 'Coinbase'],Electrum,0,1,0,0,0,0,0,1,1,0,0,0,0,0,1,0,1,0,0
3177,Blockchain,1,0,0,0,1,0,1,0,0,1,0,1,0,0,0,0,0,0,0,0,1,1,2,2,['Circle' 'Blockchain' 'Electrum' 'Coinbase'],Circle,0,0,0,1,1,0,0,0,0,1,0,0,0,0,1,0,0,1,1
3178,Electrum,1,1,0,0,4,1,1,1,1,1,0,1,0,1,0,0,1,0,0,1,1,5,1,4,['Coinbase' 'Blockchain' 'Electrum' 'Circle'],Coinbase,0,0,1,0,1,0,0,0,0,1,0,0,0,0,0,1,0,1,1
3179,Blockchain,1,0,0,0,4,0,0,0,1,1,0,0,1,1,0,1,1,1,0,1,1,3,3,2,['Coinbase' 'Circle' 'Blockchain' 'Electrum'],Coinbase,0,0,1,0,0,0,0,1,1,0,0,0,0,1,0,0,0,1,1
3180,Electrum,1,1,0,0,3,0,0,0,0,0,0,1,1,1,0,1,1,1,0,1,1,2,1,5,['Blockchain' 'Coinbase' 'Electrum' 'Circle'],Blockchain,1,0,0,0,0,0,1,0,0,1,0,0,0,0,0,1,1,0,1
3181,Electrum,1,1,0,0,2,0,1,1,1,1,1,1,1,1,0,1,1,0,1,0,1,1,4,5,['Blockchain' 'Circle' 'Coinbase' 'Electrum'],Blockchain,1,0,0,0,0,0,0,1,0,0,1,0,0,1,0,0,1,0,1
3182,Blockchain,1,0,0,0,4,0,0,0,0,1,1,0,1,1,1,1,0,1,0,0,0,5,1,3,['Electrum' 'Coinbase' 'Circle' 'Blockchain'],Electrum,0,1,0,0,0,0,1,0,0,0,0,1,1,0,0,0,1,0,0
3183,Coinbase,0,0,1,1,2,1,1,0,1,1,0,0,1,0,0,0,0,1,0,1,0,4,5,2,['Electrum' 'Blockchain' 'Coinbase' 'Circle'],Electrum,0,1,0,0,1,0,0,0,0,0,1,0,0,0,0,1,1,0,0
3184,Blockchain,1,0,0,0,4,1,1,1,1,0,1,0,1,0,0,0,0,0,0,1,1,1,4,2,['Electrum' 'Blockchain' 'Circle' 'Coinbase'],Electrum,0,1,0,0,1,0,0,0,0,0,0,1,0,0,1,0,1,0,0
3185,Circle,0,0,1,1,4,1,1,0,1,1,0,1,1,1,1,1,0,0,0,0,0,3,4,5,['Electrum' 'Coinbase' 'Circle' 'Blockchain'],Electrum,0,1,0,0,0,0,1,0,0,0,0,1,1,0,0,0,1,0,0
3186,Blockchain,1,0,0,0,2,0,1,1,0,0,0,0,0,0,1,0,1,0,1,1,1,4,4,3,['Electrum' 'Coinbase' 'Blockchain' 'Circle'],Electrum,0,1,0,0,0,0,1,0,1,0,0,0,0,0,0,1,1,0,0
3187,Circle,0,0,1,1,1,0,1,1,1,0,1,0,1,0,1,0,1,0,0,1,0,5,1,5,['Blockchain' 'Circle' 'Coinbase' 'Electrum'],Blockchain,1,0,0,0,0,0,0,1,0,0,1,0,0,1,0,0,1,0,1
3188,Circle,0,0,1,1,2,0,0,0,0,0,1,0,0,1,0,0,1,1,1,1,0,2,5,1,['Circle' 'Blockchain' 'Electrum' 'Coinbase'],Circle,0,0,0,1,1,0,0,0,0,1,0,0,0,0,1,0,0,1,1
3189,Electrum,1,1,0,0,4,1,1,0,0,0,0,1,1,0,1,1,0,1,0,0,0,3,1,2,['Circle' 'Coinbase' 'Blockchain' 'Electrum'],Circle,0,0,0,1,0,0,1,0,1,0,0,0,0,1,0,0,0,1,1
3190,Electrum,1,1,0,0,1,1,0,0,0,0,0,1,1,1,0,0,1,0,0,0,0,3,5,3,['Electrum' 'Circle' 'Blockchain' 'Coinbase'],Electrum,0,1,0,0,0,0,0,1,1,0,0,0,0,0,1,0,1,0,0
3191,Blockchain,1,0,0,0,3,1,0,1,0,1,0,1,0,0,1,1,1,1,0,0,1,3,5,4,['Circle' 'Coinbase' 'Blockchain' 'Electrum'],Circle,0,0,0,1,0,0,1,0,1,0,0,0,0,1,0,0,0,1,1
3192,Blockchain,1,0,0,0,2,0,1,1,0,0,0,1,0,0,1,0,1,1,0,0,0,1,2,4,['Circle' 'Coinbase' 'Electrum' 'Blockchain'],Circle,0,0,0,1,0,0,1,0,0,1,0,0,1,0,0,0,0,1,1
3193,Blockchain,1,0,0,0,2,0,1,1,0,1,1,1,1,0,1,1,0,0,1,0,1,1,4,5,['Blockchain' 'Coinbase' 'Electrum' 'Circle'],Blockchain,1,0,0,0,0,0,1,0,0,1,0,0,0,0,0,1,1,0,1
3194,Electrum,1,1,0,0,1,0,1,1,0,0,0,0,1,0,1,1,0,0,1,0,0,2,4,5,['Coinbase' 'Electrum' 'Circle' 'Blockchain'],Coinbase,0,0,1,0,0,1,0,0,0,0,0,1,1,0,0,0,0,1,1
3195,Coinbase,0,0,1,1,2,1,1,0,1,0,1,0,1,0,0,0,1,0,0,0,1,1,5,5,['Coinbase' 'Circle' 'Blockchain' 'Electrum'],Coinbase,0,0,1,0,0,0,0,1,1,0,0,0,0,1,0,0,0,1,1
3196,Coinbase,0,0,1,1,1,1,1,0,1,0,1,0,0,0,0,0,1,1,1,0,0,5,5,3,['Circle' 'Blockchain' 'Coinbase' 'Electrum'],Circle,0,0,0,1,1,0,0,0,0,0,1,0,0,1,0,0,0,1,1
3197,Coinbase,0,0,1,1,3,1,0,1,1,0,1,1,0,0,1,0,1,1,1,1,1,3,2,2,['Circle' 'Coinbase' 'Electrum' 'Blockchain'],Circle,0,0,0,1,0,0,1,0,0,1,0,0,1,0,0,0,0,1,1
3198,Blockchain,1,0,0,0,4,0,0,0,0,0,1,1,0,1,1,0,1,1,0,0,1,2,5,1,['Coinbase' 'Electrum' 'Circle' 'Blockchain'],Coinbase,0,0,1,0,0,1,0,0,0,0,0,1,1,0,0,0,0,1,1
3199,Circle,0,0,1,1,1,0,0,0,1,0,0,0,1,1,0,0,1,1,1,1,0,1,5,3,['Electrum' 'Circle' 'Coinbase' 'Blockchain'],Electrum,0,1,0,0,0,0,0,1,0,0,1,0,1,0,0,0,1,0,0
3200,Circle,0,0,1,1,4,0,1,1,0,0,0,1,1,1,0,1,1,1,1,1,0,3,5,1,['Coinbase' 'Electrum' 'Blockchain' 'Circle'],Coinbase,0,0,1,0,0,1,0,0,1,0,0,0,0,0,0,1,0,1,1
3201,Blockchain,1,0,0,0,4,0,1,0,0,0,1,1,0,1,1,0,0,0,1,0,1,2,3,3,['Electrum' 'Blockchain' 'Circle' 'Coinbase'],Electrum,0,1,0,0,1,0,0,0,0,0,0,1,0,0,1,0,1,0,0
3202,Circle,0,0,1,1,3,1,0,1,1,0,1,1,0,1,0,1,1,1,0,0,1,3,4,4,['Blockchain' 'Circle' 'Electrum' 'Coinbase'],Blockchain,1,0,0,0,0,0,0,1,0,1,0,0,0,0,1,0,1,0,1
3203,Coinbase,0,0,1,1,1,1,0,0,1,1,0,1,1,1,1,0,0,0,1,0,0,5,5,1,['Electrum' 'Coinbase' 'Circle' 'Blockchain'],Electrum,0,1,0,0,0,0,1,0,0,0,0,1,1,0,0,0,1,0,0
3204,Coinbase,0,0,1,1,3,0,0,0,0,1,1,1,0,0,0,1,0,0,1,1,1,3,4,4,['Electrum' 'Circle' 'Coinbase' 'Blockchain'],Electrum,0,1,0,0,0,0,0,1,0,0,1,0,1,0,0,0,1,0,0
3205,Electrum,1,1,0,0,1,0,0,1,0,0,0,0,1,1,0,0,1,1,0,0,1,2,2,1,['Coinbase' 'Circle' 'Electrum' 'Blockchain'],Coinbase,0,0,1,0,0,0,0,1,0,1,0,0,1,0,0,0,0,1,1
3206,Electrum,1,1,0,0,1,1,1,0,1,0,1,0,1,0,0,1,1,0,0,1,0,3,4,5,['Electrum' 'Blockchain' 'Circle' 'Coinbase'],Electrum,0,1,0,0,1,0,0,0,0,0,0,1,0,0,1,0,1,0,0
3207,Coinbase,0,0,1,1,1,1,0,1,0,0,0,1,0,0,0,0,1,0,1,1,0,5,3,4,['Blockchain' 'Electrum' 'Circle' 'Coinbase'],Blockchain,1,0,0,0,0,1,0,0,0,0,0,1,0,0,1,0,1,0,1
3208,Circle,0,0,1,1,3,1,0,0,1,1,1,1,1,0,0,1,0,0,1,1,1,5,4,5,['Coinbase' 'Electrum' 'Circle' 'Blockchain'],Coinbase,0,0,1,0,0,1,0,0,0,0,0,1,1,0,0,0,0,1,1
3209,Blockchain,1,0,0,0,1,1,1,1,0,0,1,0,0,1,0,1,0,1,0,0,0,4,5,3,['Electrum' 'Blockchain' 'Coinbase' 'Circle'],Electrum,0,1,0,0,1,0,0,0,0,0,1,0,0,0,0,1,1,0,0
3210,Blockchain,1,0,0,0,1,1,0,0,0,0,0,0,0,1,1,1,0,1,1,0,0,4,3,5,['Blockchain' 'Circle' 'Coinbase' 'Electrum'],Blockchain,1,0,0,0,0,0,0,1,0,0,1,0,0,1,0,0,1,0,1
3211,Electrum,1,1,0,0,1,0,0,1,0,1,0,0,1,1,1,0,1,0,1,0,0,1,4,2,['Electrum' 'Blockchain' 'Coinbase' 'Circle'],Electrum,0,1,0,0,1,0,0,0,0,0,1,0,0,0,0,1,1,0,0
3212,Coinbase,0,0,1,1,2,0,0,1,1,1,0,1,0,1,1,1,0,0,1,1,1,5,4,4,['Electrum' 'Coinbase' 'Blockchain' 'Circle'],Electrum,0,1,0,0,0,0,1,0,1,0,0,0,0,0,0,1,1,0,0
3213,Blockchain,1,0,0,0,1,0,0,0,0,0,1,1,0,0,0,1,0,1,1,0,1,5,3,3,['Electrum' 'Coinbase' 'Circle' 'Blockchain'],Electrum,0,1,0,0,0,0,1,0,0,0,0,1,1,0,0,0,1,0,0
3214,Coinbase,0,0,1,1,4,0,1,1,0,0,1,1,0,0,0,1,0,0,0,0,0,4,2,5,['Coinbase' 'Circle' 'Electrum' 'Blockchain'],Coinbase,0,0,1,0,0,0,0,1,0,1,0,0,1,0,0,0,0,1,1
3215,Coinbase,0,0,1,1,2,0,0,0,0,1,1,0,0,1,1,0,0,0,1,0,1,2,2,4,['Coinbase' 'Blockchain' 'Circle' 'Electrum'],Coinbase,0,0,1,0,1,0,0,0,0,0,0,1,0,1,0,0,0,1,1
3216,Coinbase,0,0,1,1,2,0,0,1,1,0,0,0,1,1,0,1,1,1,1,0,0,1,5,4,['Coinbase' 'Electrum' 'Blockchain' 'Circle'],Coinbase,0,0,1,0,0,1,0,0,1,0,0,0,0,0,0,1,0,1,1
3217,Electrum,1,1,0,0,3,0,0,1,0,1,0,1,1,1,1,0,0,0,1,0,0,4,3,5,['Electrum' 'Coinbase' 'Circle' 'Blockchain'],Electrum,0,1,0,0,0,0,1,0,0,0,0,1,1,0,0,0,1,0,0
3218,Coinbase,0,0,1,1,4,0,1,0,0,0,0,1,1,1,0,0,1,0,1,1,1,3,5,5,['Electrum' 'Circle' 'Coinbase' 'Blockchain'],Electrum,0,1,0,0,0,0,0,1,0,0,1,0,1,0,0,0,1,0,0
3219,Blockchain,1,0,0,0,1,1,0,1,1,1,1,1,0,0,0,0,1,1,1,0,0,5,1,4,['Circle' 'Blockchain' 'Coinbase' 'Electrum'],Circle,0,0,0,1,1,0,0,0,0,0,1,0,0,1,0,0,0,1,1
3220,Coinbase,0,0,1,1,1,0,0,1,1,0,1,1,1,0,0,1,1,0,0,0,1,1,2,5,['Circle' 'Electrum' 'Blockchain' 'Coinbase'],Circle,0,0,0,1,0,1,0,0,1,0,0,0,0,0,1,0,0,1,1
3221,Electrum,1,1,0,0,4,0,0,1,0,1,0,0,1,0,0,0,1,1,1,0,1,5,5,2,['Circle' 'Coinbase' 'Blockchain' 'Electrum'],Circle,0,0,0,1,0,0,1,0,1,0,0,0,0,1,0,0,0,1,1
3222,Electrum,1,1,0,0,3,0,0,1,0,0,0,0,0,0,1,1,0,0,0,0,1,4,4,4,['Coinbase' 'Blockchain' 'Circle' 'Electrum'],Coinbase,0,0,1,0,1,0,0,0,0,0,0,1,0,1,0,0,0,1,1
3223,Circle,0,0,1,1,3,1,0,1,0,0,1,0,0,1,0,1,1,1,1,0,1,1,3,1,['Electrum' 'Circle' 'Blockchain' 'Coinbase'],Electrum,0,1,0,0,0,0,0,1,1,0,0,0,0,0,1,0,1,0,0
3224,Electrum,1,1,0,0,4,1,0,0,0,1,1,0,0,1,0,0,1,0,0,0,1,5,5,5,['Circle' 'Blockchain' 'Electrum' 'Coinbase'],Circle,0,0,0,1,1,0,0,0,0,1,0,0,0,0,1,0,0,1,1
3225,Electrum,1,1,0,0,3,1,1,1,0,1,0,0,0,1,1,1,0,0,0,0,0,2,1,4,['Circle' 'Blockchain' 'Electrum' 'Coinbase'],Circle,0,0,0,1,1,0,0,0,0,1,0,0,0,0,1,0,0,1,1
3226,Coinbase,0,0,1,1,1,0,1,0,1,0,1,1,1,0,1,1,0,1,0,0,1,1,5,5,['Coinbase' 'Blockchain' 'Circle' 'Electrum'],Coinbase,0,0,1,0,1,0,0,0,0,0,0,1,0,1,0,0,0,1,1
3227,Coinbase,0,0,1,1,1,1,0,0,0,0,0,0,1,0,1,1,1,0,1,0,0,5,4,2,['Blockchain' 'Circle' 'Electrum' 'Coinbase'],Blockchain,1,0,0,0,0,0,0,1,0,1,0,0,0,0,1,0,1,0,1
3228,Blockchain,1,0,0,0,4,0,1,0,0,0,1,0,0,1,0,0,0,0,1,1,0,2,4,5,['Electrum' 'Blockchain' 'Coinbase' 'Circle'],Electrum,0,1,0,0,1,0,0,0,0,0,1,0,0,0,0,1,1,0,0
3229,Electrum,1,1,0,0,2,0,0,0,0,0,0,1,0,1,1,0,0,0,0,1,0,5,2,3,['Blockchain' 'Circle' 'Electrum' 'Coinbase'],Blockchain,1,0,0,0,0,0,0,1,0,1,0,0,0,0,1,0,1,0,1
3230,Circle,0,0,1,1,1,0,1,0,1,0,1,0,1,0,0,1,0,0,0,1,1,3,1,5,['Electrum' 'Coinbase' 'Blockchain' 'Circle'],Electrum,0,1,0,0,0,0,1,0,1,0,0,0,0,0,0,1,1,0,0
3231,Circle,0,0,1,1,4,1,0,1,1,0,1,0,0,0,0,1,1,1,1,1,0,2,5,3,['Blockchain' 'Coinbase' 'Circle' 'Electrum'],Blockchain,1,0,0,0,0,0,1,0,0,0,0,1,0,1,0,0,1,0,1
3232,Electrum,1,1,0,0,1,0,1,0,0,0,1,1,0,1,1,0,1,0,0,1,0,4,3,4,['Circle' 'Blockchain' 'Electrum' 'Coinbase'],Circle,0,0,0,1,1,0,0,0,0,1,0,0,0,0,1,0,0,1,1
3233,Circle,0,0,1,1,1,0,0,1,0,1,1,1,1,1,0,1,1,0,1,0,1,5,2,4,['Electrum' 'Circle' 'Coinbase' 'Blockchain'],Electrum,0,1,0,0,0,0,0,1,0,0,1,0,1,0,0,0,1,0,0
3234,Electrum,1,1,0,0,1,1,0,0,0,1,1,0,1,1,0,1,1,1,1,0,1,5,4,2,['Coinbase' 'Circle' 'Electrum' 'Blockchain'],Coinbase,0,0,1,0,0,0,0,1,0,1,0,0,1,0,0,0,0,1,1
3235,Electrum,1,1,0,0,1,1,0,0,0,0,0,1,1,0,1,1,1,1,1,0,0,3,4,3,['Electrum' 'Circle' 'Blockchain' 'Coinbase'],Electrum,0,1,0,0,0,0,0,1,1,0,0,0,0,0,1,0,1,0,0
3236,Blockchain,1,0,0,0,1,0,0,0,0,0,0,0,1,0,0,1,1,1,1,1,0,5,5,3,['Electrum' 'Circle' 'Blockchain' 'Coinbase'],Electrum,0,1,0,0,0,0,0,1,1,0,0,0,0,0,1,0,1,0,0
3237,Coinbase,0,0,1,1,2,1,1,1,0,0,0,0,0,0,0,1,0,0,0,0,0,4,3,3,['Electrum' 'Blockchain' 'Coinbase' 'Circle'],Electrum,0,1,0,0,1,0,0,0,0,0,1,0,0,0,0,1,1,0,0
3238,Blockchain,1,0,0,0,4,0,1,0,0,0,1,1,0,0,0,1,1,0,0,1,0,1,2,1,['Electrum' 'Blockchain' 'Circle' 'Coinbase'],Electrum,0,1,0,0,1,0,0,0,0,0,0,1,0,0,1,0,1,0,0
3239,Blockchain,1,0,0,0,2,0,0,0,1,0,0,1,1,1,1,0,0,0,1,1,1,3,5,5,['Coinbase' 'Electrum' 'Blockchain' 'Circle'],Coinbase,0,0,1,0,0,1,0,0,1,0,0,0,0,0,0,1,0,1,1
3240,Coinbase,0,0,1,1,3,1,0,1,1,1,0,1,1,1,1,1,1,0,0,1,1,5,2,5,['Electrum' 'Blockchain' 'Coinbase' 'Circle'],Electrum,0,1,0,0,1,0,0,0,0,0,1,0,0,0,0,1,1,0,0
3241,Coinbase,0,0,1,1,1,1,0,1,1,0,1,1,1,0,0,0,1,0,1,0,0,3,3,1,['Electrum' 'Coinbase' 'Blockchain' 'Circle'],Electrum,0,1,0,0,0,0,1,0,1,0,0,0,0,0,0,1,1,0,0
3242,Electrum,1,1,0,0,4,0,0,1,1,0,0,0,1,0,1,1,1,1,0,0,0,3,2,5,['Blockchain' 'Circle' 'Electrum' 'Coinbase'],Blockchain,1,0,0,0,0,0,0,1,0,1,0,0,0,0,1,0,1,0,1
3243,Blockchain,1,0,0,0,4,1,1,0,0,0,0,1,0,1,0,1,1,1,0,0,0,1,1,4,['Electrum' 'Circle' 'Blockchain' 'Coinbase'],Electrum,0,1,0,0,0,0,0,1,1,0,0,0,0,0,1,0,1,0,0
3244,Circle,0,0,1,1,3,1,1,1,0,1,1,0,0,1,0,1,1,1,0,0,0,3,3,2,['Blockchain' 'Coinbase' 'Electrum' 'Circle'],Blockchain,1,0,0,0,0,0,1,0,0,1,0,0,0,0,0,1,1,0,1
3245,Coinbase,0,0,1,1,4,1,1,0,0,1,1,1,1,0,0,0,0,1,1,0,1,4,4,2,['Circle' 'Coinbase' 'Electrum' 'Blockchain'],Circle,0,0,0,1,0,0,1,0,0,1,0,0,1,0,0,0,0,1,1
3246,Coinbase,0,0,1,1,4,1,1,0,1,1,1,1,0,0,0,1,1,1,0,1,0,2,4,2,['Electrum' 'Circle' 'Blockchain' 'Coinbase'],Electrum,0,1,0,0,0,0,0,1,1,0,0,0,0,0,1,0,1,0,0
3247,Circle,0,0,1,1,1,0,0,1,0,1,1,1,0,0,0,1,0,1,0,1,1,3,4,2,['Circle' 'Blockchain' 'Electrum' 'Coinbase'],Circle,0,0,0,1,1,0,0,0,0,1,0,0,0,0,1,0,0,1,1
3248,Circle,0,0,1,1,4,0,0,0,0,0,1,0,0,1,0,1,0,1,1,1,0,5,5,1,['Blockchain' 'Circle' 'Coinbase' 'Electrum'],Blockchain,1,0,0,0,0,0,0,1,0,0,1,0,0,1,0,0,1,0,1
3249,Circle,0,0,1,1,2,0,1,0,1,0,1,1,0,1,0,0,0,1,0,1,0,4,2,5,['Electrum' 'Blockchain' 'Circle' 'Coinbase'],Electrum,0,1,0,0,1,0,0,0,0,0,0,1,0,0,1,0,1,0,0
3250,Blockchain,1,0,0,0,2,0,0,0,0,0,0,1,1,0,1,0,0,1,1,0,0,2,2,4,['Electrum' 'Blockchain' 'Coinbase' 'Circle'],Electrum,0,1,0,0,1,0,0,0,0,0,1,0,0,0,0,1,1,0,0
3251,Coinbase,0,0,1,1,1,1,0,0,0,1,1,0,1,0,0,1,0,0,0,1,1,4,3,1,['Coinbase' 'Electrum' 'Blockchain' 'Circle'],Coinbase,0,0,1,0,0,1,0,0,1,0,0,0,0,0,0,1,0,1,1
3252,Blockchain,1,0,0,0,2,1,1,1,1,1,0,1,0,0,1,1,0,0,1,1,0,5,5,4,['Circle' 'Blockchain' 'Electrum' 'Coinbase'],Circle,0,0,0,1,1,0,0,0,0,1,0,0,0,0,1,0,0,1,1
3253,Blockchain,1,0,0,0,1,0,0,1,0,0,1,1,0,0,0,1,1,0,0,1,0,3,2,5,['Electrum' 'Blockchain' 'Coinbase' 'Circle'],Electrum,0,1,0,0,1,0,0,0,0,0,1,0,0,0,0,1,1,0,0
3254,Circle,0,0,1,1,1,0,0,0,1,0,1,0,0,0,1,1,0,1,1,0,1,2,5,4,['Coinbase' 'Circle' 'Blockchain' 'Electrum'],Coinbase,0,0,1,0,0,0,0,1,1,0,0,0,0,1,0,0,0,1,1
3255,Blockchain,1,0,0,0,3,0,1,1,1,1,1,1,0,0,1,1,0,0,1,0,1,5,5,5,['Coinbase' 'Electrum' 'Circle' 'Blockchain'],Coinbase,0,0,1,0,0,1,0,0,0,0,0,1,1,0,0,0,0,1,1
3256,Coinbase,0,0,1,1,4,1,1,1,0,0,1,0,0,1,1,1,1,0,1,0,1,5,2,2,['Coinbase' 'Electrum' 'Blockchain' 'Circle'],Coinbase,0,0,1,0,0,1,0,0,1,0,0,0,0,0,0,1,0,1,1
3257,Circle,0,0,1,1,4,0,0,0,0,1,0,0,1,1,0,1,0,1,1,1,0,5,2,5,['Coinbase' 'Blockchain' 'Circle' 'Electrum'],Coinbase,0,0,1,0,1,0,0,0,0,0,0,1,0,1,0,0,0,1,1
3258,Coinbase,0,0,1,1,3,1,1,1,0,1,1,1,0,1,1,1,0,1,1,1,1,4,5,3,['Blockchain' 'Electrum' 'Coinbase' 'Circle'],Blockchain,1,0,0,0,0,1,0,0,0,0,1,0,0,0,0,1,1,0,1
3259,Coinbase,0,0,1,1,2,1,1,1,1,0,1,1,1,0,1,1,0,1,1,0,0,4,5,1,['Coinbase' 'Electrum' 'Blockchain' 'Circle'],Coinbase,0,0,1,0,0,1,0,0,1,0,0,0,0,0,0,1,0,1,1
3260,Blockchain,1,0,0,0,1,0,1,1,0,0,0,1,0,1,1,1,0,0,0,0,1,5,5,2,['Coinbase' 'Circle' 'Blockchain' 'Electrum'],Coinbase,0,0,1,0,0,0,0,1,1,0,0,0,0,1,0,0,0,1,1
3261,Circle,0,0,1,1,3,0,1,1,0,1,1,0,0,1,1,1,0,1,0,1,1,2,3,4,['Blockchain' 'Circle' 'Electrum' 'Coinbase'],Blockchain,1,0,0,0,0,0,0,1,0,1,0,0,0,0,1,0,1,0,1
3262,Coinbase,0,0,1,1,2,0,0,0,1,1,0,0,1,0,1,1,1,1,1,0,0,4,4,2,['Blockchain' 'Coinbase' 'Circle' 'Electrum'],Blockchain,1,0,0,0,0,0,1,0,0,0,0,1,0,1,0,0,1,0,1
3263,Circle,0,0,1,1,1,0,1,1,1,1,0,1,0,1,0,1,1,0,1,0,1,1,5,5,['Circle' 'Coinbase' 'Blockchain' 'Electrum'],Circle,0,0,0,1,0,0,1,0,1,0,0,0,0,1,0,0,0,1,1
3264,Blockchain,1,0,0,0,4,1,1,1,1,1,0,1,1,1,1,0,0,1,1,1,0,1,2,4,['Electrum' 'Coinbase' 'Blockchain' 'Circle'],Electrum,0,1,0,0,0,0,1,0,1,0,0,0,0,0,0,1,1,0,0
3265,Blockchain,1,0,0,0,4,1,0,0,0,1,1,1,0,1,0,0,1,0,0,0,1,4,2,1,['Circle' 'Coinbase' 'Blockchain' 'Electrum'],Circle,0,0,0,1,0,0,1,0,1,0,0,0,0,1,0,0,0,1,1
3266,Blockchain,1,0,0,0,4,1,0,1,1,0,0,0,1,1,1,0,0,0,0,1,1,3,2,5,['Electrum' 'Circle' 'Blockchain' 'Coinbase'],Electrum,0,1,0,0,0,0,0,1,1,0,0,0,0,0,1,0,1,0,0
3267,Electrum,1,1,0,0,1,1,1,0,1,0,1,0,1,1,1,1,1,0,1,0,1,5,5,5,['Circle' 'Blockchain' 'Electrum' 'Coinbase'],Circle,0,0,0,1,1,0,0,0,0,1,0,0,0,0,1,0,0,1,1
3268,Coinbase,0,0,1,1,4,0,1,0,0,1,0,1,1,0,0,0,1,0,0,0,0,3,3,4,['Circle' 'Blockchain' 'Electrum' 'Coinbase'],Circle,0,0,0,1,1,0,0,0,0,1,0,0,0,0,1,0,0,1,1
3269,Circle,0,0,1,1,2,0,0,1,0,1,1,1,0,1,0,1,1,0,0,0,0,2,2,3,['Blockchain' 'Coinbase' 'Electrum' 'Circle'],Blockchain,1,0,0,0,0,0,1,0,0,1,0,0,0,0,0,1,1,0,1
3270,Coinbase,0,0,1,1,3,1,0,0,0,1,1,0,0,1,0,1,1,1,1,1,0,1,2,5,['Blockchain' 'Electrum' 'Circle' 'Coinbase'],Blockchain,1,0,0,0,0,1,0,0,0,0,0,1,0,0,1,0,1,0,1
3271,Electrum,1,1,0,0,2,1,1,0,1,0,1,0,0,0,1,0,0,1,1,1,1,4,2,1,['Blockchain' 'Electrum' 'Circle' 'Coinbase'],Blockchain,1,0,0,0,0,1,0,0,0,0,0,1,0,0,1,0,1,0,1
3272,Electrum,1,1,0,0,3,0,0,1,0,0,0,0,1,1,0,1,1,1,1,1,1,2,2,2,['Coinbase' 'Blockchain' 'Circle' 'Electrum'],Coinbase,0,0,1,0,1,0,0,0,0,0,0,1,0,1,0,0,0,1,1
3273,Coinbase,0,0,1,1,3,1,0,0,0,1,0,0,0,1,0,0,1,1,0,1,1,5,3,2,['Electrum' 'Circle' 'Blockchain' 'Coinbase'],Electrum,0,1,0,0,0,0,0,1,1,0,0,0,0,0,1,0,1,0,0
3274,Circle,0,0,1,1,2,0,1,0,0,0,1,1,0,1,0,1,1,1,0,1,1,1,5,1,['Electrum' 'Circle' 'Blockchain' 'Coinbase'],Electrum,0,1,0,0,0,0,0,1,1,0,0,0,0,0,1,0,1,0,0
3275,Electrum,1,1,0,0,2,1,0,1,1,1,1,0,1,0,0,0,0,1,0,1,0,3,5,4,['Blockchain' 'Electrum' 'Coinbase' 'Circle'],Blockchain,1,0,0,0,0,1,0,0,0,0,1,0,0,0,0,1,1,0,1
3276,Coinbase,0,0,1,1,3,0,1,1,1,1,1,0,0,0,1,1,1,0,1,1,0,5,1,1,['Blockchain' 'Electrum' 'Coinbase' 'Circle'],Blockchain,1,0,0,0,0,1,0,0,0,0,1,0,0,0,0,1,1,0,1
3277,Electrum,1,1,0,0,2,0,0,0,1,1,0,1,1,0,0,0,1,1,0,0,0,3,1,1,['Blockchain' 'Circle' 'Coinbase' 'Electrum'],Blockchain,1,0,0,0,0,0,0,1,0,0,1,0,0,1,0,0,1,0,1
3278,Circle,0,0,1,1,2,0,1,1,1,0,1,1,1,0,1,0,1,0,0,0,1,1,3,3,['Blockchain' 'Circle' 'Coinbase' 'Electrum'],Blockchain,1,0,0,0,0,0,0,1,0,0,1,0,0,1,0,0,1,0,1
3279,Circle,0,0,1,1,1,1,0,0,0,1,0,0,1,1,1,1,0,0,0,1,1,1,1,3,['Circle' 'Coinbase' 'Blockchain' 'Electrum'],Circle,0,0,0,1,0,0,1,0,1,0,0,0,0,1,0,0,0,1,1
3280,Blockchain,1,0,0,0,3,1,1,1,1,0,0,0,0,0,0,0,1,0,0,0,0,2,4,2,['Coinbase' 'Circle' 'Blockchain' 'Electrum'],Coinbase,0,0,1,0,0,0,0,1,1,0,0,0,0,1,0,0,0,1,1
3281,Coinbase,0,0,1,1,4,0,0,0,1,0,0,0,0,0,0,0,0,0,0,1,0,3,2,1,['Coinbase' 'Blockchain' 'Electrum' 'Circle'],Coinbase,0,0,1,0,1,0,0,0,0,1,0,0,0,0,0,1,0,1,1
3282,Blockchain,1,0,0,0,2,1,0,1,0,0,0,0,1,1,0,1,1,1,1,0,1,2,2,1,['Electrum' 'Blockchain' 'Circle' 'Coinbase'],Electrum,0,1,0,0,1,0,0,0,0,0,0,1,0,0,1,0,1,0,0
3283,Blockchain,1,0,0,0,2,1,1,1,1,1,1,1,0,0,0,1,1,0,0,0,0,3,2,5,['Blockchain' 'Electrum' 'Coinbase' 'Circle'],Blockchain,1,0,0,0,0,1,0,0,0,0,1,0,0,0,0,1,1,0,1
3284,Electrum,1,1,0,0,3,1,0,1,1,0,0,1,0,0,1,1,1,0,1,1,1,2,2,2,['Blockchain' 'Electrum' 'Circle' 'Coinbase'],Blockchain,1,0,0,0,0,1,0,0,0,0,0,1,0,0,1,0,1,0,1
3285,Blockchain,1,0,0,0,1,1,1,1,1,0,0,1,0,0,1,1,1,0,0,1,0,5,4,4,['Electrum' 'Circle' 'Blockchain' 'Coinbase'],Electrum,0,1,0,0,0,0,0,1,1,0,0,0,0,0,1,0,1,0,0
3286,Coinbase,0,0,1,1,1,1,0,0,0,1,0,1,1,1,0,0,1,0,1,0,1,4,5,3,['Circle' 'Blockchain' 'Coinbase' 'Electrum'],Circle,0,0,0,1,1,0,0,0,0,0,1,0,0,1,0,0,0,1,1
3287,Circle,0,0,1,1,2,1,1,1,0,1,0,0,1,1,1,0,0,1,1,1,0,1,1,2,['Blockchain' 'Coinbase' 'Circle' 'Electrum'],Blockchain,1,0,0,0,0,0,1,0,0,0,0,1,0,1,0,0,1,0,1
3288,Blockchain,1,0,0,0,1,1,1,0,0,1,0,0,0,1,0,1,0,1,0,0,0,4,4,3,['Blockchain' 'Coinbase' 'Electrum' 'Circle'],Blockchain,1,0,0,0,0,0,1,0,0,1,0,0,0,0,0,1,1,0,1
3289,Electrum,1,1,0,0,2,0,1,1,0,1,1,1,1,1,0,1,1,0,1,1,1,2,4,3,['Electrum' 'Blockchain' 'Circle' 'Coinbase'],Electrum,0,1,0,0,1,0,0,0,0,0,0,1,0,0,1,0,1,0,0
3290,Blockchain,1,0,0,0,3,1,0,0,0,1,0,1,0,0,0,0,0,0,0,0,1,3,2,3,['Electrum' 'Blockchain' 'Circle' 'Coinbase'],Electrum,0,1,0,0,1,0,0,0,0,0,0,1,0,0,1,0,1,0,0
3291,Circle,0,0,1,1,3,1,0,1,0,0,0,0,0,0,0,0,0,1,0,0,0,1,4,1,['Blockchain' 'Circle' 'Electrum' 'Coinbase'],Blockchain,1,0,0,0,0,0,0,1,0,1,0,0,0,0,1,0,1,0,1
3292,Coinbase,0,0,1,1,2,1,0,1,1,1,0,1,1,1,0,0,1,1,0,0,1,4,4,1,['Electrum' 'Coinbase' 'Blockchain' 'Circle'],Electrum,0,1,0,0,0,0,1,0,1,0,0,0,0,0,0,1,1,0,0
3293,Coinbase,0,0,1,1,2,1,1,0,0,0,0,0,0,0,1,1,0,0,0,1,0,4,5,4,['Coinbase' 'Blockchain' 'Electrum' 'Circle'],Coinbase,0,0,1,0,1,0,0,0,0,1,0,0,0,0,0,1,0,1,1
3294,Electrum,1,1,0,0,2,1,0,0,1,1,1,1,0,0,1,0,0,0,0,0,1,5,5,5,['Electrum' 'Coinbase' 'Blockchain' 'Circle'],Electrum,0,1,0,0,0,0,1,0,1,0,0,0,0,0,0,1,1,0,0
3295,Blockchain,1,0,0,0,1,1,1,1,1,0,0,1,0,0,1,1,1,1,0,1,0,1,1,5,['Blockchain' 'Coinbase' 'Electrum' 'Circle'],Blockchain,1,0,0,0,0,0,1,0,0,1,0,0,0,0,0,1,1,0,1
3296,Electrum,1,1,0,0,2,0,0,1,0,1,1,1,0,0,0,0,1,1,1,0,0,1,3,1,['Electrum' 'Circle' 'Blockchain' 'Coinbase'],Electrum,0,1,0,0,0,0,0,1,1,0,0,0,0,0,1,0,1,0,0
3297,Blockchain,1,0,0,0,2,1,1,1,0,0,0,0,1,1,1,1,1,1,1,0,0,1,2,4,['Circle' 'Electrum' 'Blockchain' 'Coinbase'],Circle,0,0,0,1,0,1,0,0,1,0,0,0,0,0,1,0,0,1,1
3298,Electrum,1,1,0,0,2,0,1,1,1,1,1,1,0,1,1,0,1,0,1,1,1,3,1,2,['Blockchain' 'Coinbase' 'Electrum' 'Circle'],Blockchain,1,0,0,0,0,0,1,0,0,1,0,0,0,0,0,1,1,0,1
3299,Electrum,1,1,0,0,4,1,0,1,1,1,1,1,1,0,0,1,0,1,0,1,1,4,2,4,['Coinbase' 'Blockchain' 'Circle' 'Electrum'],Coinbase,0,0,1,0,1,0,0,0,0,0,0,1,0,1,0,0,0,1,1
3300,Coinbase,0,0,1,1,1,1,0,1,1,0,1,0,0,0,1,0,1,1,0,0,0,5,1,5,['Electrum' 'Blockchain' 'Coinbase' 'Circle'],Electrum,0,1,0,0,1,0,0,0,0,0,1,0,0,0,0,1,1,0,0
3301,Circle,0,0,1,1,2,0,1,1,0,0,0,0,1,0,0,1,1,0,1,1,0,5,2,5,['Blockchain' 'Electrum' 'Coinbase' 'Circle'],Blockchain,1,0,0,0,0,1,0,0,0,0,1,0,0,0,0,1,1,0,1
3302,Blockchain,1,0,0,0,2,1,1,0,1,0,0,1,1,1,0,1,0,1,1,1,1,1,4,2,['Blockchain' 'Electrum' 'Coinbase' 'Circle'],Blockchain,1,0,0,0,0,1,0,0,0,0,1,0,0,0,0,1,1,0,1
3303,Blockchain,1,0,0,0,1,1,1,0,1,0,0,1,1,1,1,1,1,1,1,0,1,4,3,3,['Electrum' 'Blockchain' 'Coinbase' 'Circle'],Electrum,0,1,0,0,1,0,0,0,0,0,1,0,0,0,0,1,1,0,0
3304,Coinbase,0,0,1,1,1,1,1,0,0,0,1,0,1,1,1,1,0,0,1,0,1,1,4,5,['Coinbase' 'Blockchain' 'Electrum' 'Circle'],Coinbase,0,0,1,0,1,0,0,0,0,1,0,0,0,0,0,1,0,1,1
3305,Electrum,1,1,0,0,2,0,0,0,1,0,1,0,0,0,0,1,1,1,1,1,1,5,5,1,['Coinbase' 'Electrum' 'Blockchain' 'Circle'],Coinbase,0,0,1,0,0,1,0,0,1,0,0,0,0,0,0,1,0,1,1
3306,Circle,0,0,1,1,3,0,1,0,1,0,1,1,1,0,1,0,0,0,0,0,1,2,5,2,['Electrum' 'Coinbase' 'Blockchain' 'Circle'],Electrum,0,1,0,0,0,0,1,0,1,0,0,0,0,0,0,1,1,0,0
3307,Blockchain,1,0,0,0,2,1,1,0,0,1,1,1,1,0,1,0,1,1,0,0,0,3,3,3,['Blockchain' 'Coinbase' 'Electrum' 'Circle'],Blockchain,1,0,0,0,0,0,1,0,0,1,0,0,0,0,0,1,1,0,1
3308,Blockchain,1,0,0,0,2,0,1,0,0,1,1,1,0,0,0,1,1,1,1,0,1,5,3,3,['Electrum' 'Coinbase' 'Circle' 'Blockchain'],Electrum,0,1,0,0,0,0,1,0,0,0,0,1,1,0,0,0,1,0,0
3309,Circle,0,0,1,1,3,0,1,0,0,0,1,1,1,0,0,0,1,1,1,0,0,1,3,5,['Blockchain' 'Circle' 'Coinbase' 'Electrum'],Blockchain,1,0,0,0,0,0,0,1,0,0,1,0,0,1,0,0,1,0,1
3310,Electrum,1,1,0,0,3,1,0,1,0,0,0,0,0,1,0,0,0,0,1,1,0,1,5,1,['Electrum' 'Blockchain' 'Coinbase' 'Circle'],Electrum,0,1,0,0,1,0,0,0,0,0,1,0,0,0,0,1,1,0,0
3311,Circle,0,0,1,1,4,0,0,0,1,1,0,1,0,1,0,0,1,1,1,1,1,4,3,5,['Coinbase' 'Circle' 'Blockchain' 'Electrum'],Coinbase,0,0,1,0,0,0,0,1,1,0,0,0,0,1,0,0,0,1,1
3312,Electrum,1,1,0,0,3,0,0,1,0,1,1,0,1,0,0,0,0,0,0,0,0,1,5,2,['Coinbase' 'Blockchain' 'Circle' 'Electrum'],Coinbase,0,0,1,0,1,0,0,0,0,0,0,1,0,1,0,0,0,1,1
3313,Blockchain,1,0,0,0,3,0,1,1,1,1,0,1,1,1,1,0,1,1,0,0,1,4,3,5,['Electrum' 'Circle' 'Blockchain' 'Coinbase'],Electrum,0,1,0,0,0,0,0,1,1,0,0,0,0,0,1,0,1,0,0
3314,Electrum,1,1,0,0,2,0,0,0,1,1,1,1,0,1,1,1,1,0,0,1,0,3,4,5,['Coinbase' 'Electrum' 'Blockchain' 'Circle'],Coinbase,0,0,1,0,0,1,0,0,1,0,0,0,0,0,0,1,0,1,1
3315,Electrum,1,1,0,0,1,1,1,0,0,0,0,0,1,0,0,1,1,1,0,1,1,3,4,1,['Electrum' 'Circle' 'Blockchain' 'Coinbase'],Electrum,0,1,0,0,0,0,0,1,1,0,0,0,0,0,1,0,1,0,0
3316,Electrum,1,1,0,0,1,0,1,1,1,0,0,0,0,0,0,1,0,0,1,1,0,1,4,5,['Electrum' 'Blockchain' 'Coinbase' 'Circle'],Electrum,0,1,0,0,1,0,0,0,0,0,1,0,0,0,0,1,1,0,0
3317,Electrum,1,1,0,0,4,0,0,0,0,0,0,1,0,0,0,0,0,1,1,0,0,5,5,1,['Blockchain' 'Coinbase' 'Electrum' 'Circle'],Blockchain,1,0,0,0,0,0,1,0,0,1,0,0,0,0,0,1,1,0,1
3318,Coinbase,0,0,1,1,1,0,0,1,0,1,1,1,0,1,1,0,1,1,0,0,0,1,2,3,['Circle' 'Blockchain' 'Coinbase' 'Electrum'],Circle,0,0,0,1,1,0,0,0,0,0,1,0,0,1,0,0,0,1,1
3319,Coinbase,0,0,1,1,3,0,1,0,1,1,0,1,0,1,0,1,0,1,0,0,0,5,4,1,['Circle' 'Electrum' 'Blockchain' 'Coinbase'],Circle,0,0,0,1,0,1,0,0,1,0,0,0,0,0,1,0,0,1,1
3320,Circle,0,0,1,1,1,1,1,0,1,0,0,1,1,0,1,0,1,1,0,1,0,2,1,5,['Circle' 'Electrum' 'Coinbase' 'Blockchain'],Circle,0,0,0,1,0,1,0,0,0,0,1,0,1,0,0,0,0,1,1
3321,Circle,0,0,1,1,2,0,1,1,0,1,0,0,1,1,1,0,0,1,0,1,0,5,3,4,['Blockchain' 'Coinbase' 'Electrum' 'Circle'],Blockchain,1,0,0,0,0,0,1,0,0,1,0,0,0,0,0,1,1,0,1
3322,Electrum,1,1,0,0,1,1,1,1,0,0,1,0,1,1,0,0,0,1,1,0,0,4,1,4,['Blockchain' 'Coinbase' 'Electrum' 'Circle'],Blockchain,1,0,0,0,0,0,1,0,0,1,0,0,0,0,0,1,1,0,1
3323,Circle,0,0,1,1,4,1,0,1,0,1,0,1,1,0,1,1,0,1,1,1,0,1,3,1,['Circle' 'Electrum' 'Blockchain' 'Coinbase'],Circle,0,0,0,1,0,1,0,0,1,0,0,0,0,0,1,0,0,1,1
3324,Electrum,1,1,0,0,2,0,1,0,1,1,1,0,1,1,0,0,0,0,1,1,1,1,5,4,['Electrum' 'Circle' 'Coinbase' 'Blockchain'],Electrum,0,1,0,0,0,0,0,1,0,0,1,0,1,0,0,0,1,0,0
3325,Electrum,1,1,0,0,2,0,0,0,1,0,0,1,0,1,0,1,1,0,0,0,1,3,5,4,['Blockchain' 'Coinbase' 'Circle' 'Electrum'],Blockchain,1,0,0,0,0,0,1,0,0,0,0,1,0,1,0,0,1,0,1
3326,Blockchain,1,0,0,0,2,0,0,0,1,1,0,0,0,0,0,0,1,0,0,1,1,4,4,1,['Circle' 'Electrum' 'Blockchain' 'Coinbase'],Circle,0,0,0,1,0,1,0,0,1,0,0,0,0,0,1,0,0,1,1
3327,Blockchain,1,0,0,0,3,1,0,0,0,1,0,1,1,1,0,1,0,1,0,0,0,2,4,1,['Coinbase' 'Circle' 'Electrum' 'Blockchain'],Coinbase,0,0,1,0,0,0,0,1,0,1,0,0,1,0,0,0,0,1,1
3328,Circle,0,0,1,1,4,1,1,0,0,1,0,0,1,0,0,1,1,1,1,1,0,4,5,2,['Coinbase' 'Circle' 'Blockchain' 'Electrum'],Coinbase,0,0,1,0,0,0,0,1,1,0,0,0,0,1,0,0,0,1,1
3329,Electrum,1,1,0,0,4,0,0,1,0,0,1,0,1,0,1,1,1,0,0,0,1,1,1,2,['Coinbase' 'Electrum' 'Circle' 'Blockchain'],Coinbase,0,0,1,0,0,1,0,0,0,0,0,1,1,0,0,0,0,1,1
3330,Circle,0,0,1,1,4,1,1,1,0,0,0,1,1,0,1,1,1,0,1,1,1,2,1,5,['Circle' 'Electrum' 'Coinbase' 'Blockchain'],Circle,0,0,0,1,0,1,0,0,0,0,1,0,1,0,0,0,0,1,1
3331,Circle,0,0,1,1,1,1,1,1,1,0,0,1,0,0,0,0,1,1,1,1,1,3,1,1,['Blockchain' 'Electrum' 'Coinbase' 'Circle'],Blockchain,1,0,0,0,0,1,0,0,0,0,1,0,0,0,0,1,1,0,1
3332,Coinbase,0,0,1,1,4,1,0,0,1,0,0,0,1,1,0,0,1,1,0,1,0,2,1,3,['Circle' 'Blockchain' 'Electrum' 'Coinbase'],Circle,0,0,0,1,1,0,0,0,0,1,0,0,0,0,1,0,0,1,1
3333,Blockchain,1,0,0,0,4,0,0,1,1,0,0,0,1,1,0,1,0,0,1,1,0,1,5,3,['Electrum' 'Coinbase' 'Circle' 'Blockchain'],Electrum,0,1,0,0,0,0,1,0,0,0,0,1,1,0,0,0,1,0,0
3334,Coinbase,0,0,1,1,1,1,0,1,0,1,0,1,0,0,0,0,0,0,0,1,1,3,1,1,['Circle' 'Coinbase' 'Electrum' 'Blockchain'],Circle,0,0,0,1,0,0,1,0,0,1,0,0,1,0,0,0,0,1,1
3335,Electrum,1,1,0,0,4,0,0,1,1,0,1,1,1,1,0,0,0,1,1,0,0,3,4,1,['Coinbase' 'Circle' 'Blockchain' 'Electrum'],Coinbase,0,0,1,0,0,0,0,1,1,0,0,0,0,1,0,0,0,1,1
3336,Circle,0,0,1,1,1,1,0,1,1,0,1,0,0,0,0,0,0,1,0,0,1,5,5,3,['Circle' 'Coinbase' 'Electrum' 'Blockchain'],Circle,0,0,0,1,0,0,1,0,0,1,0,0,1,0,0,0,0,1,1
3337,Blockchain,1,0,0,0,4,0,1,0,1,1,0,1,1,0,0,1,1,1,1,0,1,2,1,2,['Blockchain' 'Coinbase' 'Circle' 'Electrum'],Blockchain,1,0,0,0,0,0,1,0,0,0,0,1,0,1,0,0,1,0,1
3338,Blockchain,1,0,0,0,4,0,0,0,0,1,1,1,1,1,0,0,1,1,0,0,0,5,2,2,['Electrum' 'Circle' 'Coinbase' 'Blockchain'],Electrum,0,1,0,0,0,0,0,1,0,0,1,0,1,0,0,0,1,0,0
3339,Circle,0,0,1,1,2,1,0,0,0,1,0,0,1,0,0,1,1,1,0,0,1,4,3,2,['Circle' 'Coinbase' 'Blockchain' 'Electrum'],Circle,0,0,0,1,0,0,1,0,1,0,0,0,0,1,0,0,0,1,1
3340,Electrum,1,1,0,0,3,0,0,1,0,0,0,0,0,1,1,0,1,0,0,0,0,2,5,4,['Coinbase' 'Circle' 'Electrum' 'Blockchain'],Coinbase,0,0,1,0,0,0,0,1,0,1,0,0,1,0,0,0,0,1,1
3341,Circle,0,0,1,1,3,1,0,0,0,0,1,0,0,1,1,1,0,0,1,0,0,2,2,4,['Blockchain' 'Circle' 'Electrum' 'Coinbase'],Blockchain,1,0,0,0,0,0,0,1,0,1,0,0,0,0,1,0,1,0,1
3342,Coinbase,0,0,1,1,3,1,0,1,0,0,1,0,1,1,1,1,1,0,1,1,0,2,1,2,['Electrum' 'Coinbase' 'Circle' 'Blockchain'],Electrum,0,1,0,0,0,0,1,0,0,0,0,1,1,0,0,0,1,0,0
3343,Circle,0,0,1,1,1,1,1,1,0,0,1,1,1,0,1,1,0,0,0,0,0,4,5,1,['Circle' 'Coinbase' 'Electrum' 'Blockchain'],Circle,0,0,0,1,0,0,1,0,0,1,0,0,1,0,0,0,0,1,1
3344,Coinbase,0,0,1,1,1,1,1,1,0,1,0,0,1,0,1,0,0,0,0,0,1,3,1,4,['Circle' 'Blockchain' 'Coinbase' 'Electrum'],Circle,0,0,0,1,1,0,0,0,0,0,1,0,0,1,0,0,0,1,1
3345,Electrum,1,1,0,0,1,0,0,1,1,1,1,1,1,0,0,1,0,0,0,1,0,2,3,1,['Electrum' 'Circle' 'Blockchain' 'Coinbase'],Electrum,0,1,0,0,0,0,0,1,1,0,0,0,0,0,1,0,1,0,0
3346,Circle,0,0,1,1,3,0,0,1,1,1,1,1,1,0,1,0,1,0,0,0,1,2,1,5,['Circle' 'Coinbase' 'Blockchain' 'Electrum'],Circle,0,0,0,1,0,0,1,0,1,0,0,0,0,1,0,0,0,1,1
3347,Circle,0,0,1,1,2,1,0,1,0,1,0,1,1,0,1,0,1,1,0,0,1,5,2,1,['Blockchain' 'Circle' 'Electrum' 'Coinbase'],Blockchain,1,0,0,0,0,0,0,1,0,1,0,0,0,0,1,0,1,0,1
3348,Circle,0,0,1,1,1,0,0,1,0,0,0,0,1,1,1,0,0,1,0,1,1,2,3,1,['Coinbase' 'Electrum' 'Circle' 'Blockchain'],Coinbase,0,0,1,0,0,1,0,0,0,0,0,1,1,0,0,0,0,1,1
3349,Circle,0,0,1,1,4,1,0,1,0,0,0,1,1,0,1,1,0,1,0,1,1,1,2,1,['Circle' 'Blockchain' 'Electrum' 'Coinbase'],Circle,0,0,0,1,1,0,0,0,0,1,0,0,0,0,1,0,0,1,1
3350,Circle,0,0,1,1,1,0,1,0,1,1,0,1,0,0,1,0,1,1,0,0,1,4,3,3,['Circle' 'Blockchain' 'Coinbase' 'Electrum'],Circle,0,0,0,1,1,0,0,0,0,0,1,0,0,1,0,0,0,1,1
3351,Coinbase,0,0,1,1,3,0,1,0,0,0,0,0,0,0,1,1,0,1,0,1,0,4,5,2,['Blockchain' 'Circle' 'Electrum' 'Coinbase'],Blockchain,1,0,0,0,0,0,0,1,0,1,0,0,0,0,1,0,1,0,1
3352,Electrum,1,1,0,0,1,0,0,0,1,0,0,1,1,1,0,1,1,1,1,0,0,3,3,4,['Electrum' 'Coinbase' 'Blockchain' 'Circle'],Electrum,0,1,0,0,0,0,1,0,1,0,0,0,0,0,0,1,1,0,0
3353,Coinbase,0,0,1,1,1,1,1,1,1,1,1,0,0,1,0,0,0,1,1,1,1,3,1,1,['Circle' 'Blockchain' 'Coinbase' 'Electrum'],Circle,0,0,0,1,1,0,0,0,0,0,1,0,0,1,0,0,0,1,1
3354,Blockchain,1,0,0,0,1,1,1,1,0,1,0,1,0,1,1,1,1,1,1,0,1,4,2,5,['Blockchain' 'Electrum' 'Coinbase' 'Circle'],Blockchain,1,0,0,0,0,1,0,0,0,0,1,0,0,0,0,1,1,0,1
3355,Blockchain,1,0,0,0,3,0,1,1,1,0,1,0,1,1,1,1,0,1,1,1,0,1,4,5,['Circle' 'Coinbase' 'Electrum' 'Blockchain'],Circle,0,0,0,1,0,0,1,0,0,1,0,0,1,0,0,0,0,1,1
3356,Coinbase,0,0,1,1,3,0,0,0,1,1,0,1,0,0,1,1,1,1,1,1,1,4,1,2,['Blockchain' 'Electrum' 'Coinbase' 'Circle'],Blockchain,1,0,0,0,0,1,0,0,0,0,1,0,0,0,0,1,1,0,1
3357,Blockchain,1,0,0,0,4,0,1,1,1,1,1,0,1,0,0,0,1,0,1,0,0,1,3,2,['Coinbase' 'Circle' 'Electrum' 'Blockchain'],Coinbase,0,0,1,0,0,0,0,1,0,1,0,0,1,0,0,0,0,1,1
3358,Electrum,1,1,0,0,3,0,1,1,0,0,0,0,0,0,0,1,1,1,0,1,1,3,3,1,['Blockchain' 'Coinbase' 'Electrum' 'Circle'],Blockchain,1,0,0,0,0,0,1,0,0,1,0,0,0,0,0,1,1,0,1
3359,Blockchain,1,0,0,0,4,1,0,0,1,1,1,1,1,1,0,0,0,0,0,0,0,2,5,4,['Electrum' 'Blockchain' 'Circle' 'Coinbase'],Electrum,0,1,0,0,1,0,0,0,0,0,0,1,0,0,1,0,1,0,0
3360,Circle,0,0,1,1,4,0,1,1,1,1,0,0,1,0,1,1,1,1,1,1,1,4,3,5,['Circle' 'Blockchain' 'Coinbase' 'Electrum'],Circle,0,0,0,1,1,0,0,0,0,0,1,0,0,1,0,0,0,1,1
3361,Circle,0,0,1,1,4,1,0,0,1,1,1,1,0,1,1,0,0,1,0,1,0,3,1,3,['Coinbase' 'Electrum' 'Circle' 'Blockchain'],Coinbase,0,0,1,0,0,1,0,0,0,0,0,1,1,0,0,0,0,1,1
3362,Electrum,1,1,0,0,4,0,0,1,0,1,1,1,1,1,1,1,0,1,1,1,1,4,4,1,['Electrum' 'Blockchain' 'Circle' 'Coinbase'],Electrum,0,1,0,0,1,0,0,0,0,0,0,1,0,0,1,0,1,0,0
3363,Electrum,1,1,0,0,1,0,1,0,1,0,1,1,0,1,1,0,1,1,0,1,0,4,1,4,['Electrum' 'Blockchain' 'Coinbase' 'Circle'],Electrum,0,1,0,0,1,0,0,0,0,0,1,0,0,0,0,1,1,0,0
3364,Coinbase,0,0,1,1,2,0,1,1,0,0,0,1,1,1,0,1,0,0,0,0,0,3,1,2,['Electrum' 'Circle' 'Coinbase' 'Blockchain'],Electrum,0,1,0,0,0,0,0,1,0,0,1,0,1,0,0,0,1,0,0
3365,Coinbase,0,0,1,1,1,1,1,1,0,0,0,1,1,0,1,0,0,1,0,1,1,2,4,5,['Electrum' 'Coinbase' 'Circle' 'Blockchain'],Electrum,0,1,0,0,0,0,1,0,0,0,0,1,1,0,0,0,1,0,0
3366,Electrum,1,1,0,0,4,0,1,1,0,0,0,1,1,0,0,0,1,0,0,0,0,5,4,1,['Coinbase' 'Blockchain' 'Circle' 'Electrum'],Coinbase,0,0,1,0,1,0,0,0,0,0,0,1,0,1,0,0,0,1,1
3367,Electrum,1,1,0,0,4,1,0,0,1,0,0,1,1,1,1,1,1,1,0,1,1,2,3,2,['Blockchain' 'Electrum' 'Circle' 'Coinbase'],Blockchain,1,0,0,0,0,1,0,0,0,0,0,1,0,0,1,0,1,0,1
3368,Coinbase,0,0,1,1,3,0,0,1,0,0,0,1,0,1,1,0,0,0,1,0,0,3,1,2,['Coinbase' 'Circle' 'Electrum' 'Blockchain'],Coinbase,0,0,1,0,0,0,0,1,0,1,0,0,1,0,0,0,0,1,1
3369,Blockchain,1,0,0,0,3,1,1,0,1,1,0,0,0,0,1,1,1,0,0,0,0,2,5,2,['Circle' 'Electrum' 'Blockchain' 'Coinbase'],Circle,0,0,0,1,0,1,0,0,1,0,0,0,0,0,1,0,0,1,1
3370,Coinbase,0,0,1,1,1,0,1,1,1,0,1,1,0,1,0,1,1,1,1,1,0,5,3,5,['Blockchain' 'Circle' 'Electrum' 'Coinbase'],Blockchain,1,0,0,0,0,0,0,1,0,1,0,0,0,0,1,0,1,0,1
3371,Blockchain,1,0,0,0,2,1,0,1,0,1,1,1,1,1,0,1,1,0,0,0,1,5,1,3,['Blockchain' 'Electrum' 'Circle' 'Coinbase'],Blockchain,1,0,0,0,0,1,0,0,0,0,0,1,0,0,1,0,1,0,1
3372,Blockchain,1,0,0,0,3,1,1,1,1,0,0,0,0,0,0,0,0,0,1,0,1,1,5,3,['Coinbase' 'Blockchain' 'Circle' 'Electrum'],Coinbase,0,0,1,0,1,0,0,0,0,0,0,1,0,1,0,0,0,1,1
3373,Electrum,1,1,0,0,3,0,0,1,1,0,1,0,0,1,0,1,1,1,1,0,1,3,5,4,['Coinbase' 'Blockchain' 'Electrum' 'Circle'],Coinbase,0,0,1,0,1,0,0,0,0,1,0,0,0,0,0,1,0,1,1
3374,Circle,0,0,1,1,2,0,1,0,1,1,0,1,0,1,0,0,1,1,0,0,0,5,1,5,['Coinbase' 'Blockchain' 'Electrum' 'Circle'],Coinbase,0,0,1,0,1,0,0,0,0,1,0,0,0,0,0,1,0,1,1
3375,Blockchain,1,0,0,0,3,1,1,1,1,1,1,1,1,0,1,0,1,0,0,0,1,4,4,2,['Blockchain' 'Coinbase' 'Electrum' 'Circle'],Blockchain,1,0,0,0,0,0,1,0,0,1,0,0,0,0,0,1,1,0,1
3376,Circle,0,0,1,1,4,1,1,1,1,0,1,0,0,0,1,1,1,1,1,0,0,4,3,3,['Coinbase' 'Electrum' 'Circle' 'Blockchain'],Coinbase,0,0,1,0,0,1,0,0,0,0,0,1,1,0,0,0,0,1,1
3377,Electrum,1,1,0,0,3,0,1,1,1,1,0,1,0,1,0,1,0,1,1,1,1,2,5,3,['Electrum' 'Blockchain' 'Circle' 'Coinbase'],Electrum,0,1,0,0,1,0,0,0,0,0,0,1,0,0,1,0,1,0,0
3378,Electrum,1,1,0,0,4,0,1,0,1,1,1,1,0,1,0,1,1,1,1,0,0,5,2,5,['Circle' 'Blockchain' 'Coinbase' 'Electrum'],Circle,0,0,0,1,1,0,0,0,0,0,1,0,0,1,0,0,0,1,1
3379,Blockchain,1,0,0,0,1,0,1,0,0,0,1,0,0,1,0,1,0,1,1,0,0,3,2,4,['Electrum' 'Blockchain' 'Circle' 'Coinbase'],Electrum,0,1,0,0,1,0,0,0,0,0,0,1,0,0,1,0,1,0,0
3380,Blockchain,1,0,0,0,1,1,0,0,1,1,0,0,0,0,1,1,0,0,1,1,0,2,4,4,['Blockchain' 'Electrum' 'Circle' 'Coinbase'],Blockchain,1,0,0,0,0,1,0,0,0,0,0,1,0,0,1,0,1,0,1
3381,Coinbase,0,0,1,1,2,1,0,1,0,0,0,1,0,0,0,1,1,1,1,0,1,5,2,1,['Blockchain' 'Electrum' 'Coinbase' 'Circle'],Blockchain,1,0,0,0,0,1,0,0,0,0,1,0,0,0,0,1,1,0,1
3382,Coinbase,0,0,1,1,3,1,0,1,1,0,0,1,1,0,1,1,0,1,0,1,1,5,4,5,['Blockchain' 'Electrum' 'Circle' 'Coinbase'],Blockchain,1,0,0,0,0,1,0,0,0,0,0,1,0,0,1,0,1,0,1
3383,Circle,0,0,1,1,1,1,1,1,0,0,1,0,0,1,0,0,0,1,1,0,1,4,3,3,['Coinbase' 'Circle' 'Electrum' 'Blockchain'],Coinbase,0,0,1,0,0,0,0,1,0,1,0,0,1,0,0,0,0,1,1
3384,Electrum,1,1,0,0,4,1,0,1,1,1,0,1,0,0,0,1,1,1,0,1,1,4,1,1,['Coinbase' 'Blockchain' 'Circle' 'Electrum'],Coinbase,0,0,1,0,1,0,0,0,0,0,0,1,0,1,0,0,0,1,1
3385,Electrum,1,1,0,0,1,0,1,0,0,0,0,1,1,0,1,1,1,0,0,0,0,3,5,5,['Electrum' 'Circle' 'Coinbase' 'Blockchain'],Electrum,0,1,0,0,0,0,0,1,0,0,1,0,1,0,0,0,1,0,0
3386,Circle,0,0,1,1,3,1,1,0,1,1,1,1,1,0,1,1,0,0,0,1,0,3,5,3,['Electrum' 'Circle' 'Blockchain' 'Coinbase'],Electrum,0,1,0,0,0,0,0,1,1,0,0,0,0,0,1,0,1,0,0
3387,Coinbase,0,0,1,1,1,1,0,1,1,1,0,1,1,0,0,0,0,1,1,0,0,4,5,5,['Circle' 'Electrum' 'Blockchain' 'Coinbase'],Circle,0,0,0,1,0,1,0,0,1,0,0,0,0,0,1,0,0,1,1
3388,Electrum,1,1,0,0,2,1,0,0,1,1,1,0,1,1,1,0,0,0,0,0,0,1,1,1,['Coinbase' 'Circle' 'Electrum' 'Blockchain'],Coinbase,0,0,1,0,0,0,0,1,0,1,0,0,1,0,0,0,0,1,1
3389,Circle,0,0,1,1,2,1,1,1,0,0,0,1,1,1,1,1,1,0,1,0,0,2,3,1,['Coinbase' 'Circle' 'Blockchain' 'Electrum'],Coinbase,0,0,1,0,0,0,0,1,1,0,0,0,0,1,0,0,0,1,1
3390,Blockchain,1,0,0,0,3,1,0,0,0,1,0,0,1,1,1,0,1,0,1,0,0,2,2,2,['Blockchain' 'Electrum' 'Circle' 'Coinbase'],Blockchain,1,0,0,0,0,1,0,0,0,0,0,1,0,0,1,0,1,0,1
3391,Electrum,1,1,0,0,3,1,1,1,0,1,0,0,1,0,1,0,0,1,1,0,1,5,1,3,['Blockchain' 'Coinbase' 'Electrum' 'Circle'],Blockchain,1,0,0,0,0,0,1,0,0,1,0,0,0,0,0,1,1,0,1
3392,Electrum,1,1,0,0,3,1,0,0,1,0,0,1,1,1,1,0,0,1,1,1,1,3,5,1,['Coinbase' 'Blockchain' 'Circle' 'Electrum'],Coinbase,0,0,1,0,1,0,0,0,0,0,0,1,0,1,0,0,0,1,1
3393,Blockchain,1,0,0,0,4,0,0,0,1,0,0,1,0,1,1,1,0,0,1,1,1,5,4,4,['Circle' 'Coinbase' 'Electrum' 'Blockchain'],Circle,0,0,0,1,0,0,1,0,0,1,0,0,1,0,0,0,0,1,1
3394,Circle,0,0,1,1,1,0,1,0,0,0,0,1,1,1,1,0,0,1,0,0,0,1,1,2,['Coinbase' 'Blockchain' 'Circle' 'Electrum'],Coinbase,0,0,1,0,1,0,0,0,0,0,0,1,0,1,0,0,0,1,1
3395,Blockchain,1,0,0,0,1,0,1,1,1,1,1,0,1,1,1,0,1,0,1,0,1,2,3,4,['Blockchain' 'Circle' 'Coinbase' 'Electrum'],Blockchain,1,0,0,0,0,0,0,1,0,0,1,0,0,1,0,0,1,0,1
3396,Coinbase,0,0,1,1,3,1,0,0,0,1,1,0,1,0,0,0,0,1,0,0,0,1,2,1,['Blockchain' 'Coinbase' 'Circle' 'Electrum'],Blockchain,1,0,0,0,0,0,1,0,0,0,0,1,0,1,0,0,1,0,1
3397,Coinbase,0,0,1,1,2,1,1,0,1,1,1,1,0,0,0,1,1,1,0,1,1,2,3,3,['Circle' 'Electrum' 'Coinbase' 'Blockchain'],Circle,0,0,0,1,0,1,0,0,0,0,1,0,1,0,0,0,0,1,1
3398,Electrum,1,1,0,0,4,1,0,1,1,0,0,1,1,0,1,1,0,0,1,1,1,5,2,3,['Coinbase' 'Blockchain' 'Electrum' 'Circle'],Coinbase,0,0,1,0,1,0,0,0,0,1,0,0,0,0,0,1,0,1,1
3399,Coinbase,0,0,1,1,4,0,1,1,0,0,0,0,0,0,1,0,0,1,0,1,1,4,2,4,['Coinbase' 'Circle' 'Electrum' 'Blockchain'],Coinbase,0,0,1,0,0,0,0,1,0,1,0,0,1,0,0,0,0,1,1
3400,Circle,0,0,1,1,3,0,0,0,1,0,0,1,1,0,0,0,1,1,0,0,0,1,5,4,['Blockchain' 'Electrum' 'Coinbase' 'Circle'],Blockchain,1,0,0,0,0,1,0,0,0,0,1,0,0,0,0,1,1,0,1
3401,Circle,0,0,1,1,3,1,0,0,1,0,0,1,1,1,1,0,0,1,0,0,0,1,4,1,['Circle' 'Blockchain' 'Coinbase' 'Electrum'],Circle,0,0,0,1,1,0,0,0,0,0,1,0,0,1,0,0,0,1,1
3402,Blockchain,1,0,0,0,3,0,0,1,1,1,1,1,0,0,0,1,1,0,0,1,0,2,3,4,['Blockchain' 'Electrum' 'Coinbase' 'Circle'],Blockchain,1,0,0,0,0,1,0,0,0,0,1,0,0,0,0,1,1,0,1
3403,Blockchain,1,0,0,0,4,0,0,0,0,0,0,0,0,1,1,1,1,1,1,0,1,2,2,5,['Blockchain' 'Circle' 'Electrum' 'Coinbase'],Blockchain,1,0,0,0,0,0,0,1,0,1,0,0,0,0,1,0,1,0,1
3404,Blockchain,1,0,0,0,2,1,1,1,0,1,0,0,1,1,0,1,0,1,1,0,1,1,4,2,['Coinbase' 'Electrum' 'Circle' 'Blockchain'],Coinbase,0,0,1,0,0,1,0,0,0,0,0,1,1,0,0,0,0,1,1
3405,Electrum,1,1,0,0,3,0,0,0,1,1,0,0,1,0,0,1,0,1,0,0,0,1,4,2,['Electrum' 'Coinbase' 'Circle' 'Blockchain'],Electrum,0,1,0,0,0,0,1,0,0,0,0,1,1,0,0,0,1,0,0
3406,Electrum,1,1,0,0,2,1,1,1,0,1,0,0,1,1,1,1,1,0,1,1,0,1,5,5,['Coinbase' 'Electrum' 'Blockchain' 'Circle'],Coinbase,0,0,1,0,0,1,0,0,1,0,0,0,0,0,0,1,0,1,1
3407,Coinbase,0,0,1,1,1,1,0,1,0,1,0,0,1,0,1,0,1,1,0,1,1,3,1,3,['Electrum' 'Circle' 'Coinbase' 'Blockchain'],Electrum,0,1,0,0,0,0,0,1,0,0,1,0,1,0,0,0,1,0,0
3408,Circle,0,0,1,1,4,1,1,0,0,0,0,0,0,1,0,0,1,1,1,0,0,1,5,3,['Coinbase' 'Blockchain' 'Circle' 'Electrum'],Coinbase,0,0,1,0,1,0,0,0,0,0,0,1,0,1,0,0,0,1,1
3409,Blockchain,1,0,0,0,1,0,0,1,0,0,0,0,0,0,1,1,1,1,1,0,0,1,1,3,['Coinbase' 'Circle' 'Electrum' 'Blockchain'],Coinbase,0,0,1,0,0,0,0,1,0,1,0,0,1,0,0,0,0,1,1
3410,Circle,0,0,1,1,4,1,1,0,0,0,0,1,0,0,1,0,0,1,1,1,1,5,5,1,['Blockchain' 'Circle' 'Coinbase' 'Electrum'],Blockchain,1,0,0,0,0,0,0,1,0,0,1,0,0,1,0,0,1,0,1
3411,Circle,0,0,1,1,1,0,1,1,1,0,0,1,1,0,0,0,0,0,0,0,0,4,1,1,['Blockchain' 'Coinbase' 'Electrum' 'Circle'],Blockchain,1,0,0,0,0,0,1,0,0,1,0,0,0,0,0,1,1,0,1
3412,Electrum,1,1,0,0,3,0,1,0,1,0,1,1,1,1,1,1,1,1,0,0,0,3,3,3,['Circle' 'Blockchain' 'Coinbase' 'Electrum'],Circle,0,0,0,1,1,0,0,0,0,0,1,0,0,1,0,0,0,1,1
3413,Blockchain,1,0,0,0,1,1,1,0,1,0,1,1,1,1,1,1,1,0,1,0,1,4,5,4,['Blockchain' 'Electrum' 'Circle' 'Coinbase'],Blockchain,1,0,0,0,0,1,0,0,0,0,0,1,0,0,1,0,1,0,1
3414,Coinbase,0,0,1,1,4,0,1,0,0,1,0,1,0,0,1,1,0,1,1,1,1,2,5,1,['Electrum' 'Circle' 'Coinbase' 'Blockchain'],Electrum,0,1,0,0,0,0,0,1,0,0,1,0,1,0,0,0,1,0,0
3415,Blockchain,1,0,0,0,4,1,0,1,0,1,0,0,1,0,1,1,0,1,0,1,1,3,2,2,['Circle' 'Blockchain' 'Electrum' 'Coinbase'],Circle,0,0,0,1,1,0,0,0,0,1,0,0,0,0,1,0,0,1,1
3416,Electrum,1,1,0,0,4,0,0,1,1,0,1,0,0,1,0,0,0,0,0,1,1,3,4,5,['Circle' 'Blockchain' 'Coinbase' 'Electrum'],Circle,0,0,0,1,1,0,0,0,0,0,1,0,0,1,0,0,0,1,1
3417,Electrum,1,1,0,0,3,1,1,1,1,1,0,0,0,0,1,0,0,0,1,1,0,5,5,4,['Coinbase' 'Blockchain' 'Electrum' 'Circle'],Coinbase,0,0,1,0,1,0,0,0,0,1,0,0,0,0,0,1,0,1,1
3418,Coinbase,0,0,1,1,3,1,1,1,1,0,0,1,0,0,0,1,1,1,0,1,0,4,1,3,['Coinbase' 'Electrum' 'Circle' 'Blockchain'],Coinbase,0,0,1,0,0,1,0,0,0,0,0,1,1,0,0,0,0,1,1
3419,Electrum,1,1,0,0,1,1,0,1,1,1,0,0,0,0,0,0,1,0,1,1,0,2,4,3,['Coinbase' 'Electrum' 'Blockchain' 'Circle'],Coinbase,0,0,1,0,0,1,0,0,1,0,0,0,0,0,0,1,0,1,1
3420,Coinbase,0,0,1,1,3,1,0,1,0,0,1,0,1,0,0,0,1,0,1,1,0,3,5,5,['Circle' 'Blockchain' 'Electrum' 'Coinbase'],Circle,0,0,0,1,1,0,0,0,0,1,0,0,0,0,1,0,0,1,1
3421,Circle,0,0,1,1,4,0,1,1,1,0,1,0,0,1,0,1,0,0,0,0,0,5,3,1,['Electrum' 'Coinbase' 'Blockchain' 'Circle'],Electrum,0,1,0,0,0,0,1,0,1,0,0,0,0,0,0,1,1,0,0
3422,Blockchain,1,0,0,0,3,0,1,1,0,1,1,1,1,1,1,0,0,1,0,1,0,2,5,2,['Electrum' 'Coinbase' 'Circle' 'Blockchain'],Electrum,0,1,0,0,0,0,1,0,0,0,0,1,1,0,0,0,1,0,0
3423,Coinbase,0,0,1,1,2,0,0,1,1,0,0,1,1,0,0,1,1,0,0,0,1,2,3,2,['Coinbase' 'Electrum' 'Circle' 'Blockchain'],Coinbase,0,0,1,0,0,1,0,0,0,0,0,1,1,0,0,0,0,1,1
3424,Blockchain,1,0,0,0,4,1,1,0,1,1,1,1,0,1,0,1,0,1,1,0,1,5,3,4,['Blockchain' 'Circle' 'Coinbase' 'Electrum'],Blockchain,1,0,0,0,0,0,0,1,0,0,1,0,0,1,0,0,1,0,1
3425,Circle,0,0,1,1,2,1,1,0,0,0,0,0,1,0,1,1,0,0,0,1,1,3,4,2,['Coinbase' 'Circle' 'Blockchain' 'Electrum'],Coinbase,0,0,1,0,0,0,0,1,1,0,0,0,0,1,0,0,0,1,1
3426,Coinbase,0,0,1,1,1,1,0,0,0,1,0,0,0,0,1,0,1,0,0,1,1,4,5,5,['Electrum' 'Blockchain' 'Coinbase' 'Circle'],Electrum,0,1,0,0,1,0,0,0,0,0,1,0,0,0,0,1,1,0,0
3427,Coinbase,0,0,1,1,1,0,1,1,0,1,0,1,0,0,1,1,0,0,1,1,1,5,5,5,['Blockchain' 'Circle' 'Electrum' 'Coinbase'],Blockchain,1,0,0,0,0,0,0,1,0,1,0,0,0,0,1,0,1,0,1
3428,Electrum,1,1,0,0,3,1,0,1,0,1,1,1,1,1,1,1,1,1,0,0,0,5,4,1,['Coinbase' 'Circle' 'Electrum' 'Blockchain'],Coinbase,0,0,1,0,0,0,0,1,0,1,0,0,1,0,0,0,0,1,1
3429,Coinbase,0,0,1,1,3,1,1,0,1,1,0,1,1,0,1,1,0,1,0,0,1,3,4,1,['Coinbase' 'Electrum' 'Circle' 'Blockchain'],Coinbase,0,0,1,0,0,1,0,0,0,0,0,1,1,0,0,0,0,1,1
3430,Electrum,1,1,0,0,4,0,0,1,1,1,0,0,1,0,1,0,1,1,0,1,1,3,2,5,['Electrum' 'Coinbase' 'Circle' 'Blockchain'],Electrum,0,1,0,0,0,0,1,0,0,0,0,1,1,0,0,0,1,0,0
3431,Circle,0,0,1,1,1,1,1,0,1,0,1,1,1,1,1,1,0,1,1,0,0,2,2,4,['Circle' 'Blockchain' 'Coinbase' 'Electrum'],Circle,0,0,0,1,1,0,0,0,0,0,1,0,0,1,0,0,0,1,1
3432,Coinbase,0,0,1,1,4,1,1,0,1,0,0,0,1,0,0,0,1,1,0,1,1,2,5,4,['Electrum' 'Circle' 'Blockchain' 'Coinbase'],Electrum,0,1,0,0,0,0,0,1,1,0,0,0,0,0,1,0,1,0,0
3433,Circle,0,0,1,1,4,0,1,0,0,1,1,1,0,0,0,1,1,1,0,1,1,2,1,3,['Coinbase' 'Circle' 'Electrum' 'Blockchain'],Coinbase,0,0,1,0,0,0,0,1,0,1,0,0,1,0,0,0,0,1,1
3434,Electrum,1,1,0,0,1,1,1,1,0,1,0,1,1,0,0,1,0,1,0,0,1,1,4,5,['Circle' 'Blockchain' 'Coinbase' 'Electrum'],Circle,0,0,0,1,1,0,0,0,0,0,1,0,0,1,0,0,0,1,1
3435,Circle,0,0,1,1,4,1,1,0,0,1,1,0,0,1,0,0,1,1,1,1,0,2,5,2,['Blockchain' 'Circle' 'Coinbase' 'Electrum'],Blockchain,1,0,0,0,0,0,0,1,0,0,1,0,0,1,0,0,1,0,1
3436,Electrum,1,1,0,0,4,1,0,1,0,0,1,0,0,0,1,0,0,1,1,1,0,5,5,1,['Blockchain' 'Coinbase' 'Circle' 'Electrum'],Blockchain,1,0,0,0,0,0,1,0,0,0,0,1,0,1,0,0,1,0,1
3437,Circle,0,0,1,1,2,1,1,0,1,0,1,0,0,1,0,1,0,0,0,0,0,2,4,5,['Electrum' 'Coinbase' 'Blockchain' 'Circle'],Electrum,0,1,0,0,0,0,1,0,1,0,0,0,0,0,0,1,1,0,0
3438,Circle,0,0,1,1,4,0,0,1,1,1,0,1,0,0,0,1,0,0,0,0,0,5,4,1,['Blockchain' 'Coinbase' 'Electrum' 'Circle'],Blockchain,1,0,0,0,0,0,1,0,0,1,0,0,0,0,0,1,1,0,1
3439,Electrum,1,1,0,0,1,0,1,0,0,0,0,0,0,0,0,1,0,0,0,1,1,1,2,2,['Circle' 'Blockchain' 'Electrum' 'Coinbase'],Circle,0,0,0,1,1,0,0,0,0,1,0,0,0,0,1,0,0,1,1
3440,Coinbase,0,0,1,1,4,0,1,1,0,1,1,0,1,0,1,1,1,0,1,1,0,2,4,3,['Blockchain' 'Circle' 'Electrum' 'Coinbase'],Blockchain,1,0,0,0,0,0,0,1,0,1,0,0,0,0,1,0,1,0,1
3441,Electrum,1,1,0,0,4,1,1,0,0,0,1,0,0,1,0,0,0,0,0,1,1,5,5,1,['Coinbase' 'Electrum' 'Blockchain' 'Circle'],Coinbase,0,0,1,0,0,1,0,0,1,0,0,0,0,0,0,1,0,1,1
3442,Coinbase,0,0,1,1,2,1,1,1,0,1,1,1,1,0,0,1,1,1,1,0,0,1,5,3,['Electrum' 'Blockchain' 'Circle' 'Coinbase'],Electrum,0,1,0,0,1,0,0,0,0,0,0,1,0,0,1,0,1,0,0
3443,Coinbase,0,0,1,1,2,1,1,1,1,1,1,0,1,1,0,1,0,1,1,1,1,5,4,4,['Coinbase' 'Blockchain' 'Electrum' 'Circle'],Coinbase,0,0,1,0,1,0,0,0,0,1,0,0,0,0,0,1,0,1,1
3444,Electrum,1,1,0,0,1,1,0,1,0,1,0,0,0,0,0,1,1,1,0,1,0,2,1,5,['Electrum' 'Circle' 'Coinbase' 'Blockchain'],Electrum,0,1,0,0,0,0,0,1,0,0,1,0,1,0,0,0,1,0,0
3445,Coinbase,0,0,1,1,3,0,1,0,1,1,1,1,1,0,1,0,1,1,0,1,1,3,4,5,['Coinbase' 'Circle' 'Blockchain' 'Electrum'],Coinbase,0,0,1,0,0,0,0,1,1,0,0,0,0,1,0,0,0,1,1
3446,Circle,0,0,1,1,4,0,1,0,0,0,0,1,0,1,0,0,0,0,0,0,0,1,1,2,['Blockchain' 'Circle' 'Coinbase' 'Electrum'],Blockchain,1,0,0,0,0,0,0,1,0,0,1,0,0,1,0,0,1,0,1
3447,Electrum,1,1,0,0,2,0,1,1,0,0,1,0,0,0,1,1,1,1,0,1,1,2,2,2,['Coinbase' 'Blockchain' 'Circle' 'Electrum'],Coinbase,0,0,1,0,1,0,0,0,0,0,0,1,0,1,0,0,0,1,1
3448,Coinbase,0,0,1,1,2,1,1,0,1,0,1,0,0,0,0,0,0,0,0,0,0,4,2,3,['Circle' 'Coinbase' 'Electrum' 'Blockchain'],Circle,0,0,0,1,0,0,1,0,0,1,0,0,1,0,0,0,0,1,1
3449,Blockchain,1,0,0,0,2,1,0,0,0,0,1,0,1,1,0,1,1,1,0,0,1,2,2,2,['Blockchain' 'Circle' 'Coinbase' 'Electrum'],Blockchain,1,0,0,0,0,0,0,1,0,0,1,0,0,1,0,0,1,0,1
3450,Circle,0,0,1,1,4,0,0,0,0,0,0,1,1,1,1,1,0,0,1,1,1,5,1,3,['Circle' 'Coinbase' 'Electrum' 'Blockchain'],Circle,0,0,0,1,0,0,1,0,0,1,0,0,1,0,0,0,0,1,1
3451,Circle,0,0,1,1,1,0,1,0,0,1,1,1,1,0,1,1,0,1,1,0,0,1,5,4,['Blockchain' 'Electrum' 'Coinbase' 'Circle'],Blockchain,1,0,0,0,0,1,0,0,0,0,1,0,0,0,0,1,1,0,1
3452,Blockchain,1,0,0,0,1,0,1,0,0,0,0,1,0,0,0,1,1,1,1,1,0,2,2,3,['Blockchain' 'Coinbase' 'Electrum' 'Circle'],Blockchain,1,0,0,0,0,0,1,0,0,1,0,0,0,0,0,1,1,0,1
3453,Electrum,1,1,0,0,4,1,0,0,0,1,0,1,0,1,0,0,0,1,0,0,1,2,2,1,['Electrum' 'Circle' 'Coinbase' 'Blockchain'],Electrum,0,1,0,0,0,0,0,1,0,0,1,0,1,0,0,0,1,0,0
3454,Electrum,1,1,0,0,4,0,1,0,0,1,1,1,1,1,0,1,0,0,0,0,1,2,4,4,['Circle' 'Electrum' 'Blockchain' 'Coinbase'],Circle,0,0,0,1,0,1,0,0,1,0,0,0,0,0,1,0,0,1,1
3455,Blockchain,1,0,0,0,1,0,1,1,1,0,1,0,1,0,0,0,0,0,1,1,1,5,3,2,['Blockchain' 'Circle' 'Electrum' 'Coinbase'],Blockchain,1,0,0,0,0,0,0,1,0,1,0,0,0,0,1,0,1,0,1
3456,Blockchain,1,0,0,0,1,1,1,0,1,0,1,1,0,1,1,1,0,1,0,0,1,3,3,5,['Circle' 'Electrum' 'Coinbase' 'Blockchain'],Circle,0,0,0,1,0,1,0,0,0,0,1,0,1,0,0,0,0,1,1
3457,Circle,0,0,1,1,3,1,0,1,0,0,0,0,0,0,0,1,0,1,0,1,0,3,3,2,['Electrum' 'Blockchain' 'Coinbase' 'Circle'],Electrum,0,1,0,0,1,0,0,0,0,0,1,0,0,0,0,1,1,0,0
3458,Electrum,1,1,0,0,4,0,0,0,1,1,0,1,0,0,0,0,0,0,1,1,0,1,1,5,['Electrum' 'Blockchain' 'Coinbase' 'Circle'],Electrum,0,1,0,0,1,0,0,0,0,0,1,0,0,0,0,1,1,0,0
3459,Blockchain,1,0,0,0,1,1,0,0,1,0,1,1,1,1,1,1,0,0,1,0,0,5,1,1,['Coinbase' 'Blockchain' 'Circle' 'Electrum'],Coinbase,0,0,1,0,1,0,0,0,0,0,0,1,0,1,0,0,0,1,1
3460,Coinbase,0,0,1,1,1,1,0,0,0,1,0,0,1,1,1,0,1,0,0,0,0,1,3,4,['Electrum' 'Coinbase' 'Blockchain' 'Circle'],Electrum,0,1,0,0,0,0,1,0,1,0,0,0,0,0,0,1,1,0,0
3461,Electrum,1,1,0,0,2,1,0,1,1,0,1,0,1,1,0,0,1,0,1,1,0,2,2,1,['Circle' 'Electrum' 'Blockchain' 'Coinbase'],Circle,0,0,0,1,0,1,0,0,1,0,0,0,0,0,1,0,0,1,1
3462,Electrum,1,1,0,0,2,1,1,0,0,1,0,0,1,0,1,0,1,1,1,0,1,1,2,4,['Electrum' 'Blockchain' 'Circle' 'Coinbase'],Electrum,0,1,0,0,1,0,0,0,0,0,0,1,0,0,1,0,1,0,0
3463,Electrum,1,1,0,0,1,1,1,0,0,1,0,0,1,1,0,0,1,1,0,0,0,1,5,5,['Circle' 'Coinbase' 'Electrum' 'Blockchain'],Circle,0,0,0,1,0,0,1,0,0,1,0,0,1,0,0,0,0,1,1
3464,Circle,0,0,1,1,1,1,0,1,1,0,1,0,0,0,0,1,1,1,1,0,1,4,2,2,['Circle' 'Coinbase' 'Blockchain' 'Electrum'],Circle,0,0,0,1,0,0,1,0,1,0,0,0,0,1,0,0,0,1,1
3465,Blockchain,1,0,0,0,3,0,0,1,1,1,1,0,1,0,1,0,1,0,0,0,0,3,5,5,['Coinbase' 'Electrum' 'Circle' 'Blockchain'],Coinbase,0,0,1,0,0,1,0,0,0,0,0,1,1,0,0,0,0,1,1
3466,Blockchain,1,0,0,0,1,0,1,1,0,1,0,1,1,1,0,0,0,0,1,0,1,1,1,5,['Coinbase' 'Electrum' 'Blockchain' 'Circle'],Coinbase,0,0,1,0,0,1,0,0,1,0,0,0,0,0,0,1,0,1,1
3467,Circle,0,0,1,1,3,0,0,1,1,0,0,0,1,1,0,1,0,0,0,0,1,2,4,5,['Circle' 'Electrum' 'Blockchain' 'Coinbase'],Circle,0,0,0,1,0,1,0,0,1,0,0,0,0,0,1,0,0,1,1
3468,Circle,0,0,1,1,4,0,1,0,1,1,0,0,1,1,0,0,0,1,0,0,1,1,1,3,['Blockchain' 'Circle' 'Coinbase' 'Electrum'],Blockchain,1,0,0,0,0,0,0,1,0,0,1,0,0,1,0,0,1,0,1
3469,Blockchain,1,0,0,0,3,1,1,1,0,0,0,1,0,1,1,1,1,1,0,1,1,3,3,5,['Circle' 'Coinbase' 'Blockchain' 'Electrum'],Circle,0,0,0,1,0,0,1,0,1,0,0,0,0,1,0,0,0,1,1
3470,Circle,0,0,1,1,4,1,1,0,0,0,1,1,0,0,0,1,1,0,1,0,1,1,2,3,['Circle' 'Electrum' 'Blockchain' 'Coinbase'],Circle,0,0,0,1,0,1,0,0,1,0,0,0,0,0,1,0,0,1,1
3471,Electrum,1,1,0,0,3,0,0,1,1,0,0,1,0,0,0,1,0,1,0,1,1,3,5,4,['Circle' 'Electrum' 'Blockchain' 'Coinbase'],Circle,0,0,0,1,0,1,0,0,1,0,0,0,0,0,1,0,0,1,1
3472,Coinbase,0,0,1,1,3,0,0,1,0,1,1,0,1,1,0,1,0,1,1,1,1,1,4,2,['Blockchain' 'Electrum' 'Coinbase' 'Circle'],Blockchain,1,0,0,0,0,1,0,0,0,0,1,0,0,0,0,1,1,0,1
3473,Circle,0,0,1,1,4,1,1,0,1,0,1,0,0,1,1,0,1,1,0,0,1,4,3,5,['Coinbase' 'Circle' 'Blockchain' 'Electrum'],Coinbase,0,0,1,0,0,0,0,1,1,0,0,0,0,1,0,0,0,1,1
3474,Blockchain,1,0,0,0,1,1,0,1,0,1,0,1,1,1,1,0,1,1,1,0,1,5,2,5,['Coinbase' 'Electrum' 'Blockchain' 'Circle'],Coinbase,0,0,1,0,0,1,0,0,1,0,0,0,0,0,0,1,0,1,1
3475,Coinbase,0,0,1,1,1,1,0,0,0,0,1,0,1,1,0,0,1,0,0,0,1,5,2,5,['Blockchain' 'Circle' 'Electrum' 'Coinbase'],Blockchain,1,0,0,0,0,0,0,1,0,1,0,0,0,0,1,0,1,0,1
3476,Coinbase,0,0,1,1,3,1,0,0,0,1,1,1,1,0,1,0,0,0,0,1,1,1,1,1,['Electrum' 'Coinbase' 'Blockchain' 'Circle'],Electrum,0,1,0,0,0,0,1,0,1,0,0,0,0,0,0,1,1,0,0
3477,Coinbase,0,0,1,1,2,0,0,0,0,1,1,0,1,0,1,0,1,1,1,1,0,4,2,2,['Blockchain' 'Circle' 'Electrum' 'Coinbase'],Blockchain,1,0,0,0,0,0,0,1,0,1,0,0,0,0,1,0,1,0,1
3478,Circle,0,0,1,1,3,1,1,1,0,1,0,0,0,1,1,1,1,1,0,0,1,4,2,2,['Circle' 'Electrum' 'Coinbase' 'Blockchain'],Circle,0,0,0,1,0,1,0,0,0,0,1,0,1,0,0,0,0,1,1
3479,Electrum,1,1,0,0,4,0,1,1,1,1,1,1,1,0,0,0,0,1,0,0,0,1,1,1,['Electrum' 'Circle' 'Blockchain' 'Coinbase'],Electrum,0,1,0,0,0,0,0,1,1,0,0,0,0,0,1,0,1,0,0
3480,Blockchain,1,0,0,0,1,1,0,0,1,0,1,1,0,0,1,0,1,0,0,0,1,4,1,4,['Blockchain' 'Electrum' 'Coinbase' 'Circle'],Blockchain,1,0,0,0,0,1,0,0,0,0,1,0,0,0,0,1,1,0,1
3481,Electrum,1,1,0,0,2,0,0,0,1,1,0,0,1,0,1,1,1,1,1,1,0,1,5,5,['Coinbase' 'Blockchain' 'Electrum' 'Circle'],Coinbase,0,0,1,0,1,0,0,0,0,1,0,0,0,0,0,1,0,1,1
3482,Circle,0,0,1,1,3,1,0,1,1,1,0,0,0,0,0,1,0,0,0,1,1,3,2,4,['Blockchain' 'Circle' 'Coinbase' 'Electrum'],Blockchain,1,0,0,0,0,0,0,1,0,0,1,0,0,1,0,0,1,0,1
3483,Coinbase,0,0,1,1,3,1,1,1,1,0,0,0,1,1,1,0,1,0,0,0,0,5,3,5,['Electrum' 'Coinbase' 'Circle' 'Blockchain'],Electrum,0,1,0,0,0,0,1,0,0,0,0,1,1,0,0,0,1,0,0
3484,Circle,0,0,1,1,2,0,0,1,1,1,0,1,0,1,0,1,0,1,0,1,0,2,3,1,['Coinbase' 'Electrum' 'Circle' 'Blockchain'],Coinbase,0,0,1,0,0,1,0,0,0,0,0,1,1,0,0,0,0,1,1
3485,Blockchain,1,0,0,0,2,0,0,0,1,1,0,0,1,1,0,0,1,1,0,0,0,2,2,2,['Coinbase' 'Circle' 'Electrum' 'Blockchain'],Coinbase,0,0,1,0,0,0,0,1,0,1,0,0,1,0,0,0,0,1,1
3486,Coinbase,0,0,1,1,3,0,0,1,0,1,1,0,1,0,0,0,0,0,1,0,0,4,3,1,['Coinbase' 'Blockchain' 'Electrum' 'Circle'],Coinbase,0,0,1,0,1,0,0,0,0,1,0,0,0,0,0,1,0,1,1
3487,Blockchain,1,0,0,0,4,1,0,1,0,1,1,0,1,1,0,0,0,0,0,0,0,1,4,5,['Circle' 'Coinbase' 'Electrum' 'Blockchain'],Circle,0,0,0,1,0,0,1,0,0,1,0,0,1,0,0,0,0,1,1
3488,Coinbase,0,0,1,1,1,0,1,1,1,0,1,1,0,0,1,0,0,0,0,1,1,5,5,1,['Blockchain' 'Circle' 'Coinbase' 'Electrum'],Blockchain,1,0,0,0,0,0,0,1,0,0,1,0,0,1,0,0,1,0,1
3489,Circle,0,0,1,1,4,1,1,1,0,0,1,1,1,0,1,0,0,1,0,0,1,2,5,3,['Circle' 'Electrum' 'Coinbase' 'Blockchain'],Circle,0,0,0,1,0,1,0,0,0,0,1,0,1,0,0,0,0,1,1
3490,Blockchain,1,0,0,0,3,1,1,1,1,1,0,0,1,1,1,1,0,1,1,0,1,2,2,5,['Blockchain' 'Circle' 'Coinbase' 'Electrum'],Blockchain,1,0,0,0,0,0,0,1,0,0,1,0,0,1,0,0,1,0,1
3491,Coinbase,0,0,1,1,1,0,0,1,0,1,0,0,1,0,1,0,1,1,1,1,0,4,3,2,['Electrum' 'Coinbase' 'Blockchain' 'Circle'],Electrum,0,1,0,0,0,0,1,0,1,0,0,0,0,0,0,1,1,0,0
3492,Circle,0,0,1,1,1,0,1,0,0,0,1,1,1,0,0,0,1,1,1,1,1,1,1,4,['Electrum' 'Coinbase' 'Blockchain' 'Circle'],Electrum,0,1,0,0,0,0,1,0,1,0,0,0,0,0,0,1,1,0,0
3493,Blockchain,1,0,0,0,2,0,0,0,0,0,0,1,1,1,1,1,1,0,0,1,0,5,2,2,['Electrum' 'Coinbase' 'Circle' 'Blockchain'],Electrum,0,1,0,0,0,0,1,0,0,0,0,1,1,0,0,0,1,0,0
3494,Circle,0,0,1,1,3,1,1,0,1,0,1,0,0,1,0,0,0,1,0,1,0,5,3,4,['Blockchain' 'Electrum' 'Circle' 'Coinbase'],Blockchain,1,0,0,0,0,1,0,0,0,0,0,1,0,0,1,0,1,0,1
3495,Coinbase,0,0,1,1,4,0,1,1,1,0,0,1,1,0,1,1,0,0,1,1,0,4,5,4,['Blockchain' 'Circle' 'Electrum' 'Coinbase'],Blockchain,1,0,0,0,0,0,0,1,0,1,0,0,0,0,1,0,1,0,1
3496,Electrum,1,1,0,0,4,1,1,1,1,0,0,1,1,0,0,1,0,1,0,1,0,1,5,5,['Blockchain' 'Circle' 'Electrum' 'Coinbase'],Blockchain,1,0,0,0,0,0,0,1,0,1,0,0,0,0,1,0,1,0,1
3497,Electrum,1,1,0,0,1,1,0,1,1,1,1,1,1,0,1,1,0,1,0,1,0,1,5,2,['Coinbase' 'Electrum' 'Circle' 'Blockchain'],Coinbase,0,0,1,0,0,1,0,0,0,0,0,1,1,0,0,0,0,1,1
3498,Blockchain,1,0,0,0,2,0,0,1,0,1,0,1,1,1,1,1,0,1,1,0,0,5,4,4,['Blockchain' 'Coinbase' 'Electrum' 'Circle'],Blockchain,1,0,0,0,0,0,1,0,0,1,0,0,0,0,0,1,1,0,1
3499,Blockchain,1,0,0,0,2,0,1,1,1,1,1,0,1,0,0,1,0,0,1,1,1,2,3,5,['Coinbase' 'Blockchain' 'Electrum' 'Circle'],Coinbase,0,0,1,0,1,0,0,0,0,1,0,0,0,0,0,1,0,1,1
3500,Coinbase,0,0,1,1,2,0,0,0,1,1,1,0,0,1,1,1,1,0,0,0,1,5,2,3,['Circle' 'Coinbase' 'Blockchain' 'Electrum'],Circle,0,0,0,1,0,0,1,0,1,0,0,0,0,1,0,0,0,1,1
3501,Electrum,1,1,0,0,1,1,0,1,0,0,0,0,0,1,0,0,1,1,1,0,0,2,1,2,['Coinbase' 'Circle' 'Blockchain' 'Electrum'],Coinbase,0,0,1,0,0,0,0,1,1,0,0,0,0,1,0,0,0,1,1
3502,Blockchain,1,0,0,0,2,1,0,0,0,1,1,1,0,1,0,1,1,1,0,0,0,3,5,3,['Coinbase' 'Electrum' 'Blockchain' 'Circle'],Coinbase,0,0,1,0,0,1,0,0,1,0,0,0,0,0,0,1,0,1,1
3503,Coinbase,0,0,1,1,4,0,1,1,1,1,0,0,0,0,0,1,1,0,1,0,1,1,1,1,['Circle' 'Blockchain' 'Electrum' 'Coinbase'],Circle,0,0,0,1,1,0,0,0,0,1,0,0,0,0,1,0,0,1,1
3504,Blockchain,1,0,0,0,3,0,0,0,1,1,1,1,0,1,0,0,1,1,1,1,0,4,5,3,['Circle' 'Electrum' 'Blockchain' 'Coinbase'],Circle,0,0,0,1,0,1,0,0,1,0,0,0,0,0,1,0,0,1,1
3505,Circle,0,0,1,1,2,1,1,1,0,1,0,1,1,1,1,0,1,0,0,1,1,3,3,1,['Coinbase' 'Blockchain' 'Electrum' 'Circle'],Coinbase,0,0,1,0,1,0,0,0,0,1,0,0,0,0,0,1,0,1,1
3506,Blockchain,1,0,0,0,4,1,0,1,1,0,0,0,1,1,0,0,0,0,0,1,0,3,3,5,['Electrum' 'Blockchain' 'Coinbase' 'Circle'],Electrum,0,1,0,0,1,0,0,0,0,0,1,0,0,0,0,1,1,0,0
3507,Blockchain,1,0,0,0,3,0,0,1,0,0,1,0,1,0,0,1,0,0,0,1,0,3,5,5,['Blockchain' 'Circle' 'Electrum' 'Coinbase'],Blockchain,1,0,0,0,0,0,0,1,0,1,0,0,0,0,1,0,1,0,1
3508,Coinbase,0,0,1,1,3,0,1,0,1,0,0,0,1,0,1,1,1,0,1,1,1,2,2,5,['Electrum' 'Blockchain' 'Circle' 'Coinbase'],Electrum,0,1,0,0,1,0,0,0,0,0,0,1,0,0,1,0,1,0,0
3509,Blockchain,1,0,0,0,4,0,0,1,1,0,0,1,0,0,0,0,1,0,0,0,0,2,3,5,['Blockchain' 'Coinbase' 'Circle' 'Electrum'],Blockchain,1,0,0,0,0,0,1,0,0,0,0,1,0,1,0,0,1,0,1
3510,Blockchain,1,0,0,0,4,0,0,1,1,0,1,0,0,0,1,0,1,1,1,0,1,1,4,2,['Blockchain' 'Electrum' 'Circle' 'Coinbase'],Blockchain,1,0,0,0,0,1,0,0,0,0,0,1,0,0,1,0,1,0,1
3511,Blockchain,1,0,0,0,2,0,1,0,0,1,0,1,1,0,0,1,0,1,1,1,1,3,2,3,['Coinbase' 'Circle' 'Blockchain' 'Electrum'],Coinbase,0,0,1,0,0,0,0,1,1,0,0,0,0,1,0,0,0,1,1
3512,Blockchain,1,0,0,0,4,0,1,1,1,0,1,1,1,1,0,1,0,1,0,0,0,5,5,1,['Coinbase' 'Blockchain' 'Circle' 'Electrum'],Coinbase,0,0,1,0,1,0,0,0,0,0,0,1,0,1,0,0,0,1,1
3513,Blockchain,1,0,0,0,1,1,1,0,1,0,0,1,0,0,1,1,1,0,0,1,1,5,3,3,['Coinbase' 'Blockchain' 'Electrum' 'Circle'],Coinbase,0,0,1,0,1,0,0,0,0,1,0,0,0,0,0,1,0,1,1
3514,Blockchain,1,0,0,0,1,1,0,0,0,0,0,0,0,0,1,1,0,0,1,0,0,5,1,2,['Electrum' 'Circle' 'Coinbase' 'Blockchain'],Electrum,0,1,0,0,0,0,0,1,0,0,1,0,1,0,0,0,1,0,0
3515,Electrum,1,1,0,0,4,1,1,1,1,1,1,0,0,0,1,1,1,0,0,1,1,3,1,3,['Electrum' 'Blockchain' 'Circle' 'Coinbase'],Electrum,0,1,0,0,1,0,0,0,0,0,0,1,0,0,1,0,1,0,0
3516,Electrum,1,1,0,0,1,0,0,1,0,1,1,1,0,0,1,0,1,1,1,1,1,5,4,2,['Blockchain' 'Circle' 'Coinbase' 'Electrum'],Blockchain,1,0,0,0,0,0,0,1,0,0,1,0,0,1,0,0,1,0,1
3517,Electrum,1,1,0,0,4,0,1,1,1,0,1,0,0,1,0,0,1,1,0,1,0,3,5,5,['Circle' 'Coinbase' 'Blockchain' 'Electrum'],Circle,0,0,0,1,0,0,1,0,1,0,0,0,0,1,0,0,0,1,1
3518,Coinbase,0,0,1,1,3,0,1,0,1,1,0,0,1,1,0,1,0,1,0,0,0,3,5,3,['Blockchain' 'Coinbase' 'Circle' 'Electrum'],Blockchain,1,0,0,0,0,0,1,0,0,0,0,1,0,1,0,0,1,0,1
3519,Electrum,1,1,0,0,4,0,0,1,0,0,0,0,0,1,0,0,0,0,1,1,1,4,3,3,['Circle' 'Electrum' 'Blockchain' 'Coinbase'],Circle,0,0,0,1,0,1,0,0,1,0,0,0,0,0,1,0,0,1,1
3520,Coinbase,0,0,1,1,4,0,0,1,0,1,1,0,0,1,1,0,1,1,1,0,0,2,4,4,['Blockchain' 'Electrum' 'Circle' 'Coinbase'],Blockchain,1,0,0,0,0,1,0,0,0,0,0,1,0,0,1,0,1,0,1
3521,Coinbase,0,0,1,1,4,0,1,1,0,1,1,1,0,1,1,0,1,1,1,0,1,3,4,4,['Coinbase' 'Blockchain' 'Electrum' 'Circle'],Coinbase,0,0,1,0,1,0,0,0,0,1,0,0,0,0,0,1,0,1,1
3522,Coinbase,0,0,1,1,1,0,1,0,1,1,0,1,0,0,0,1,1,0,1,0,1,5,2,3,['Circle' 'Coinbase' 'Electrum' 'Blockchain'],Circle,0,0,0,1,0,0,1,0,0,1,0,0,1,0,0,0,0,1,1
3523,Circle,0,0,1,1,3,0,0,0,0,1,1,1,0,0,0,1,1,0,1,0,1,3,4,2,['Coinbase' 'Blockchain' 'Circle' 'Electrum'],Coinbase,0,0,1,0,1,0,0,0,0,0,0,1,0,1,0,0,0,1,1
3524,Blockchain,1,0,0,0,1,1,1,1,0,1,0,1,1,0,0,1,1,1,0,1,1,5,4,2,['Coinbase' 'Circle' 'Electrum' 'Blockchain'],Coinbase,0,0,1,0,0,0,0,1,0,1,0,0,1,0,0,0,0,1,1
3525,Coinbase,0,0,1,1,1,1,0,0,1,1,1,0,0,1,1,1,1,0,0,1,0,1,4,4,['Electrum' 'Blockchain' 'Circle' 'Coinbase'],Electrum,0,1,0,0,1,0,0,0,0,0,0,1,0,0,1,0,1,0,0
3526,Electrum,1,1,0,0,3,0,0,1,1,0,1,1,0,1,0,0,0,0,0,1,1,5,2,3,['Circle' 'Coinbase' 'Blockchain' 'Electrum'],Circle,0,0,0,1,0,0,1,0,1,0,0,0,0,1,0,0,0,1,1
3527,Circle,0,0,1,1,2,1,0,0,1,0,0,0,0,0,1,0,1,0,0,0,1,2,4,4,['Blockchain' 'Electrum' 'Circle' 'Coinbase'],Blockchain,1,0,0,0,0,1,0,0,0,0,0,1,0,0,1,0,1,0,1
3528,Electrum,1,1,0,0,1,0,1,0,1,0,1,1,0,1,0,1,0,0,1,1,0,5,5,3,['Coinbase' 'Electrum' 'Blockchain' 'Circle'],Coinbase,0,0,1,0,0,1,0,0,1,0,0,0,0,0,0,1,0,1,1
3529,Circle,0,0,1,1,3,1,0,1,1,1,0,1,0,0,1,1,0,1,1,1,0,4,5,2,['Blockchain' 'Coinbase' 'Circle' 'Electrum'],Blockchain,1,0,0,0,0,0,1,0,0,0,0,1,0,1,0,0,1,0,1
3530,Electrum,1,1,0,0,3,1,1,1,0,1,1,0,0,1,1,0,0,0,0,0,1,5,5,1,['Circle' 'Coinbase' 'Electrum' 'Blockchain'],Circle,0,0,0,1,0,0,1,0,0,1,0,0,1,0,0,0,0,1,1
3531,Coinbase,0,0,1,1,4,0,1,1,1,1,0,0,1,1,1,0,1,1,1,1,0,3,4,5,['Coinbase' 'Electrum' 'Circle' 'Blockchain'],Coinbase,0,0,1,0,0,1,0,0,0,0,0,1,1,0,0,0,0,1,1
3532,Coinbase,0,0,1,1,3,1,1,0,1,1,1,0,1,1,1,0,1,1,0,0,1,2,2,5,['Circle' 'Coinbase' 'Blockchain' 'Electrum'],Circle,0,0,0,1,0,0,1,0,1,0,0,0,0,1,0,0,0,1,1
3533,Circle,0,0,1,1,4,0,0,0,0,1,1,0,1,1,1,0,1,1,0,1,0,5,3,3,['Blockchain' 'Electrum' 'Circle' 'Coinbase'],Blockchain,1,0,0,0,0,1,0,0,0,0,0,1,0,0,1,0,1,0,1
3534,Blockchain,1,0,0,0,2,1,0,0,1,0,0,0,1,0,0,0,1,0,0,1,0,4,1,5,['Circle' 'Electrum' 'Coinbase' 'Blockchain'],Circle,0,0,0,1,0,1,0,0,0,0,1,0,1,0,0,0,0,1,1
3535,Electrum,1,1,0,0,3,0,1,0,0,0,0,0,0,1,1,0,0,1,0,0,1,2,4,3,['Blockchain' 'Coinbase' 'Electrum' 'Circle'],Blockchain,1,0,0,0,0,0,1,0,0,1,0,0,0,0,0,1,1,0,1
3536,Coinbase,0,0,1,1,2,1,0,1,1,1,0,1,1,1,1,1,1,1,1,0,1,2,4,4,['Coinbase' 'Circle' 'Electrum' 'Blockchain'],Coinbase,0,0,1,0,0,0,0,1,0,1,0,0,1,0,0,0,0,1,1
3537,Circle,0,0,1,1,1,0,0,1,1,1,0,1,1,0,1,0,1,0,0,1,1,4,5,5,['Electrum' 'Blockchain' 'Circle' 'Coinbase'],Electrum,0,1,0,0,1,0,0,0,0,0,0,1,0,0,1,0,1,0,0
3538,Coinbase,0,0,1,1,4,1,1,0,1,0,0,0,0,0,1,1,1,1,0,1,0,2,2,1,['Blockchain' 'Electrum' 'Coinbase' 'Circle'],Blockchain,1,0,0,0,0,1,0,0,0,0,1,0,0,0,0,1,1,0,1
3539,Circle,0,0,1,1,3,0,1,0,1,0,1,0,0,1,0,0,0,1,1,1,1,2,3,3,['Blockchain' 'Electrum' 'Circle' 'Coinbase'],Blockchain,1,0,0,0,0,1,0,0,0,0,0,1,0,0,1,0,1,0,1
3540,Electrum,1,1,0,0,2,0,1,1,0,1,1,0,1,1,0,0,1,1,0,1,1,4,4,1,['Electrum' 'Blockchain' 'Circle' 'Coinbase'],Electrum,0,1,0,0,1,0,0,0,0,0,0,1,0,0,1,0,1,0,0
3541,Coinbase,0,0,1,1,1,1,1,1,1,1,1,0,1,0,0,1,0,1,0,0,1,4,4,4,['Circle' 'Electrum' 'Blockchain' 'Coinbase'],Circle,0,0,0,1,0,1,0,0,1,0,0,0,0,0,1,0,0,1,1
3542,Blockchain,1,0,0,0,2,0,0,1,0,1,1,1,0,1,1,1,1,1,0,1,0,1,4,1,['Electrum' 'Coinbase' 'Circle' 'Blockchain'],Electrum,0,1,0,0,0,0,1,0,0,0,0,1,1,0,0,0,1,0,0
3543,Coinbase,0,0,1,1,3,0,0,1,1,1,1,0,1,0,0,1,1,0,1,0,0,5,4,5,['Coinbase' 'Electrum' 'Circle' 'Blockchain'],Coinbase,0,0,1,0,0,1,0,0,0,0,0,1,1,0,0,0,0,1,1
3544,Electrum,1,1,0,0,4,0,1,1,0,1,0,0,0,0,1,1,1,0,1,0,0,4,3,5,['Circle' 'Blockchain' 'Electrum' 'Coinbase'],Circle,0,0,0,1,1,0,0,0,0,1,0,0,0,0,1,0,0,1,1
3545,Circle,0,0,1,1,3,1,1,1,1,1,0,1,1,0,1,0,1,1,1,1,1,4,3,1,['Electrum' 'Coinbase' 'Blockchain' 'Circle'],Electrum,0,1,0,0,0,0,1,0,1,0,0,0,0,0,0,1,1,0,0
3546,Coinbase,0,0,1,1,3,1,1,1,1,0,0,0,0,0,0,0,1,1,0,0,1,4,2,4,['Blockchain' 'Circle' 'Electrum' 'Coinbase'],Blockchain,1,0,0,0,0,0,0,1,0,1,0,0,0,0,1,0,1,0,1
3547,Blockchain,1,0,0,0,2,0,1,0,1,0,0,1,0,1,1,0,1,0,0,0,1,1,4,3,['Circle' 'Blockchain' 'Coinbase' 'Electrum'],Circle,0,0,0,1,1,0,0,0,0,0,1,0,0,1,0,0,0,1,1
3548,Electrum,1,1,0,0,4,0,1,1,0,1,0,0,0,0,1,1,1,1,1,1,1,4,3,5,['Blockchain' 'Electrum' 'Coinbase' 'Circle'],Blockchain,1,0,0,0,0,1,0,0,0,0,1,0,0,0,0,1,1,0,1
3549,Electrum,1,1,0,0,2,0,0,1,0,1,0,1,0,1,1,1,0,1,1,0,0,4,2,1,['Blockchain' 'Circle' 'Coinbase' 'Electrum'],Blockchain,1,0,0,0,0,0,0,1,0,0,1,0,0,1,0,0,1,0,1
3550,Circle,0,0,1,1,3,0,1,1,0,1,1,0,0,1,1,0,1,0,1,0,0,4,1,1,['Blockchain' 'Electrum' 'Coinbase' 'Circle'],Blockchain,1,0,0,0,0,1,0,0,0,0,1,0,0,0,0,1,1,0,1
3551,Circle,0,0,1,1,4,0,1,0,0,1,1,1,1,1,1,0,1,0,1,1,1,2,4,4,['Circle' 'Electrum' 'Blockchain' 'Coinbase'],Circle,0,0,0,1,0,1,0,0,1,0,0,0,0,0,1,0,0,1,1
3552,Electrum,1,1,0,0,2,1,0,1,1,0,0,0,1,0,0,1,1,0,1,1,1,2,4,1,['Circle' 'Electrum' 'Coinbase' 'Blockchain'],Circle,0,0,0,1,0,1,0,0,0,0,1,0,1,0,0,0,0,1,1
3553,Circle,0,0,1,1,1,1,0,0,0,0,0,1,1,1,1,1,1,1,0,1,1,5,4,2,['Coinbase' 'Blockchain' 'Circle' 'Electrum'],Coinbase,0,0,1,0,1,0,0,0,0,0,0,1,0,1,0,0,0,1,1
3554,Blockchain,1,0,0,0,1,0,0,1,0,0,1,0,1,1,1,0,1,0,0,1,1,3,4,5,['Electrum' 'Circle' 'Blockchain' 'Coinbase'],Electrum,0,1,0,0,0,0,0,1,1,0,0,0,0,0,1,0,1,0,0
3555,Circle,0,0,1,1,1,0,1,1,0,0,0,0,1,0,1,1,1,1,1,0,1,2,4,5,['Electrum' 'Circle' 'Blockchain' 'Coinbase'],Electrum,0,1,0,0,0,0,0,1,1,0,0,0,0,0,1,0,1,0,0
3556,Blockchain,1,0,0,0,3,1,0,1,0,1,0,1,0,1,1,0,0,0,0,1,0,1,1,3,['Circle' 'Electrum' 'Blockchain' 'Coinbase'],Circle,0,0,0,1,0,1,0,0,1,0,0,0,0,0,1,0,0,1,1
3557,Circle,0,0,1,1,4,0,1,0,0,0,1,1,1,0,0,0,0,0,1,1,1,2,5,4,['Circle' 'Electrum' 'Coinbase' 'Blockchain'],Circle,0,0,0,1,0,1,0,0,0,0,1,0,1,0,0,0,0,1,1
3558,Coinbase,0,0,1,1,4,0,0,1,0,0,0,1,1,0,0,0,0,0,1,1,1,2,5,5,['Circle' 'Blockchain' 'Coinbase' 'Electrum'],Circle,0,0,0,1,1,0,0,0,0,0,1,0,0,1,0,0,0,1,1
3559,Circle,0,0,1,1,4,0,1,1,1,0,0,1,1,1,1,1,0,1,0,0,0,4,2,2,['Circle' 'Coinbase' 'Blockchain' 'Electrum'],Circle,0,0,0,1,0,0,1,0,1,0,0,0,0,1,0,0,0,1,1
3560,Electrum,1,1,0,0,3,0,0,1,0,0,1,1,0,0,0,1,0,1,1,1,1,1,3,4,['Blockchain' 'Electrum' 'Circle' 'Coinbase'],Blockchain,1,0,0,0,0,1,0,0,0,0,0,1,0,0,1,0,1,0,1
3561,Blockchain,1,0,0,0,2,0,1,1,0,0,1,0,0,1,1,1,1,0,1,0,1,4,3,4,['Blockchain' 'Electrum' 'Circle' 'Coinbase'],Blockchain,1,0,0,0,0,1,0,0,0,0,0,1,0,0,1,0,1,0,1
3562,Blockchain,1,0,0,0,3,0,1,0,1,0,1,1,1,0,1,1,1,1,0,1,0,1,2,3,['Circle' 'Coinbase' 'Electrum' 'Blockchain'],Circle,0,0,0,1,0,0,1,0,0,1,0,0,1,0,0,0,0,1,1
3563,Coinbase,0,0,1,1,1,0,0,1,1,1,0,1,0,0,1,0,1,0,1,0,1,5,4,2,['Coinbase' 'Blockchain' 'Electrum' 'Circle'],Coinbase,0,0,1,0,1,0,0,0,0,1,0,0,0,0,0,1,0,1,1
3564,Coinbase,0,0,1,1,4,1,1,0,1,0,1,1,0,1,1,1,1,0,0,0,0,3,5,5,['Blockchain' 'Coinbase' 'Circle' 'Electrum'],Blockchain,1,0,0,0,0,0,1,0,0,0,0,1,0,1,0,0,1,0,1
3565,Electrum,1,1,0,0,2,1,1,0,0,1,1,0,0,0,1,0,0,1,0,1,1,3,2,5,['Electrum' 'Coinbase' 'Blockchain' 'Circle'],Electrum,0,1,0,0,0,0,1,0,1,0,0,0,0,0,0,1,1,0,0
3566,Coinbase,0,0,1,1,2,1,0,0,1,1,1,0,1,0,0,1,0,1,0,1,1,1,2,3,['Blockchain' 'Circle' 'Coinbase' 'Electrum'],Blockchain,1,0,0,0,0,0,0,1,0,0,1,0,0,1,0,0,1,0,1
3567,Circle,0,0,1,1,2,0,0,0,1,0,1,1,1,1,0,1,1,1,0,1,0,4,3,1,['Electrum' 'Coinbase' 'Circle' 'Blockchain'],Electrum,0,1,0,0,0,0,1,0,0,0,0,1,1,0,0,0,1,0,0
3568,Blockchain,1,0,0,0,4,1,1,0,1,1,0,1,1,1,0,0,0,0,1,0,0,1,3,4,['Circle' 'Blockchain' 'Electrum' 'Coinbase'],Circle,0,0,0,1,1,0,0,0,0,1,0,0,0,0,1,0,0,1,1
3569,Blockchain,1,0,0,0,1,1,1,1,0,0,0,0,1,0,0,1,1,1,1,1,1,4,5,2,['Circle' 'Coinbase' 'Electrum' 'Blockchain'],Circle,0,0,0,1,0,0,1,0,0,1,0,0,1,0,0,0,0,1,1
3570,Electrum,1,1,0,0,2,1,1,0,1,1,1,0,1,1,1,0,1,0,0,1,0,3,5,1,['Blockchain' 'Coinbase' 'Electrum' 'Circle'],Blockchain,1,0,0,0,0,0,1,0,0,1,0,0,0,0,0,1,1,0,1
3571,Blockchain,1,0,0,0,1,1,1,0,1,0,0,1,1,1,1,1,1,0,0,1,0,1,4,2,['Circle' 'Blockchain' 'Coinbase' 'Electrum'],Circle,0,0,0,1,1,0,0,0,0,0,1,0,0,1,0,0,0,1,1
3572,Circle,0,0,1,1,4,1,1,0,1,0,1,0,1,1,1,1,1,1,0,0,0,2,4,1,['Blockchain' 'Circle' 'Electrum' 'Coinbase'],Blockchain,1,0,0,0,0,0,0,1,0,1,0,0,0,0,1,0,1,0,1
3573,Electrum,1,1,0,0,1,0,0,0,1,1,1,0,1,1,0,1,0,1,1,0,0,5,5,2,['Circle' 'Coinbase' 'Blockchain' 'Electrum'],Circle,0,0,0,1,0,0,1,0,1,0,0,0,0,1,0,0,0,1,1
3574,Coinbase,0,0,1,1,4,0,1,0,0,1,0,1,1,1,1,0,0,1,1,1,0,4,5,1,['Electrum' 'Coinbase' 'Circle' 'Blockchain'],Electrum,0,1,0,0,0,0,1,0,0,0,0,1,1,0,0,0,1,0,0
3575,Coinbase,0,0,1,1,4,1,0,1,1,1,1,1,1,1,0,0,1,1,0,0,1,1,4,2,['Blockchain' 'Electrum' 'Coinbase' 'Circle'],Blockchain,1,0,0,0,0,1,0,0,0,0,1,0,0,0,0,1,1,0,1
3576,Blockchain,1,0,0,0,1,1,0,1,1,1,1,0,0,0,0,0,0,0,1,1,1,3,5,1,['Circle' 'Blockchain' 'Coinbase' 'Electrum'],Circle,0,0,0,1,1,0,0,0,0,0,1,0,0,1,0,0,0,1,1
3577,Coinbase,0,0,1,1,3,1,1,1,1,1,0,0,0,1,1,0,1,0,0,0,0,4,3,2,['Coinbase' 'Electrum' 'Circle' 'Blockchain'],Coinbase,0,0,1,0,0,1,0,0,0,0,0,1,1,0,0,0,0,1,1
3578,Circle,0,0,1,1,1,1,1,1,0,0,0,0,0,0,0,0,0,1,0,0,0,3,4,4,['Circle' 'Coinbase' 'Blockchain' 'Electrum'],Circle,0,0,0,1,0,0,1,0,1,0,0,0,0,1,0,0,0,1,1
3579,Coinbase,0,0,1,1,3,0,1,1,1,0,1,0,0,1,0,0,0,1,1,0,1,5,1,2,['Electrum' 'Coinbase' 'Circle' 'Blockchain'],Electrum,0,1,0,0,0,0,1,0,0,0,0,1,1,0,0,0,1,0,0
3580,Electrum,1,1,0,0,4,1,1,1,0,1,0,1,0,0,0,1,0,1,1,1,0,2,1,2,['Electrum' 'Circle' 'Blockchain' 'Coinbase'],Electrum,0,1,0,0,0,0,0,1,1,0,0,0,0,0,1,0,1,0,0
3581,Circle,0,0,1,1,1,0,1,1,1,0,0,0,1,0,0,1,1,0,0,1,1,1,2,3,['Coinbase' 'Electrum' 'Blockchain' 'Circle'],Coinbase,0,0,1,0,0,1,0,0,1,0,0,0,0,0,0,1,0,1,1
3582,Blockchain,1,0,0,0,4,1,0,0,0,1,1,0,1,1,1,0,0,0,0,1,1,2,2,1,['Circle' 'Coinbase' 'Electrum' 'Blockchain'],Circle,0,0,0,1,0,0,1,0,0,1,0,0,1,0,0,0,0,1,1
3583,Circle,0,0,1,1,2,0,1,0,0,0,0,1,1,0,1,1,1,0,1,1,1,1,5,5,['Blockchain' 'Circle' 'Electrum' 'Coinbase'],Blockchain,1,0,0,0,0,0,0,1,0,1,0,0,0,0,1,0,1,0,1
3584,Electrum,1,1,0,0,4,1,0,1,1,0,0,0,1,1,0,0,0,1,0,0,0,3,1,3,['Circle' 'Coinbase' 'Electrum' 'Blockchain'],Circle,0,0,0,1,0,0,1,0,0,1,0,0,1,0,0,0,0,1,1
3585,Electrum,1,1,0,0,1,0,1,0,1,0,1,1,0,1,0,1,1,1,1,1,0,5,5,1,['Coinbase' 'Electrum' 'Blockchain' 'Circle'],Coinbase,0,0,1,0,0,1,0,0,1,0,0,0,0,0,0,1,0,1,1
3586,Coinbase,0,0,1,1,3,1,0,0,0,1,1,1,1,1,0,0,1,0,1,0,1,1,2,5,['Electrum' 'Blockchain' 'Coinbase' 'Circle'],Electrum,0,1,0,0,1,0,0,0,0,0,1,0,0,0,0,1,1,0,0
3587,Circle,0,0,1,1,3,0,0,1,0,0,1,0,0,0,1,0,0,0,0,1,1,5,5,1,['Circle' 'Coinbase' 'Blockchain' 'Electrum'],Circle,0,0,0,1,0,0,1,0,1,0,0,0,0,1,0,0,0,1,1
3588,Circle,0,0,1,1,1,0,0,0,0,0,1,0,0,0,0,0,1,1,1,1,1,2,3,5,['Blockchain' 'Circle' 'Coinbase' 'Electrum'],Blockchain,1,0,0,0,0,0,0,1,0,0,1,0,0,1,0,0,1,0,1
3589,Circle,0,0,1,1,2,0,1,0,0,1,1,0,1,1,1,1,0,1,0,1,1,2,2,5,['Electrum' 'Circle' 'Coinbase' 'Blockchain'],Electrum,0,1,0,0,0,0,0,1,0,0,1,0,1,0,0,0,1,0,0
3590,Electrum,1,1,0,0,2,1,0,0,0,0,1,1,0,1,1,1,0,1,1,1,1,3,3,5,['Electrum' 'Blockchain' 'Circle' 'Coinbase'],Electrum,0,1,0,0,1,0,0,0,0,0,0,1,0,0,1,0,1,0,0
3591,Circle,0,0,1,1,3,0,1,1,0,0,0,1,0,1,1,1,0,1,0,1,0,2,4,5,['Electrum' 'Blockchain' 'Circle' 'Coinbase'],Electrum,0,1,0,0,1,0,0,0,0,0,0,1,0,0,1,0,1,0,0
3592,Electrum,1,1,0,0,3,0,1,0,1,1,1,0,0,1,1,1,0,1,0,1,1,5,4,3,['Blockchain' 'Electrum' 'Circle' 'Coinbase'],Blockchain,1,0,0,0,0,1,0,0,0,0,0,1,0,0,1,0,1,0,1
3593,Blockchain,1,0,0,0,4,0,0,1,1,1,0,0,0,1,0,0,0,1,1,1,0,3,2,4,['Circle' 'Blockchain' 'Electrum' 'Coinbase'],Circle,0,0,0,1,1,0,0,0,0,1,0,0,0,0,1,0,0,1,1
3594,Circle,0,0,1,1,1,1,1,1,0,0,1,0,1,1,0,0,1,0,0,1,0,2,4,1,['Circle' 'Coinbase' 'Electrum' 'Blockchain'],Circle,0,0,0,1,0,0,1,0,0,1,0,0,1,0,0,0,0,1,1
3595,Blockchain,1,0,0,0,4,0,0,1,0,0,0,0,0,1,1,1,1,1,1,0,1,3,3,1,['Electrum' 'Circle' 'Blockchain' 'Coinbase'],Electrum,0,1,0,0,0,0,0,1,1,0,0,0,0,0,1,0,1,0,0
3596,Electrum,1,1,0,0,4,0,0,0,0,1,1,1,1,1,1,0,1,0,1,0,1,5,3,4,['Coinbase' 'Blockchain' 'Circle' 'Electrum'],Coinbase,0,0,1,0,1,0,0,0,0,0,0,1,0,1,0,0,0,1,1
3597,Circle,0,0,1,1,2,1,0,0,1,0,1,0,0,1,1,1,1,1,1,1,1,5,1,3,['Circle' 'Electrum' 'Blockchain' 'Coinbase'],Circle,0,0,0,1,0,1,0,0,1,0,0,0,0,0,1,0,0,1,1
3598,Electrum,1,1,0,0,1,1,1,1,1,1,0,0,0,0,0,0,0,0,0,0,1,2,4,5,['Blockchain' 'Circle' 'Electrum' 'Coinbase'],Blockchain,1,0,0,0,0,0,0,1,0,1,0,0,0,0,1,0,1,0,1
3599,Electrum,1,1,0,0,3,1,1,1,1,1,1,1,1,1,1,0,0,1,1,0,0,3,1,4,['Electrum' 'Coinbase' 'Blockchain' 'Circle'],Electrum,0,1,0,0,0,0,1,0,1,0,0,0,0,0,0,1,1,0,0
3600,Coinbase,0,0,1,1,3,1,0,1,1,0,0,1,1,0,0,1,0,0,1,1,1,2,3,5,['Blockchain' 'Circle' 'Coinbase' 'Electrum'],Blockchain,1,0,0,0,0,0,0,1,0,0,1,0,0,1,0,0,1,0,1
3601,Electrum,1,1,0,0,2,0,0,1,1,0,1,1,1,0,0,1,0,0,0,0,0,2,5,5,['Circle' 'Coinbase' 'Blockchain' 'Electrum'],Circle,0,0,0,1,0,0,1,0,1,0,0,0,0,1,0,0,0,1,1
3602,Electrum,1,1,0,0,2,1,1,0,0,0,1,1,0,0,1,1,0,0,0,0,1,5,2,1,['Electrum' 'Circle' 'Coinbase' 'Blockchain'],Electrum,0,1,0,0,0,0,0,1,0,0,1,0,1,0,0,0,1,0,0
3603,Blockchain,1,0,0,0,2,1,0,1,1,1,0,1,0,0,1,0,0,0,1,1,1,4,1,1,['Coinbase' 'Electrum' 'Circle' 'Blockchain'],Coinbase,0,0,1,0,0,1,0,0,0,0,0,1,1,0,0,0,0,1,1
3604,Coinbase,0,0,1,1,1,1,1,1,0,1,0,0,1,0,1,0,1,0,1,1,0,4,5,4,['Coinbase' 'Circle' 'Blockchain' 'Electrum'],Coinbase,0,0,1,0,0,0,0,1,1,0,0,0,0,1,0,0,0,1,1
3605,Circle,0,0,1,1,3,0,1,0,0,0,1,0,1,1,0,1,0,1,0,1,0,1,1,2,['Circle' 'Electrum' 'Blockchain' 'Coinbase'],Circle,0,0,0,1,0,1,0,0,1,0,0,0,0,0,1,0,0,1,1
3606,Coinbase,0,0,1,1,4,1,0,0,0,1,1,0,1,1,0,0,0,0,1,0,0,1,4,5,['Electrum' 'Blockchain' 'Circle' 'Coinbase'],Electrum,0,1,0,0,1,0,0,0,0,0,0,1,0,0,1,0,1,0,0
3607,Electrum,1,1,0,0,2,0,1,1,1,1,0,1,0,1,1,0,1,0,0,1,0,5,4,1,['Electrum' 'Blockchain' 'Coinbase' 'Circle'],Electrum,0,1,0,0,1,0,0,0,0,0,1,0,0,0,0,1,1,0,0
3608,Blockchain,1,0,0,0,1,0,1,1,0,0,1,0,0,0,0,0,0,0,0,0,1,2,5,1,['Electrum' 'Coinbase' 'Circle' 'Blockchain'],Electrum,0,1,0,0,0,0,1,0,0,0,0,1,1,0,0,0,1,0,0
3609,Electrum,1,1,0,0,4,1,1,0,0,0,0,0,0,0,1,0,1,0,1,1,1,4,5,1,['Blockchain' 'Circle' 'Coinbase' 'Electrum'],Blockchain,1,0,0,0,0,0,0,1,0,0,1,0,0,1,0,0,1,0,1
3610,Blockchain,1,0,0,0,4,1,0,1,0,0,1,1,1,0,0,1,1,0,0,1,0,5,4,5,['Circle' 'Coinbase' 'Blockchain' 'Electrum'],Circle,0,0,0,1,0,0,1,0,1,0,0,0,0,1,0,0,0,1,1
3611,Blockchain,1,0,0,0,2,1,0,1,0,0,0,1,0,1,0,1,0,1,0,0,0,4,1,5,['Blockchain' 'Circle' 'Electrum' 'Coinbase'],Blockchain,1,0,0,0,0,0,0,1,0,1,0,0,0,0,1,0,1,0,1
3612,Electrum,1,1,0,0,3,1,0,1,0,1,1,0,1,0,0,0,0,1,0,1,0,2,5,4,['Blockchain' 'Coinbase' 'Circle' 'Electrum'],Blockchain,1,0,0,0,0,0,1,0,0,0,0,1,0,1,0,0,1,0,1
3613,Blockchain,1,0,0,0,3,1,1,0,1,0,0,1,1,0,1,0,1,1,1,1,1,2,4,4,['Electrum' 'Blockchain' 'Coinbase' 'Circle'],Electrum,0,1,0,0,1,0,0,0,0,0,1,0,0,0,0,1,1,0,0
3614,Electrum,1,1,0,0,1,1,0,0,0,1,1,0,1,1,0,0,0,0,0,1,1,3,4,3,['Coinbase' 'Circle' 'Electrum' 'Blockchain'],Coinbase,0,0,1,0,0,0,0,1,0,1,0,0,1,0,0,0,0,1,1
3615,Circle,0,0,1,1,4,1,0,1,1,0,1,1,1,0,1,0,0,0,0,1,0,1,4,4,['Electrum' 'Coinbase' 'Circle' 'Blockchain'],Electrum,0,1,0,0,0,0,1,0,0,0,0,1,1,0,0,0,1,0,0
3616,Circle,0,0,1,1,2,0,0,0,1,0,0,0,1,1,1,1,0,1,0,0,1,5,4,4,['Electrum' 'Coinbase' 'Blockchain' 'Circle'],Electrum,0,1,0,0,0,0,1,0,1,0,0,0,0,0,0,1,1,0,0
3617,Coinbase,0,0,1,1,4,0,0,1,0,1,1,1,0,1,0,1,1,1,1,0,0,5,1,5,['Coinbase' 'Electrum' 'Blockchain' 'Circle'],Coinbase,0,0,1,0,0,1,0,0,1,0,0,0,0,0,0,1,0,1,1
3618,Coinbase,0,0,1,1,1,0,0,0,0,1,0,0,1,1,0,1,0,0,1,0,1,3,5,2,['Electrum' 'Circle' 'Coinbase' 'Blockchain'],Electrum,0,1,0,0,0,0,0,1,0,0,1,0,1,0,0,0,1,0,0
3619,Coinbase,0,0,1,1,3,0,0,0,0,1,1,1,1,0,0,0,0,0,1,0,1,5,2,5,['Electrum' 'Circle' 'Blockchain' 'Coinbase'],Electrum,0,1,0,0,0,0,0,1,1,0,0,0,0,0,1,0,1,0,0
3620,Blockchain,1,0,0,0,3,0,1,1,0,0,1,0,1,1,0,1,1,0,0,1,1,3,2,2,['Circle' 'Electrum' 'Blockchain' 'Coinbase'],Circle,0,0,0,1,0,1,0,0,1,0,0,0,0,0,1,0,0,1,1
3621,Coinbase,0,0,1,1,2,0,0,0,0,0,0,0,0,0,1,0,1,1,1,1,1,2,1,3,['Electrum' 'Circle' 'Coinbase' 'Blockchain'],Electrum,0,1,0,0,0,0,0,1,0,0,1,0,1,0,0,0,1,0,0
3622,Circle,0,0,1,1,1,0,1,0,0,0,1,1,0,1,1,0,0,0,0,0,0,1,4,1,['Coinbase' 'Electrum' 'Circle' 'Blockchain'],Coinbase,0,0,1,0,0,1,0,0,0,0,0,1,1,0,0,0,0,1,1
3623,Electrum,1,1,0,0,1,1,1,1,0,1,1,1,0,1,1,0,0,1,1,0,1,1,3,4,['Blockchain' 'Coinbase' 'Circle' 'Electrum'],Blockchain,1,0,0,0,0,0,1,0,0,0,0,1,0,1,0,0,1,0,1
3624,Circle,0,0,1,1,2,1,0,1,0,1,0,1,1,1,0,0,0,0,1,1,0,1,5,3,['Circle' 'Blockchain' 'Electrum' 'Coinbase'],Circle,0,0,0,1,1,0,0,0,0,1,0,0,0,0,1,0,0,1,1
3625,Electrum,1,1,0,0,3,1,0,1,1,1,0,0,1,1,0,1,0,0,1,1,1,5,2,3,['Circle' 'Electrum' 'Blockchain' 'Coinbase'],Circle,0,0,0,1,0,1,0,0,1,0,0,0,0,0,1,0,0,1,1
3626,Circle,0,0,1,1,2,0,0,1,1,1,0,1,1,0,0,1,0,0,0,1,1,4,3,2,['Circle' 'Electrum' 'Blockchain' 'Coinbase'],Circle,0,0,0,1,0,1,0,0,1,0,0,0,0,0,1,0,0,1,1
3627,Coinbase,0,0,1,1,3,1,1,1,0,1,0,1,0,1,0,0,1,0,0,0,0,5,5,4,['Electrum' 'Circle' 'Blockchain' 'Coinbase'],Electrum,0,1,0,0,0,0,0,1,1,0,0,0,0,0,1,0,1,0,0
3628,Circle,0,0,1,1,4,1,0,0,1,1,0,1,0,1,0,0,0,0,1,0,0,5,1,1,['Electrum' 'Coinbase' 'Circle' 'Blockchain'],Electrum,0,1,0,0,0,0,1,0,0,0,0,1,1,0,0,0,1,0,0
3629,Coinbase,0,0,1,1,3,0,1,1,0,1,0,1,0,1,1,1,0,1,1,1,1,3,4,4,['Circle' 'Blockchain' 'Electrum' 'Coinbase'],Circle,0,0,0,1,1,0,0,0,0,1,0,0,0,0,1,0,0,1,1
3630,Blockchain,1,0,0,0,3,1,1,0,1,0,0,1,0,1,1,1,1,1,1,0,0,2,5,2,['Electrum' 'Coinbase' 'Circle' 'Blockchain'],Electrum,0,1,0,0,0,0,1,0,0,0,0,1,1,0,0,0,1,0,0
3631,Electrum,1,1,0,0,1,0,0,0,1,0,1,1,0,0,0,0,0,0,1,0,0,2,4,5,['Coinbase' 'Blockchain' 'Circle' 'Electrum'],Coinbase,0,0,1,0,1,0,0,0,0,0,0,1,0,1,0,0,0,1,1
3632,Blockchain,1,0,0,0,1,0,0,0,1,1,0,0,0,0,0,0,1,0,0,1,0,3,2,2,['Circle' 'Electrum' 'Blockchain' 'Coinbase'],Circle,0,0,0,1,0,1,0,0,1,0,0,0,0,0,1,0,0,1,1
3633,Electrum,1,1,0,0,2,0,0,1,1,0,1,1,0,0,1,0,1,0,0,1,0,5,2,4,['Circle' 'Electrum' 'Blockchain' 'Coinbase'],Circle,0,0,0,1,0,1,0,0,1,0,0,0,0,0,1,0,0,1,1
3634,Electrum,1,1,0,0,3,1,1,1,1,0,1,0,0,1,1,1,1,0,1,1,1,4,4,3,['Electrum' 'Blockchain' 'Coinbase' 'Circle'],Electrum,0,1,0,0,1,0,0,0,0,0,1,0,0,0,0,1,1,0,0
3635,Electrum,1,1,0,0,4,1,0,0,0,1,1,0,1,1,1,0,1,0,1,0,1,4,1,2,['Electrum' 'Coinbase' 'Blockchain' 'Circle'],Electrum,0,1,0,0,0,0,1,0,1,0,0,0,0,0,0,1,1,0,0
3636,Electrum,1,1,0,0,3,1,0,1,0,1,1,1,1,1,0,0,0,0,0,1,0,5,3,2,['Coinbase' 'Blockchain' 'Circle' 'Electrum'],Coinbase,0,0,1,0,1,0,0,0,0,0,0,1,0,1,0,0,0,1,1
3637,Coinbase,0,0,1,1,1,0,1,0,0,1,1,1,0,0,1,0,1,0,0,1,0,5,1,1,['Blockchain' 'Circle' 'Electrum' 'Coinbase'],Blockchain,1,0,0,0,0,0,0,1,0,1,0,0,0,0,1,0,1,0,1
3638,Coinbase,0,0,1,1,3,0,1,1,0,1,1,1,1,0,1,1,1,0,1,0,0,2,1,1,['Circle' 'Electrum' 'Blockchain' 'Coinbase'],Circle,0,0,0,1,0,1,0,0,1,0,0,0,0,0,1,0,0,1,1
3639,Coinbase,0,0,1,1,3,1,0,0,0,1,0,0,1,0,0,0,0,0,1,0,0,1,3,5,['Blockchain' 'Electrum' 'Coinbase' 'Circle'],Blockchain,1,0,0,0,0,1,0,0,0,0,1,0,0,0,0,1,1,0,1
3640,Blockchain,1,0,0,0,1,0,1,0,0,0,0,0,0,0,1,1,1,0,0,0,1,1,2,1,['Blockchain' 'Electrum' 'Coinbase' 'Circle'],Blockchain,1,0,0,0,0,1,0,0,0,0,1,0,0,0,0,1,1,0,1
3641,Coinbase,0,0,1,1,2,0,0,0,1,1,0,0,0,0,1,0,0,1,1,1,1,2,1,2,['Blockchain' 'Circle' 'Coinbase' 'Electrum'],Blockchain,1,0,0,0,0,0,0,1,0,0,1,0,0,1,0,0,1,0,1
3642,Electrum,1,1,0,0,2,0,1,0,0,1,0,0,0,0,1,1,1,0,0,1,0,2,1,5,['Blockchain' 'Circle' 'Electrum' 'Coinbase'],Blockchain,1,0,0,0,0,0,0,1,0,1,0,0,0,0,1,0,1,0,1
3643,Blockchain,1,0,0,0,4,0,1,1,0,1,0,1,1,0,1,1,0,1,1,0,1,5,3,5,['Circle' 'Coinbase' 'Electrum' 'Blockchain'],Circle,0,0,0,1,0,0,1,0,0,1,0,0,1,0,0,0,0,1,1
3644,Blockchain,1,0,0,0,2,0,1,1,0,1,0,0,0,1,0,1,1,0,0,1,0,2,2,2,['Electrum' 'Circle' 'Coinbase' 'Blockchain'],Electrum,0,1,0,0,0,0,0,1,0,0,1,0,1,0,0,0,1,0,0
3645,Circle,0,0,1,1,2,0,0,0,0,0,0,0,0,1,1,0,1,0,0,1,1,1,2,3,['Coinbase' 'Electrum' 'Circle' 'Blockchain'],Coinbase,0,0,1,0,0,1,0,0,0,0,0,1,1,0,0,0,0,1,1
3646,Coinbase,0,0,1,1,3,1,1,1,1,0,0,0,0,1,0,1,1,0,1,0,0,3,5,1,['Blockchain' 'Circle' 'Electrum' 'Coinbase'],Blockchain,1,0,0,0,0,0,0,1,0,1,0,0,0,0,1,0,1,0,1
3647,Blockchain,1,0,0,0,3,1,1,1,0,0,0,0,1,0,0,1,0,0,0,0,1,5,5,3,['Electrum' 'Blockchain' 'Circle' 'Coinbase'],Electrum,0,1,0,0,1,0,0,0,0,0,0,1,0,0,1,0,1,0,0
3648,Coinbase,0,0,1,1,4,1,0,0,0,1,0,1,0,0,0,0,0,0,0,1,0,2,2,2,['Electrum' 'Circle' 'Coinbase' 'Blockchain'],Electrum,0,1,0,0,0,0,0,1,0,0,1,0,1,0,0,0,1,0,0
3649,Circle,0,0,1,1,3,1,1,1,1,1,0,1,1,0,1,1,0,1,0,1,0,4,2,2,['Circle' 'Blockchain' 'Electrum' 'Coinbase'],Circle,0,0,0,1,1,0,0,0,0,1,0,0,0,0,1,0,0,1,1
3650,Blockchain,1,0,0,0,3,0,1,0,0,0,0,1,1,1,0,1,1,0,1,0,1,2,5,5,['Electrum' 'Circle' 'Coinbase' 'Blockchain'],Electrum,0,1,0,0,0,0,0,1,0,0,1,0,1,0,0,0,1,0,0
3651,Electrum,1,1,0,0,2,0,0,0,0,0,1,0,0,1,0,1,0,1,0,0,0,2,4,1,['Blockchain' 'Coinbase' 'Circle' 'Electrum'],Blockchain,1,0,0,0,0,0,1,0,0,0,0,1,0,1,0,0,1,0,1
3652,Circle,0,0,1,1,1,0,1,0,0,1,0,0,1,0,1,0,1,0,1,1,0,2,5,4,['Blockchain' 'Coinbase' 'Circle' 'Electrum'],Blockchain,1,0,0,0,0,0,1,0,0,0,0,1,0,1,0,0,1,0,1
3653,Coinbase,0,0,1,1,1,0,1,0,1,1,0,1,1,0,1,1,0,0,1,1,0,4,2,4,['Coinbase' 'Blockchain' 'Circle' 'Electrum'],Coinbase,0,0,1,0,1,0,0,0,0,0,0,1,0,1,0,0,0,1,1
3654,Electrum,1,1,0,0,3,1,0,1,0,0,0,1,1,1,1,1,0,0,1,0,1,2,2,4,['Coinbase' 'Electrum' 'Circle' 'Blockchain'],Coinbase,0,0,1,0,0,1,0,0,0,0,0,1,1,0,0,0,0,1,1
3655,Electrum,1,1,0,0,1,0,0,1,0,0,1,0,0,0,0,0,1,1,1,0,0,1,3,3,['Circle' 'Coinbase' 'Electrum' 'Blockchain'],Circle,0,0,0,1,0,0,1,0,0,1,0,0,1,0,0,0,0,1,1
3656,Blockchain,1,0,0,0,4,0,0,1,1,1,1,1,0,0,1,0,1,1,1,1,1,2,3,1,['Circle' 'Electrum' 'Coinbase' 'Blockchain'],Circle,0,0,0,1,0,1,0,0,0,0,1,0,1,0,0,0,0,1,1
3657,Blockchain,1,0,0,0,1,0,0,1,0,1,1,1,0,1,0,1,1,1,1,1,0,4,2,3,['Electrum' 'Coinbase' 'Blockchain' 'Circle'],Electrum,0,1,0,0,0,0,1,0,1,0,0,0,0,0,0,1,1,0,0
3658,Blockchain,1,0,0,0,4,1,1,1,1,0,0,0,1,0,0,0,1,0,0,1,1,5,2,2,['Electrum' 'Circle' 'Coinbase' 'Blockchain'],Electrum,0,1,0,0,0,0,0,1,0,0,1,0,1,0,0,0,1,0,0
3659,Blockchain,1,0,0,0,3,0,0,0,1,0,1,0,1,0,0,0,1,0,1,1,1,5,3,5,['Circle' 'Blockchain' 'Coinbase' 'Electrum'],Circle,0,0,0,1,1,0,0,0,0,0,1,0,0,1,0,0,0,1,1
3660,Coinbase,0,0,1,1,1,1,0,0,1,1,0,0,0,0,0,0,1,0,0,1,1,1,3,2,['Electrum' 'Circle' 'Coinbase' 'Blockchain'],Electrum,0,1,0,0,0,0,0,1,0,0,1,0,1,0,0,0,1,0,0
3661,Coinbase,0,0,1,1,1,1,0,1,0,0,1,0,1,1,1,1,0,0,1,1,0,3,4,5,['Electrum' 'Circle' 'Coinbase' 'Blockchain'],Electrum,0,1,0,0,0,0,0,1,0,0,1,0,1,0,0,0,1,0,0
3662,Coinbase,0,0,1,1,3,0,1,1,1,0,0,0,1,0,1,1,0,1,1,0,1,3,3,3,['Electrum' 'Coinbase' 'Blockchain' 'Circle'],Electrum,0,1,0,0,0,0,1,0,1,0,0,0,0,0,0,1,1,0,0
3663,Blockchain,1,0,0,0,2,1,0,0,1,0,0,1,1,0,1,1,1,0,1,1,1,4,1,5,['Blockchain' 'Circle' 'Coinbase' 'Electrum'],Blockchain,1,0,0,0,0,0,0,1,0,0,1,0,0,1,0,0,1,0,1
3664,Coinbase,0,0,1,1,2,1,1,0,0,1,1,0,1,1,1,0,1,1,0,1,1,5,2,5,['Circle' 'Blockchain' 'Coinbase' 'Electrum'],Circle,0,0,0,1,1,0,0,0,0,0,1,0,0,1,0,0,0,1,1
3665,Circle,0,0,1,1,4,1,1,1,0,0,1,0,1,1,1,1,0,0,0,0,0,2,2,4,['Blockchain' 'Coinbase' 'Circle' 'Electrum'],Blockchain,1,0,0,0,0,0,1,0,0,0,0,1,0,1,0,0,1,0,1
3666,Electrum,1,1,0,0,4,0,1,1,0,1,1,1,0,1,1,0,1,0,0,1,0,3,1,4,['Electrum' 'Circle' 'Blockchain' 'Coinbase'],Electrum,0,1,0,0,0,0,0,1,1,0,0,0,0,0,1,0,1,0,0
3667,Electrum,1,1,0,0,3,1,0,1,0,0,1,0,0,1,0,0,1,1,0,1,0,5,4,4,['Coinbase' 'Circle' 'Blockchain' 'Electrum'],Coinbase,0,0,1,0,0,0,0,1,1,0,0,0,0,1,0,0,0,1,1
3668,Blockchain,1,0,0,0,4,0,0,1,1,1,0,0,1,1,1,0,0,0,0,0,0,4,4,5,['Circle' 'Blockchain' 'Coinbase' 'Electrum'],Circle,0,0,0,1,1,0,0,0,0,0,1,0,0,1,0,0,0,1,1
3669,Coinbase,0,0,1,1,1,0,1,1,1,0,1,0,1,0,1,0,0,1,1,1,1,3,3,1,['Circle' 'Coinbase' 'Blockchain' 'Electrum'],Circle,0,0,0,1,0,0,1,0,1,0,0,0,0,1,0,0,0,1,1
3670,Electrum,1,1,0,0,2,0,0,0,1,1,0,0,0,1,1,0,0,1,1,1,1,1,4,1,['Electrum' 'Circle' 'Blockchain' 'Coinbase'],Electrum,0,1,0,0,0,0,0,1,1,0,0,0,0,0,1,0,1,0,0
3671,Circle,0,0,1,1,1,1,1,1,1,1,0,0,1,0,0,0,0,0,0,1,0,4,4,1,['Electrum' 'Blockchain' 'Coinbase' 'Circle'],Electrum,0,1,0,0,1,0,0,0,0,0,1,0,0,0,0,1,1,0,0
3672,Coinbase,0,0,1,1,4,1,0,1,1,1,0,0,1,0,1,0,1,1,1,0,1,5,2,5,['Coinbase' 'Circle' 'Electrum' 'Blockchain'],Coinbase,0,0,1,0,0,0,0,1,0,1,0,0,1,0,0,0,0,1,1
3673,Blockchain,1,0,0,0,4,1,0,1,0,0,1,1,0,0,0,1,0,1,1,0,0,3,3,4,['Blockchain' 'Circle' 'Coinbase' 'Electrum'],Blockchain,1,0,0,0,0,0,0,1,0,0,1,0,0,1,0,0,1,0,1
3674,Blockchain,1,0,0,0,1,0,0,0,0,1,0,0,1,1,1,0,1,0,0,0,0,3,4,5,['Blockchain' 'Electrum' 'Coinbase' 'Circle'],Blockchain,1,0,0,0,0,1,0,0,0,0,1,0,0,0,0,1,1,0,1
3675,Coinbase,0,0,1,1,2,0,0,1,1,0,0,0,0,1,0,1,1,1,1,0,1,4,4,1,['Coinbase' 'Electrum' 'Blockchain' 'Circle'],Coinbase,0,0,1,0,0,1,0,0,1,0,0,0,0,0,0,1,0,1,1
3676,Blockchain,1,0,0,0,1,0,1,0,0,0,0,1,0,1,0,1,1,0,0,1,0,4,3,2,['Electrum' 'Blockchain' 'Coinbase' 'Circle'],Electrum,0,1,0,0,1,0,0,0,0,0,1,0,0,0,0,1,1,0,0
3677,Blockchain,1,0,0,0,3,1,1,1,0,0,0,1,0,1,0,0,1,0,1,0,1,4,5,3,['Electrum' 'Blockchain' 'Coinbase' 'Circle'],Electrum,0,1,0,0,1,0,0,0,0,0,1,0,0,0,0,1,1,0,0
3678,Electrum,1,1,0,0,1,1,0,1,0,1,1,1,1,1,0,1,1,0,1,1,1,1,2,4,['Electrum' 'Blockchain' 'Circle' 'Coinbase'],Electrum,0,1,0,0,1,0,0,0,0,0,0,1,0,0,1,0,1,0,0
3679,Blockchain,1,0,0,0,4,1,1,0,0,0,1,0,0,0,0,1,1,0,1,0,0,3,2,1,['Circle' 'Electrum' 'Coinbase' 'Blockchain'],Circle,0,0,0,1,0,1,0,0,0,0,1,0,1,0,0,0,0,1,1
3680,Circle,0,0,1,1,1,1,0,0,1,0,0,0,0,1,1,1,0,0,1,0,0,3,2,4,['Circle' 'Blockchain' 'Electrum' 'Coinbase'],Circle,0,0,0,1,1,0,0,0,0,1,0,0,0,0,1,0,0,1,1
3681,Blockchain,1,0,0,0,2,1,1,0,0,0,0,1,0,1,0,1,1,0,1,1,1,4,2,5,['Blockchain' 'Coinbase' 'Electrum' 'Circle'],Blockchain,1,0,0,0,0,0,1,0,0,1,0,0,0,0,0,1,1,0,1
3682,Blockchain,1,0,0,0,2,1,0,1,0,1,1,1,1,1,0,0,1,0,0,0,0,4,1,5,['Circle' 'Electrum' 'Blockchain' 'Coinbase'],Circle,0,0,0,1,0,1,0,0,1,0,0,0,0,0,1,0,0,1,1
3683,Electrum,1,1,0,0,1,0,1,0,1,1,1,0,0,1,1,0,0,0,0,1,1,4,3,1,['Circle' 'Blockchain' 'Electrum' 'Coinbase'],Circle,0,0,0,1,1,0,0,0,0,1,0,0,0,0,1,0,0,1,1
3684,Blockchain,1,0,0,0,4,0,1,1,1,0,1,0,1,0,0,1,0,0,0,0,0,3,5,1,['Coinbase' 'Blockchain' 'Circle' 'Electrum'],Coinbase,0,0,1,0,1,0,0,0,0,0,0,1,0,1,0,0,0,1,1
3685,Blockchain,1,0,0,0,4,1,1,1,1,0,1,0,1,0,0,0,0,0,1,0,0,5,4,2,['Electrum' 'Blockchain' 'Circle' 'Coinbase'],Electrum,0,1,0,0,1,0,0,0,0,0,0,1,0,0,1,0,1,0,0
3686,Blockchain,1,0,0,0,3,1,0,0,1,1,0,0,0,0,1,0,0,0,0,1,0,2,4,3,['Blockchain' 'Circle' 'Coinbase' 'Electrum'],Blockchain,1,0,0,0,0,0,0,1,0,0,1,0,0,1,0,0,1,0,1
3687,Circle,0,0,1,1,3,0,0,0,1,1,1,0,1,1,0,1,0,0,1,1,0,2,2,2,['Circle' 'Blockchain' 'Electrum' 'Coinbase'],Circle,0,0,0,1,1,0,0,0,0,1,0,0,0,0,1,0,0,1,1
3688,Coinbase,0,0,1,1,2,1,1,1,1,0,1,0,1,1,1,1,1,1,0,0,1,2,1,4,['Coinbase' 'Circle' 'Blockchain' 'Electrum'],Coinbase,0,0,1,0,0,0,0,1,1,0,0,0,0,1,0,0,0,1,1
3689,Electrum,1,1,0,0,4,0,0,1,0,1,0,1,0,1,1,0,0,1,0,1,1,5,5,1,['Blockchain' 'Circle' 'Coinbase' 'Electrum'],Blockchain,1,0,0,0,0,0,0,1,0,0,1,0,0,1,0,0,1,0,1
3690,Blockchain,1,0,0,0,3,1,1,1,1,1,1,1,1,1,1,1,1,1,1,0,0,1,1,5,['Circle' 'Electrum' 'Blockchain' 'Coinbase'],Circle,0,0,0,1,0,1,0,0,1,0,0,0,0,0,1,0,0,1,1
3691,Electrum,1,1,0,0,3,0,0,1,0,0,1,0,0,0,0,0,1,1,0,1,1,3,3,4,['Blockchain' 'Electrum' 'Coinbase' 'Circle'],Blockchain,1,0,0,0,0,1,0,0,0,0,1,0,0,0,0,1,1,0,1
3692,Electrum,1,1,0,0,4,1,0,1,0,0,0,0,1,0,1,1,0,1,1,0,1,4,4,3,['Coinbase' 'Circle' 'Electrum' 'Blockchain'],Coinbase,0,0,1,0,0,0,0,1,0,1,0,0,1,0,0,0,0,1,1
3693,Circle,0,0,1,1,4,0,0,1,0,0,1,0,1,0,1,0,1,1,1,0,1,2,5,5,['Coinbase' 'Electrum' 'Circle' 'Blockchain'],Coinbase,0,0,1,0,0,1,0,0,0,0,0,1,1,0,0,0,0,1,1
3694,Electrum,1,1,0,0,4,0,0,0,1,1,1,0,0,1,1,1,1,0,1,1,0,4,4,4,['Circle' 'Coinbase' 'Electrum' 'Blockchain'],Circle,0,0,0,1,0,0,1,0,0,1,0,0,1,0,0,0,0,1,1
3695,Coinbase,0,0,1,1,4,0,1,1,1,0,0,1,1,1,1,0,1,1,1,0,0,5,2,2,['Coinbase' 'Blockchain' 'Electrum' 'Circle'],Coinbase,0,0,1,0,1,0,0,0,0,1,0,0,0,0,0,1,0,1,1
3696,Blockchain,1,0,0,0,3,1,0,1,0,0,0,1,0,0,1,1,1,1,1,1,0,2,3,5,['Blockchain' 'Coinbase' 'Circle' 'Electrum'],Blockchain,1,0,0,0,0,0,1,0,0,0,0,1,0,1,0,0,1,0,1
3697,Coinbase,0,0,1,1,3,0,0,1,0,0,0,1,1,0,0,1,1,0,0,1,0,5,1,4,['Circle' 'Electrum' 'Coinbase' 'Blockchain'],Circle,0,0,0,1,0,1,0,0,0,0,1,0,1,0,0,0,0,1,1
3698,Electrum,1,1,0,0,2,1,1,1,1,0,0,1,1,1,1,1,1,1,0,0,1,3,1,4,['Blockchain' 'Circle' 'Coinbase' 'Electrum'],Blockchain,1,0,0,0,0,0,0,1,0,0,1,0,0,1,0,0,1,0,1
3699,Electrum,1,1,0,0,1,1,1,0,0,1,1,0,0,1,1,0,0,1,0,1,1,4,2,5,['Coinbase' 'Electrum' 'Blockchain' 'Circle'],Coinbase,0,0,1,0,0,1,0,0,1,0,0,0,0,0,0,1,0,1,1
3700,Blockchain,1,0,0,0,3,0,1,1,0,0,1,0,1,1,1,1,0,0,0,1,1,2,4,2,['Electrum' 'Coinbase' 'Circle' 'Blockchain'],Electrum,0,1,0,0,0,0,1,0,0,0,0,1,1,0,0,0,1,0,0
3701,Coinbase,0,0,1,1,1,0,0,0,1,0,0,0,0,0,1,1,1,1,0,1,1,5,4,5,['Blockchain' 'Coinbase' 'Circle' 'Electrum'],Blockchain,1,0,0,0,0,0,1,0,0,0,0,1,0,1,0,0,1,0,1
3702,Electrum,1,1,0,0,1,0,0,1,0,1,1,1,0,0,1,0,1,0,0,0,0,4,2,4,['Circle' 'Coinbase' 'Electrum' 'Blockchain'],Circle,0,0,0,1,0,0,1,0,0,1,0,0,1,0,0,0,0,1,1
3703,Coinbase,0,0,1,1,3,0,1,1,0,1,1,0,0,1,0,0,1,1,1,0,1,5,2,4,['Coinbase' 'Circle' 'Blockchain' 'Electrum'],Coinbase,0,0,1,0,0,0,0,1,1,0,0,0,0,1,0,0,0,1,1
3704,Circle,0,0,1,1,4,0,0,0,1,0,0,0,0,0,1,0,0,0,0,1,1,2,3,4,['Blockchain' 'Electrum' 'Coinbase' 'Circle'],Blockchain,1,0,0,0,0,1,0,0,0,0,1,0,0,0,0,1,1,0,1
3705,Blockchain,1,0,0,0,4,1,0,0,1,0,0,1,1,1,1,0,0,0,0,1,0,1,5,4,['Circle' 'Electrum' 'Blockchain' 'Coinbase'],Circle,0,0,0,1,0,1,0,0,1,0,0,0,0,0,1,0,0,1,1
3706,Blockchain,1,0,0,0,4,1,1,1,1,0,1,1,1,1,0,0,0,0,0,0,1,1,1,4,['Blockchain' 'Electrum' 'Coinbase' 'Circle'],Blockchain,1,0,0,0,0,1,0,0,0,0,1,0,0,0,0,1,1,0,1
3707,Electrum,1,1,0,0,3,1,1,0,0,0,1,1,0,0,1,1,0,0,0,1,1,3,2,3,['Circle' 'Electrum' 'Coinbase' 'Blockchain'],Circle,0,0,0,1,0,1,0,0,0,0,1,0,1,0,0,0,0,1,1
3708,Electrum,1,1,0,0,3,0,1,1,1,0,0,0,1,1,0,0,0,0,1,1,0,3,4,5,['Electrum' 'Circle' 'Blockchain' 'Coinbase'],Electrum,0,1,0,0,0,0,0,1,1,0,0,0,0,0,1,0,1,0,0
3709,Coinbase,0,0,1,1,3,0,0,0,0,0,0,0,1,1,0,0,1,1,1,1,1,4,2,3,['Circle' 'Coinbase' 'Blockchain' 'Electrum'],Circle,0,0,0,1,0,0,1,0,1,0,0,0,0,1,0,0,0,1,1
3710,Blockchain,1,0,0,0,2,1,1,0,1,1,1,0,1,0,0,1,1,0,1,1,0,3,2,3,['Blockchain' 'Circle' 'Electrum' 'Coinbase'],Blockchain,1,0,0,0,0,0,0,1,0,1,0,0,0,0,1,0,1,0,1
3711,Blockchain,1,0,0,0,3,1,0,0,0,1,0,1,1,0,1,1,1,1,1,1,0,5,1,2,['Electrum' 'Blockchain' 'Circle' 'Coinbase'],Electrum,0,1,0,0,1,0,0,0,0,0,0,1,0,0,1,0,1,0,0
3712,Coinbase,0,0,1,1,1,0,1,0,0,0,1,1,1,0,1,0,0,0,0,1,0,4,3,1,['Electrum' 'Blockchain' 'Coinbase' 'Circle'],Electrum,0,1,0,0,1,0,0,0,0,0,1,0,0,0,0,1,1,0,0
3713,Coinbase,0,0,1,1,4,1,0,0,0,1,0,1,0,1,0,1,1,1,1,1,0,1,2,4,['Coinbase' 'Circle' 'Electrum' 'Blockchain'],Coinbase,0,0,1,0,0,0,0,1,0,1,0,0,1,0,0,0,0,1,1
3714,Blockchain,1,0,0,0,4,1,1,0,1,0,0,1,1,0,0,0,0,1,1,1,0,5,1,2,['Electrum' 'Circle' 'Coinbase' 'Blockchain'],Electrum,0,1,0,0,0,0,0,1,0,0,1,0,1,0,0,0,1,0,0
3715,Coinbase,0,0,1,1,3,1,1,1,1,1,0,0,1,1,1,0,0,1,0,1,0,5,3,1,['Circle' 'Blockchain' 'Electrum' 'Coinbase'],Circle,0,0,0,1,1,0,0,0,0,1,0,0,0,0,1,0,0,1,1
3716,Electrum,1,1,0,0,3,0,1,0,1,1,1,0,1,0,1,0,0,1,1,1,0,4,4,3,['Electrum' 'Coinbase' 'Circle' 'Blockchain'],Electrum,0,1,0,0,0,0,1,0,0,0,0,1,1,0,0,0,1,0,0
3717,Blockchain,1,0,0,0,1,1,1,0,1,1,1,1,0,0,0,0,1,0,1,0,0,1,4,4,['Circle' 'Coinbase' 'Blockchain' 'Electrum'],Circle,0,0,0,1,0,0,1,0,1,0,0,0,0,1,0,0,0,1,1
3718,Coinbase,0,0,1,1,2,1,1,1,1,0,1,1,1,1,0,1,1,1,1,0,1,4,3,5,['Circle' 'Electrum' 'Coinbase' 'Blockchain'],Circle,0,0,0,1,0,1,0,0,0,0,1,0,1,0,0,0,0,1,1
3719,Blockchain,1,0,0,0,2,1,1,0,1,0,0,0,1,1,1,0,1,1,1,1,1,4,3,3,['Coinbase' 'Electrum' 'Blockchain' 'Circle'],Coinbase,0,0,1,0,0,1,0,0,1,0,0,0,0,0,0,1,0,1,1
3720,Electrum,1,1,0,0,1,0,0,0,1,0,0,1,0,1,1,1,1,1,1,0,0,2,2,3,['Electrum' 'Coinbase' 'Circle' 'Blockchain'],Electrum,0,1,0,0,0,0,1,0,0,0,0,1,1,0,0,0,1,0,0
3721,Electrum,1,1,0,0,1,1,1,1,1,1,1,0,1,1,0,0,1,0,0,1,0,5,3,1,['Circle' 'Blockchain' 'Coinbase' 'Electrum'],Circle,0,0,0,1,1,0,0,0,0,0,1,0,0,1,0,0,0,1,1
3722,Blockchain,1,0,0,0,1,1,1,0,0,1,1,1,1,1,0,0,1,1,0,1,1,2,4,3,['Circle' 'Blockchain' 'Electrum' 'Coinbase'],Circle,0,0,0,1,1,0,0,0,0,1,0,0,0,0,1,0,0,1,1
3723,Blockchain,1,0,0,0,4,1,0,1,1,1,0,0,0,1,1,1,1,0,0,1,0,1,2,2,['Electrum' 'Blockchain' 'Coinbase' 'Circle'],Electrum,0,1,0,0,1,0,0,0,0,0,1,0,0,0,0,1,1,0,0
3724,Coinbase,0,0,1,1,3,1,0,1,0,1,0,1,1,1,1,0,0,0,0,1,1,2,2,5,['Circle' 'Electrum' 'Coinbase' 'Blockchain'],Circle,0,0,0,1,0,1,0,0,0,0,1,0,1,0,0,0,0,1,1
3725,Electrum,1,1,0,0,3,1,1,1,0,1,0,0,1,1,0,0,0,1,0,0,0,4,2,1,['Coinbase' 'Circle' 'Electrum' 'Blockchain'],Coinbase,0,0,1,0,0,0,0,1,0,1,0,0,1,0,0,0,0,1,1
3726,Coinbase,0,0,1,1,3,1,0,0,1,1,1,0,1,1,0,0,0,0,1,1,1,3,1,2,['Circle' 'Electrum' 'Coinbase' 'Blockchain'],Circle,0,0,0,1,0,1,0,0,0,0,1,0,1,0,0,0,0,1,1
3727,Circle,0,0,1,1,2,1,1,1,0,1,0,0,0,0,0,0,1,0,0,1,0,1,5,1,['Circle' 'Coinbase' 'Electrum' 'Blockchain'],Circle,0,0,0,1,0,0,1,0,0,1,0,0,1,0,0,0,0,1,1
3728,Electrum,1,1,0,0,2,1,0,1,1,1,1,0,1,1,0,1,1,0,0,1,0,2,3,1,['Coinbase' 'Electrum' 'Blockchain' 'Circle'],Coinbase,0,0,1,0,0,1,0,0,1,0,0,0,0,0,0,1,0,1,1
3729,Electrum,1,1,0,0,1,0,1,1,0,0,0,1,1,1,0,1,1,0,0,1,1,4,2,1,['Electrum' 'Coinbase' 'Circle' 'Blockchain'],Electrum,0,1,0,0,0,0,1,0,0,0,0,1,1,0,0,0,1,0,0
3730,Coinbase,0,0,1,1,4,1,1,1,0,0,0,0,0,1,1,0,1,1,1,1,0,5,4,1,['Circle' 'Electrum' 'Coinbase' 'Blockchain'],Circle,0,0,0,1,0,1,0,0,0,0,1,0,1,0,0,0,0,1,1
3731,Electrum,1,1,0,0,2,0,0,1,0,1,0,0,1,1,0,0,1,0,1,0,1,5,1,5,['Circle' 'Blockchain' 'Electrum' 'Coinbase'],Circle,0,0,0,1,1,0,0,0,0,1,0,0,0,0,1,0,0,1,1
3732,Electrum,1,1,0,0,1,0,0,0,0,0,1,0,1,0,0,1,0,1,1,0,1,3,2,2,['Coinbase' 'Electrum' 'Circle' 'Blockchain'],Coinbase,0,0,1,0,0,1,0,0,0,0,0,1,1,0,0,0,0,1,1
3733,Electrum,1,1,0,0,4,0,1,0,0,0,0,0,1,1,0,1,0,1,0,0,1,5,2,3,['Blockchain' 'Coinbase' 'Circle' 'Electrum'],Blockchain,1,0,0,0,0,0,1,0,0,0,0,1,0,1,0,0,1,0,1
3734,Electrum,1,1,0,0,4,0,0,0,1,0,1,0,1,1,1,1,0,0,1,1,0,3,4,5,['Electrum' 'Blockchain' 'Coinbase' 'Circle'],Electrum,0,1,0,0,1,0,0,0,0,0,1,0,0,0,0,1,1,0,0
3735,Blockchain,1,0,0,0,1,0,1,0,1,0,0,0,0,0,1,0,0,1,1,0,0,2,1,5,['Electrum' 'Circle' 'Blockchain' 'Coinbase'],Electrum,0,1,0,0,0,0,0,1,1,0,0,0,0,0,1,0,1,0,0
3736,Circle,0,0,1,1,3,1,1,0,0,1,0,0,1,1,1,1,0,1,0,1,1,4,3,4,['Circle' 'Blockchain' 'Electrum' 'Coinbase'],Circle,0,0,0,1,1,0,0,0,0,1,0,0,0,0,1,0,0,1,1
3737,Blockchain,1,0,0,0,4,0,0,0,0,1,1,1,1,1,1,1,1,0,1,1,0,5,1,5,['Electrum' 'Circle' 'Blockchain' 'Coinbase'],Electrum,0,1,0,0,0,0,0,1,1,0,0,0,0,0,1,0,1,0,0
3738,Blockchain,1,0,0,0,1,1,0,0,0,0,1,0,1,0,1,0,0,1,0,1,1,3,5,5,['Circle' 'Electrum' 'Blockchain' 'Coinbase'],Circle,0,0,0,1,0,1,0,0,1,0,0,0,0,0,1,0,0,1,1
3739,Electrum,1,1,0,0,4,1,1,1,0,1,1,0,1,1,1,1,0,0,1,0,0,2,4,2,['Circle' 'Electrum' 'Coinbase' 'Blockchain'],Circle,0,0,0,1,0,1,0,0,0,0,1,0,1,0,0,0,0,1,1
3740,Blockchain,1,0,0,0,4,0,0,0,1,0,0,1,1,0,1,0,0,0,0,0,1,2,1,3,['Circle' 'Electrum' 'Blockchain' 'Coinbase'],Circle,0,0,0,1,0,1,0,0,1,0,0,0,0,0,1,0,0,1,1
3741,Circle,0,0,1,1,4,1,0,1,1,0,1,1,1,1,0,1,1,0,0,0,1,3,2,1,['Circle' 'Blockchain' 'Electrum' 'Coinbase'],Circle,0,0,0,1,1,0,0,0,0,1,0,0,0,0,1,0,0,1,1
3742,Coinbase,0,0,1,1,2,1,0,1,1,1,1,1,0,0,0,1,0,0,1,0,0,3,1,2,['Electrum' 'Blockchain' 'Circle' 'Coinbase'],Electrum,0,1,0,0,1,0,0,0,0,0,0,1,0,0,1,0,1,0,0
3743,Coinbase,0,0,1,1,4,0,0,0,0,1,1,0,0,1,1,0,1,1,1,1,0,4,3,3,['Coinbase' 'Electrum' 'Blockchain' 'Circle'],Coinbase,0,0,1,0,0,1,0,0,1,0,0,0,0,0,0,1,0,1,1
3744,Coinbase,0,0,1,1,1,1,0,0,1,0,0,0,0,1,0,1,1,0,1,0,1,4,1,4,['Electrum' 'Circle' 'Coinbase' 'Blockchain'],Electrum,0,1,0,0,0,0,0,1,0,0,1,0,1,0,0,0,1,0,0
3745,Electrum,1,1,0,0,1,1,0,0,1,0,1,0,1,0,0,1,1,0,1,0,1,2,3,5,['Electrum' 'Circle' 'Coinbase' 'Blockchain'],Electrum,0,1,0,0,0,0,0,1,0,0,1,0,1,0,0,0,1,0,0
3746,Blockchain,1,0,0,0,2,1,1,0,1,0,1,1,0,0,0,0,1,0,1,1,1,3,2,4,['Coinbase' 'Circle' 'Electrum' 'Blockchain'],Coinbase,0,0,1,0,0,0,0,1,0,1,0,0,1,0,0,0,0,1,1
3747,Electrum,1,1,0,0,1,1,0,0,1,1,0,0,0,0,0,0,1,0,1,0,0,2,2,5,['Blockchain' 'Electrum' 'Coinbase' 'Circle'],Blockchain,1,0,0,0,0,1,0,0,0,0,1,0,0,0,0,1,1,0,1
3748,Electrum,1,1,0,0,4,1,1,0,1,1,0,1,0,1,0,0,0,1,1,1,0,4,4,1,['Blockchain' 'Coinbase' 'Electrum' 'Circle'],Blockchain,1,0,0,0,0,0,1,0,0,1,0,0,0,0,0,1,1,0,1
3749,Coinbase,0,0,1,1,1,1,1,0,0,1,0,1,1,1,1,1,0,1,1,0,0,5,3,2,['Circle' 'Blockchain' 'Coinbase' 'Electrum'],Circle,0,0,0,1,1,0,0,0,0,0,1,0,0,1,0,0,0,1,1
3750,Circle,0,0,1,1,4,1,0,0,1,1,1,0,0,0,1,1,0,1,1,0,1,3,3,4,['Circle' 'Coinbase' 'Blockchain' 'Electrum'],Circle,0,0,0,1,0,0,1,0,1,0,0,0,0,1,0,0,0,1,1
3751,Coinbase,0,0,1,1,3,1,1,1,1,1,0,0,1,0,1,0,0,1,0,1,1,1,2,5,['Electrum' 'Circle' 'Coinbase' 'Blockchain'],Electrum,0,1,0,0,0,0,0,1,0,0,1,0,1,0,0,0,1,0,0
3752,Electrum,1,1,0,0,3,0,0,0,0,1,1,0,1,0,1,0,1,1,1,0,1,3,1,2,['Electrum' 'Coinbase' 'Circle' 'Blockchain'],Electrum,0,1,0,0,0,0,1,0,0,0,0,1,1,0,0,0,1,0,0
3753,Blockchain,1,0,0,0,4,0,0,1,0,1,0,0,1,0,1,0,0,0,1,0,1,1,3,1,['Circle' 'Electrum' 'Blockchain' 'Coinbase'],Circle,0,0,0,1,0,1,0,0,1,0,0,0,0,0,1,0,0,1,1
3754,Circle,0,0,1,1,1,0,1,0,1,1,0,1,0,1,0,1,0,0,0,1,0,2,1,4,['Circle' 'Blockchain' 'Coinbase' 'Electrum'],Circle,0,0,0,1,1,0,0,0,0,0,1,0,0,1,0,0,0,1,1
3755,Electrum,1,1,0,0,3,1,0,1,0,0,1,1,0,0,1,0,0,0,0,1,1,4,3,2,['Coinbase' 'Circle' 'Blockchain' 'Electrum'],Coinbase,0,0,1,0,0,0,0,1,1,0,0,0,0,1,0,0,0,1,1
3756,Circle,0,0,1,1,4,0,1,1,1,1,1,1,0,1,1,0,1,0,0,1,0,3,4,4,['Electrum' 'Coinbase' 'Blockchain' 'Circle'],Electrum,0,1,0,0,0,0,1,0,1,0,0,0,0,0,0,1,1,0,0
3757,Blockchain,1,0,0,0,4,0,1,1,0,0,0,1,1,0,0,1,0,0,1,1,1,5,4,4,['Coinbase' 'Electrum' 'Circle' 'Blockchain'],Coinbase,0,0,1,0,0,1,0,0,0,0,0,1,1,0,0,0,0,1,1
3758,Blockchain,1,0,0,0,2,1,0,1,1,1,0,1,0,1,0,1,1,0,1,1,0,5,3,5,['Coinbase' 'Blockchain' 'Electrum' 'Circle'],Coinbase,0,0,1,0,1,0,0,0,0,1,0,0,0,0,0,1,0,1,1
3759,Coinbase,0,0,1,1,4,0,0,0,1,1,1,0,1,1,1,0,0,0,1,0,1,4,1,1,['Electrum' 'Circle' 'Coinbase' 'Blockchain'],Electrum,0,1,0,0,0,0,0,1,0,0,1,0,1,0,0,0,1,0,0
3760,Coinbase,0,0,1,1,2,1,0,1,0,0,0,0,1,1,1,1,0,1,0,1,1,3,3,2,['Coinbase' 'Electrum' 'Circle' 'Blockchain'],Coinbase,0,0,1,0,0,1,0,0,0,0,0,1,1,0,0,0,0,1,1
3761,Coinbase,0,0,1,1,1,0,1,0,0,1,1,1,1,0,1,0,0,1,0,0,0,4,1,1,['Blockchain' 'Electrum' 'Coinbase' 'Circle'],Blockchain,1,0,0,0,0,1,0,0,0,0,1,0,0,0,0,1,1,0,1
3762,Electrum,1,1,0,0,2,0,1,1,0,0,0,0,1,0,0,0,0,1,0,0,1,2,5,4,['Circle' 'Coinbase' 'Blockchain' 'Electrum'],Circle,0,0,0,1,0,0,1,0,1,0,0,0,0,1,0,0,0,1,1
3763,Electrum,1,1,0,0,3,0,1,1,1,1,1,1,0,0,0,1,0,0,0,0,0,3,4,2,['Circle' 'Coinbase' 'Electrum' 'Blockchain'],Circle,0,0,0,1,0,0,1,0,0,1,0,0,1,0,0,0,0,1,1
3764,Blockchain,1,0,0,0,2,0,0,1,0,1,1,1,0,1,0,0,0,0,1,0,1,3,2,1,['Electrum' 'Coinbase' 'Circle' 'Blockchain'],Electrum,0,1,0,0,0,0,1,0,0,0,0,1,1,0,0,0,1,0,0
3765,Blockchain,1,0,0,0,4,0,0,1,1,1,0,1,0,1,1,1,1,1,1,0,0,5,3,1,['Blockchain' 'Coinbase' 'Electrum' 'Circle'],Blockchain,1,0,0,0,0,0,1,0,0,1,0,0,0,0,0,1,1,0,1
3766,Coinbase,0,0,1,1,1,1,0,1,1,0,0,0,1,1,1,0,1,0,0,0,0,5,5,2,['Blockchain' 'Electrum' 'Circle' 'Coinbase'],Blockchain,1,0,0,0,0,1,0,0,0,0,0,1,0,0,1,0,1,0,1
3767,Electrum,1,1,0,0,1,1,1,0,0,0,1,0,1,1,1,1,0,1,1,0,0,2,1,3,['Blockchain' 'Electrum' 'Circle' 'Coinbase'],Blockchain,1,0,0,0,0,1,0,0,0,0,0,1,0,0,1,0,1,0,1
3768,Blockchain,1,0,0,0,4,1,1,0,1,0,0,0,1,0,1,0,1,0,1,0,0,4,1,3,['Coinbase' 'Blockchain' 'Circle' 'Electrum'],Coinbase,0,0,1,0,1,0,0,0,0,0,0,1,0,1,0,0,0,1,1
3769,Coinbase,0,0,1,1,4,1,0,1,0,1,0,1,1,1,1,1,1,0,0,1,1,1,4,5,['Blockchain' 'Electrum' 'Coinbase' 'Circle'],Blockchain,1,0,0,0,0,1,0,0,0,0,1,0,0,0,0,1,1,0,1
3770,Electrum,1,1,0,0,4,1,0,1,1,1,0,0,1,0,1,1,1,0,1,0,1,4,2,1,['Coinbase' 'Blockchain' 'Circle' 'Electrum'],Coinbase,0,0,1,0,1,0,0,0,0,0,0,1,0,1,0,0,0,1,1
3771,Electrum,1,1,0,0,1,0,0,1,1,1,0,0,1,1,0,1,1,1,1,1,1,1,2,2,['Blockchain' 'Circle' 'Electrum' 'Coinbase'],Blockchain,1,0,0,0,0,0,0,1,0,1,0,0,0,0,1,0,1,0,1
3772,Coinbase,0,0,1,1,3,1,0,0,1,0,1,0,1,1,0,1,1,1,1,0,0,2,4,5,['Electrum' 'Coinbase' 'Circle' 'Blockchain'],Electrum,0,1,0,0,0,0,1,0,0,0,0,1,1,0,0,0,1,0,0
3773,Circle,0,0,1,1,3,1,0,0,0,0,0,0,0,0,1,1,0,0,0,0,0,3,4,2,['Circle' 'Electrum' 'Coinbase' 'Blockchain'],Circle,0,0,0,1,0,1,0,0,0,0,1,0,1,0,0,0,0,1,1
3774,Electrum,1,1,0,0,1,0,0,0,1,0,1,0,1,1,0,1,1,0,1,1,1,3,5,5,['Electrum' 'Circle' 'Blockchain' 'Coinbase'],Electrum,0,1,0,0,0,0,0,1,1,0,0,0,0,0,1,0,1,0,0
3775,Circle,0,0,1,1,2,0,0,0,1,1,1,0,0,0,1,1,1,0,0,0,0,4,5,1,['Coinbase' 'Blockchain' 'Circle' 'Electrum'],Coinbase,0,0,1,0,1,0,0,0,0,0,0,1,0,1,0,0,0,1,1
3776,Blockchain,1,0,0,0,1,0,1,0,1,1,1,0,0,0,1,0,0,0,1,1,1,2,1,2,['Coinbase' 'Circle' 'Electrum' 'Blockchain'],Coinbase,0,0,1,0,0,0,0,1,0,1,0,0,1,0,0,0,0,1,1
3777,Circle,0,0,1,1,2,1,0,1,0,1,0,0,0,1,0,0,1,1,1,0,0,4,4,5,['Circle' 'Electrum' 'Blockchain' 'Coinbase'],Circle,0,0,0,1,0,1,0,0,1,0,0,0,0,0,1,0,0,1,1
3778,Circle,0,0,1,1,2,1,0,1,1,1,1,1,0,1,0,1,1,1,0,0,0,5,5,5,['Electrum' 'Blockchain' 'Coinbase' 'Circle'],Electrum,0,1,0,0,1,0,0,0,0,0,1,0,0,0,0,1,1,0,0
3779,Blockchain,1,0,0,0,4,0,1,0,0,1,1,0,1,0,1,1,0,0,0,1,1,2,2,5,['Electrum' 'Coinbase' 'Circle' 'Blockchain'],Electrum,0,1,0,0,0,0,1,0,0,0,0,1,1,0,0,0,1,0,0
3780,Blockchain,1,0,0,0,2,1,0,0,0,0,0,1,0,0,0,0,0,0,1,0,0,5,3,2,['Circle' 'Blockchain' 'Electrum' 'Coinbase'],Circle,0,0,0,1,1,0,0,0,0,1,0,0,0,0,1,0,0,1,1
3781,Electrum,1,1,0,0,4,0,1,0,1,0,1,0,0,0,0,0,1,0,1,0,0,3,4,2,['Electrum' 'Circle' 'Coinbase' 'Blockchain'],Electrum,0,1,0,0,0,0,0,1,0,0,1,0,1,0,0,0,1,0,0
3782,Circle,0,0,1,1,4,0,1,0,0,1,0,1,0,0,0,1,0,0,0,0,1,3,5,4,['Circle' 'Blockchain' 'Electrum' 'Coinbase'],Circle,0,0,0,1,1,0,0,0,0,1,0,0,0,0,1,0,0,1,1
3783,Electrum,1,1,0,0,4,0,0,0,0,0,1,1,0,0,0,1,0,0,1,1,0,4,1,3,['Electrum' 'Circle' 'Coinbase' 'Blockchain'],Electrum,0,1,0,0,0,0,0,1,0,0,1,0,1,0,0,0,1,0,0
3784,Electrum,1,1,0,0,4,1,0,0,0,0,1,0,1,0,1,1,0,1,0,0,1,4,2,4,['Electrum' 'Circle' 'Coinbase' 'Blockchain'],Electrum,0,1,0,0,0,0,0,1,0,0,1,0,1,0,0,0,1,0,0
3785,Electrum,1,1,0,0,3,0,0,1,1,0,0,0,0,0,0,0,0,0,0,1,1,4,2,5,['Electrum' 'Blockchain' 'Circle' 'Coinbase'],Electrum,0,1,0,0,1,0,0,0,0,0,0,1,0,0,1,0,1,0,0
3786,Circle,0,0,1,1,1,1,1,0,0,0,1,1,1,1,0,1,1,1,0,0,0,2,1,4,['Coinbase' 'Circle' 'Blockchain' 'Electrum'],Coinbase,0,0,1,0,0,0,0,1,1,0,0,0,0,1,0,0,0,1,1
3787,Blockchain,1,0,0,0,1,1,1,0,0,1,1,0,0,0,0,0,0,0,1,1,0,4,2,2,['Blockchain' 'Circle' 'Electrum' 'Coinbase'],Blockchain,1,0,0,0,0,0,0,1,0,1,0,0,0,0,1,0,1,0,1
3788,Electrum,1,1,0,0,3,1,1,0,0,1,0,1,1,1,1,0,0,1,0,0,0,5,5,4,['Coinbase' 'Electrum' 'Blockchain' 'Circle'],Coinbase,0,0,1,0,0,1,0,0,1,0,0,0,0,0,0,1,0,1,1
3789,Blockchain,1,0,0,0,1,1,0,0,1,0,0,1,1,0,1,1,1,0,0,0,1,2,1,4,['Circle' 'Blockchain' 'Coinbase' 'Electrum'],Circle,0,0,0,1,1,0,0,0,0,0,1,0,0,1,0,0,0,1,1
3790,Coinbase,0,0,1,1,1,0,1,1,1,1,1,1,1,0,0,1,1,1,0,1,0,4,4,5,['Circle' 'Blockchain' 'Electrum' 'Coinbase'],Circle,0,0,0,1,1,0,0,0,0,1,0,0,0,0,1,0,0,1,1
3791,Circle,0,0,1,1,3,0,1,0,0,0,0,0,1,1,1,1,1,0,0,1,1,1,1,5,['Blockchain' 'Circle' 'Electrum' 'Coinbase'],Blockchain,1,0,0,0,0,0,0,1,0,1,0,0,0,0,1,0,1,0,1
3792,Coinbase,0,0,1,1,3,1,1,0,1,1,0,1,0,0,1,1,0,0,0,0,0,2,2,5,['Electrum' 'Circle' 'Coinbase' 'Blockchain'],Electrum,0,1,0,0,0,0,0,1,0,0,1,0,1,0,0,0,1,0,0
3793,Electrum,1,1,0,0,2,1,0,0,1,0,0,1,1,1,0,0,1,0,0,1,0,1,1,1,['Coinbase' 'Blockchain' 'Electrum' 'Circle'],Coinbase,0,0,1,0,1,0,0,0,0,1,0,0,0,0,0,1,0,1,1
3794,Circle,0,0,1,1,2,1,0,0,1,1,0,1,0,0,0,1,0,1,0,0,0,3,5,3,['Circle' 'Electrum' 'Coinbase' 'Blockchain'],Circle,0,0,0,1,0,1,0,0,0,0,1,0,1,0,0,0,0,1,1
3795,Circle,0,0,1,1,1,0,1,1,1,1,0,1,1,0,0,0,1,0,1,0,0,2,3,5,['Electrum' 'Blockchain' 'Coinbase' 'Circle'],Electrum,0,1,0,0,1,0,0,0,0,0,1,0,0,0,0,1,1,0,0
3796,Circle,0,0,1,1,2,0,0,0,1,1,1,1,1,1,0,0,0,1,0,0,1,4,2,5,['Blockchain' 'Coinbase' 'Electrum' 'Circle'],Blockchain,1,0,0,0,0,0,1,0,0,1,0,0,0,0,0,1,1,0,1
3797,Circle,0,0,1,1,4,1,0,1,0,0,0,0,1,0,0,0,1,1,0,1,0,3,2,5,['Circle' 'Blockchain' 'Electrum' 'Coinbase'],Circle,0,0,0,1,1,0,0,0,0,1,0,0,0,0,1,0,0,1,1
3798,Blockchain,1,0,0,0,3,1,0,0,1,0,0,0,0,0,0,0,1,1,1,1,1,4,5,3,['Electrum' 'Circle' 'Coinbase' 'Blockchain'],Electrum,0,1,0,0,0,0,0,1,0,0,1,0,1,0,0,0,1,0,0
3799,Blockchain,1,0,0,0,3,0,0,1,0,1,1,0,1,1,1,0,0,0,0,0,1,5,1,2,['Blockchain' 'Coinbase' 'Electrum' 'Circle'],Blockchain,1,0,0,0,0,0,1,0,0,1,0,0,0,0,0,1,1,0,1
3800,Coinbase,0,0,1,1,4,1,0,0,1,0,0,1,1,0,1,0,0,1,1,1,0,3,1,2,['Circle' 'Blockchain' 'Coinbase' 'Electrum'],Circle,0,0,0,1,1,0,0,0,0,0,1,0,0,1,0,0,0,1,1
3801,Circle,0,0,1,1,4,1,1,0,1,1,0,1,1,1,0,0,0,0,1,0,0,4,2,3,['Coinbase' 'Electrum' 'Circle' 'Blockchain'],Coinbase,0,0,1,0,0,1,0,0,0,0,0,1,1,0,0,0,0,1,1
3802,Blockchain,1,0,0,0,3,0,0,1,0,0,1,1,1,1,0,0,0,0,0,0,0,4,4,4,['Circle' 'Coinbase' 'Blockchain' 'Electrum'],Circle,0,0,0,1,0,0,1,0,1,0,0,0,0,1,0,0,0,1,1
3803,Coinbase,0,0,1,1,3,1,0,1,1,0,1,0,1,0,0,1,0,0,0,1,1,5,5,4,['Coinbase' 'Blockchain' 'Circle' 'Electrum'],Coinbase,0,0,1,0,1,0,0,0,0,0,0,1,0,1,0,0,0,1,1
3804,Circle,0,0,1,1,1,1,0,0,0,1,1,0,0,1,0,1,1,0,0,0,0,3,1,1,['Blockchain' 'Coinbase' 'Electrum' 'Circle'],Blockchain,1,0,0,0,0,0,1,0,0,1,0,0,0,0,0,1,1,0,1
3805,Coinbase,0,0,1,1,3,1,0,1,0,1,0,1,1,0,0,1,1,0,1,0,1,4,4,5,['Coinbase' 'Circle' 'Electrum' 'Blockchain'],Coinbase,0,0,1,0,0,0,0,1,0,1,0,0,1,0,0,0,0,1,1
3806,Coinbase,0,0,1,1,4,0,0,0,0,1,0,1,1,1,1,1,0,0,1,0,0,1,3,1,['Circle' 'Coinbase' 'Electrum' 'Blockchain'],Circle,0,0,0,1,0,0,1,0,0,1,0,0,1,0,0,0,0,1,1
3807,Coinbase,0,0,1,1,3,0,1,1,0,0,1,1,1,0,0,0,1,1,1,1,0,5,1,5,['Electrum' 'Blockchain' 'Coinbase' 'Circle'],Electrum,0,1,0,0,1,0,0,0,0,0,1,0,0,0,0,1,1,0,0
3808,Coinbase,0,0,1,1,2,1,0,1,0,1,1,0,0,1,0,0,1,0,0,0,1,1,3,3,['Electrum' 'Blockchain' 'Coinbase' 'Circle'],Electrum,0,1,0,0,1,0,0,0,0,0,1,0,0,0,0,1,1,0,0
3809,Circle,0,0,1,1,3,1,0,0,1,0,1,1,1,1,0,1,1,0,0,1,0,4,5,5,['Electrum' 'Blockchain' 'Coinbase' 'Circle'],Electrum,0,1,0,0,1,0,0,0,0,0,1,0,0,0,0,1,1,0,0
3810,Circle,0,0,1,1,4,0,1,0,1,1,1,0,0,1,1,0,1,1,0,0,1,2,2,4,['Blockchain' 'Circle' 'Coinbase' 'Electrum'],Blockchain,1,0,0,0,0,0,0,1,0,0,1,0,0,1,0,0,1,0,1
3811,Coinbase,0,0,1,1,1,1,0,0,1,0,0,1,0,1,1,0,0,0,1,0,1,3,1,3,['Electrum' 'Coinbase' 'Blockchain' 'Circle'],Electrum,0,1,0,0,0,0,1,0,1,0,0,0,0,0,0,1,1,0,0
3812,Circle,0,0,1,1,2,0,0,0,1,1,0,0,0,0,0,0,0,1,0,1,1,3,5,4,['Blockchain' 'Electrum' 'Circle' 'Coinbase'],Blockchain,1,0,0,0,0,1,0,0,0,0,0,1,0,0,1,0,1,0,1
3813,Electrum,1,1,0,0,2,1,1,0,0,1,1,0,1,0,1,0,1,0,1,1,0,4,4,5,['Coinbase' 'Blockchain' 'Circle' 'Electrum'],Coinbase,0,0,1,0,1,0,0,0,0,0,0,1,0,1,0,0,0,1,1
3814,Blockchain,1,0,0,0,4,1,0,0,0,1,0,1,1,0,1,0,1,0,1,0,0,2,1,5,['Coinbase' 'Electrum' 'Circle' 'Blockchain'],Coinbase,0,0,1,0,0,1,0,0,0,0,0,1,1,0,0,0,0,1,1
3815,Blockchain,1,0,0,0,1,0,1,0,1,1,1,1,1,1,1,1,0,0,0,1,1,3,4,5,['Circle' 'Blockchain' 'Coinbase' 'Electrum'],Circle,0,0,0,1,1,0,0,0,0,0,1,0,0,1,0,0,0,1,1
3816,Blockchain,1,0,0,0,4,1,1,0,0,1,1,0,1,1,0,1,1,0,0,0,0,2,1,3,['Circle' 'Coinbase' 'Blockchain' 'Electrum'],Circle,0,0,0,1,0,0,1,0,1,0,0,0,0,1,0,0,0,1,1
3817,Electrum,1,1,0,0,4,0,0,1,1,1,1,0,1,1,0,1,1,1,1,1,1,5,5,3,['Electrum' 'Coinbase' 'Circle' 'Blockchain'],Electrum,0,1,0,0,0,0,1,0,0,0,0,1,1,0,0,0,1,0,0
3818,Coinbase,0,0,1,1,2,0,1,1,1,1,0,1,0,1,0,1,1,0,1,1,0,2,4,4,['Circle' 'Coinbase' 'Blockchain' 'Electrum'],Circle,0,0,0,1,0,0,1,0,1,0,0,0,0,1,0,0,0,1,1
3819,Electrum,1,1,0,0,1,1,1,1,0,0,0,0,0,1,1,0,1,1,0,0,0,4,5,5,['Circle' 'Electrum' 'Blockchain' 'Coinbase'],Circle,0,0,0,1,0,1,0,0,1,0,0,0,0,0,1,0,0,1,1
3820,Blockchain,1,0,0,0,3,0,0,1,1,1,0,1,0,0,0,0,0,0,0,0,0,5,5,2,['Electrum' 'Coinbase' 'Blockchain' 'Circle'],Electrum,0,1,0,0,0,0,1,0,1,0,0,0,0,0,0,1,1,0,0
3821,Electrum,1,1,0,0,2,0,0,0,1,1,1,0,1,0,1,0,0,0,0,1,1,1,3,1,['Coinbase' 'Circle' 'Blockchain' 'Electrum'],Coinbase,0,0,1,0,0,0,0,1,1,0,0,0,0,1,0,0,0,1,1
3822,Circle,0,0,1,1,4,0,1,0,1,0,1,0,0,1,1,1,1,1,1,0,1,1,4,2,['Coinbase' 'Circle' 'Electrum' 'Blockchain'],Coinbase,0,0,1,0,0,0,0,1,0,1,0,0,1,0,0,0,0,1,1
3823,Coinbase,0,0,1,1,3,0,1,1,1,0,0,1,1,0,0,1,1,0,1,1,1,4,2,4,['Circle' 'Coinbase' 'Electrum' 'Blockchain'],Circle,0,0,0,1,0,0,1,0,0,1,0,0,1,0,0,0,0,1,1
3824,Coinbase,0,0,1,1,3,0,1,1,0,1,1,1,0,1,1,0,1,0,1,0,1,4,2,2,['Coinbase' 'Electrum' 'Blockchain' 'Circle'],Coinbase,0,0,1,0,0,1,0,0,1,0,0,0,0,0,0,1,0,1,1
3825,Coinbase,0,0,1,1,2,1,1,0,0,1,0,0,1,0,0,0,0,1,1,1,1,1,3,1,['Coinbase' 'Electrum' 'Blockchain' 'Circle'],Coinbase,0,0,1,0,0,1,0,0,1,0,0,0,0,0,0,1,0,1,1
3826,Circle,0,0,1,1,3,1,0,0,0,0,1,1,1,0,0,1,1,0,0,0,1,1,1,4,['Circle' 'Electrum' 'Blockchain' 'Coinbase'],Circle,0,0,0,1,0,1,0,0,1,0,0,0,0,0,1,0,0,1,1
3827,Electrum,1,1,0,0,3,1,1,0,0,1,0,0,0,1,1,0,1,0,1,0,0,5,4,2,['Electrum' 'Coinbase' 'Blockchain' 'Circle'],Electrum,0,1,0,0,0,0,1,0,1,0,0,0,0,0,0,1,1,0,0
3828,Coinbase,0,0,1,1,1,1,0,0,1,1,0,0,0,0,1,1,0,0,0,0,1,5,5,4,['Electrum' 'Coinbase' 'Circle' 'Blockchain'],Electrum,0,1,0,0,0,0,1,0,0,0,0,1,1,0,0,0,1,0,0
3829,Blockchain,1,0,0,0,4,0,1,1,1,0,1,0,0,0,1,0,0,1,0,1,0,3,5,1,['Electrum' 'Circle' 'Blockchain' 'Coinbase'],Electrum,0,1,0,0,0,0,0,1,1,0,0,0,0,0,1,0,1,0,0
3830,Electrum,1,1,0,0,3,1,1,1,1,0,1,1,1,1,1,0,1,1,1,0,0,3,4,4,['Blockchain' 'Coinbase' 'Electrum' 'Circle'],Blockchain,1,0,0,0,0,0,1,0,0,1,0,0,0,0,0,1,1,0,1
3831,Coinbase,0,0,1,1,2,0,0,1,1,0,1,1,0,1,0,1,1,0,1,1,1,2,5,4,['Electrum' 'Coinbase' 'Circle' 'Blockchain'],Electrum,0,1,0,0,0,0,1,0,0,0,0,1,1,0,0,0,1,0,0
3832,Coinbase,0,0,1,1,2,0,0,0,1,0,1,0,0,0,0,1,1,1,0,0,1,1,2,2,['Electrum' 'Coinbase' 'Circle' 'Blockchain'],Electrum,0,1,0,0,0,0,1,0,0,0,0,1,1,0,0,0,1,0,0
3833,Electrum,1,1,0,0,3,1,0,0,1,1,1,0,0,0,1,0,0,0,1,0,1,4,2,2,['Electrum' 'Circle' 'Coinbase' 'Blockchain'],Electrum,0,1,0,0,0,0,0,1,0,0,1,0,1,0,0,0,1,0,0
3834,Blockchain,1,0,0,0,1,0,0,0,0,1,0,0,1,0,1,0,1,1,1,1,1,4,4,5,['Circle' 'Blockchain' 'Coinbase' 'Electrum'],Circle,0,0,0,1,1,0,0,0,0,0,1,0,0,1,0,0,0,1,1
3835,Coinbase,0,0,1,1,1,0,0,0,0,1,1,0,0,1,1,1,0,1,1,1,0,5,3,2,['Blockchain' 'Coinbase' 'Circle' 'Electrum'],Blockchain,1,0,0,0,0,0,1,0,0,0,0,1,0,1,0,0,1,0,1
3836,Circle,0,0,1,1,2,1,1,0,0,1,0,1,0,0,1,0,1,0,1,0,0,3,4,5,['Blockchain' 'Coinbase' 'Circle' 'Electrum'],Blockchain,1,0,0,0,0,0,1,0,0,0,0,1,0,1,0,0,1,0,1
3837,Coinbase,0,0,1,1,3,0,1,0,0,1,0,0,1,1,1,1,1,0,0,1,0,5,5,5,['Circle' 'Blockchain' 'Electrum' 'Coinbase'],Circle,0,0,0,1,1,0,0,0,0,1,0,0,0,0,1,0,0,1,1
3838,Blockchain,1,0,0,0,1,1,1,0,0,1,0,1,0,1,1,1,1,0,0,0,1,1,2,3,['Electrum' 'Circle' 'Blockchain' 'Coinbase'],Electrum,0,1,0,0,0,0,0,1,1,0,0,0,0,0,1,0,1,0,0
3839,Coinbase,0,0,1,1,2,1,0,1,1,1,1,0,1,1,0,1,1,1,0,1,0,2,2,4,['Electrum' 'Circle' 'Coinbase' 'Blockchain'],Electrum,0,1,0,0,0,0,0,1,0,0,1,0,1,0,0,0,1,0,0
3840,Blockchain,1,0,0,0,1,0,1,0,0,0,0,0,0,0,0,0,0,1,0,1,0,5,4,4,['Blockchain' 'Circle' 'Electrum' 'Coinbase'],Blockchain,1,0,0,0,0,0,0,1,0,1,0,0,0,0,1,0,1,0,1
3841,Circle,0,0,1,1,4,1,0,0,0,0,0,0,1,0,0,0,1,1,0,1,0,2,5,3,['Circle' 'Electrum' 'Coinbase' 'Blockchain'],Circle,0,0,0,1,0,1,0,0,0,0,1,0,1,0,0,0,0,1,1
3842,Electrum,1,1,0,0,3,1,1,1,0,1,0,1,0,1,0,1,1,0,0,0,1,2,3,2,['Electrum' 'Circle' 'Blockchain' 'Coinbase'],Electrum,0,1,0,0,0,0,0,1,1,0,0,0,0,0,1,0,1,0,0
3843,Electrum,1,1,0,0,2,0,1,1,0,1,0,1,1,0,1,1,0,0,0,1,1,1,2,3,['Circle' 'Blockchain' 'Electrum' 'Coinbase'],Circle,0,0,0,1,1,0,0,0,0,1,0,0,0,0,1,0,0,1,1
3844,Electrum,1,1,0,0,1,1,0,0,0,1,0,0,1,0,1,0,0,1,0,0,0,4,4,4,['Circle' 'Electrum' 'Coinbase' 'Blockchain'],Circle,0,0,0,1,0,1,0,0,0,0,1,0,1,0,0,0,0,1,1
3845,Blockchain,1,0,0,0,3,1,0,0,0,0,1,1,1,1,0,0,1,0,0,1,1,3,2,5,['Electrum' 'Blockchain' 'Coinbase' 'Circle'],Electrum,0,1,0,0,1,0,0,0,0,0,1,0,0,0,0,1,1,0,0
3846,Electrum,1,1,0,0,2,0,0,0,1,0,1,1,1,1,0,0,1,0,0,1,1,5,4,4,['Blockchain' 'Coinbase' 'Circle' 'Electrum'],Blockchain,1,0,0,0,0,0,1,0,0,0,0,1,0,1,0,0,1,0,1
3847,Blockchain,1,0,0,0,4,1,0,1,0,1,1,1,1,1,0,1,1,0,0,1,0,4,2,4,['Coinbase' 'Circle' 'Blockchain' 'Electrum'],Coinbase,0,0,1,0,0,0,0,1,1,0,0,0,0,1,0,0,0,1,1
3848,Coinbase,0,0,1,1,2,0,1,1,1,0,1,1,0,0,0,1,0,1,0,0,0,4,3,4,['Circle' 'Blockchain' 'Coinbase' 'Electrum'],Circle,0,0,0,1,1,0,0,0,0,0,1,0,0,1,0,0,0,1,1
3849,Coinbase,0,0,1,1,3,0,0,0,0,1,0,1,0,0,1,1,1,0,1,1,1,5,1,2,['Coinbase' 'Electrum' 'Blockchain' 'Circle'],Coinbase,0,0,1,0,0,1,0,0,1,0,0,0,0,0,0,1,0,1,1
3850,Blockchain,1,0,0,0,2,0,0,1,0,0,0,0,1,1,0,0,1,0,0,1,0,1,3,3,['Blockchain' 'Electrum' 'Circle' 'Coinbase'],Blockchain,1,0,0,0,0,1,0,0,0,0,0,1,0,0,1,0,1,0,1
3851,Electrum,1,1,0,0,2,1,1,0,1,1,1,0,1,0,0,1,0,0,0,0,1,1,2,1,['Electrum' 'Circle' 'Blockchain' 'Coinbase'],Electrum,0,1,0,0,0,0,0,1,1,0,0,0,0,0,1,0,1,0,0
3852,Coinbase,0,0,1,1,2,1,0,0,1,0,0,0,1,1,1,0,1,1,1,0,0,4,5,1,['Electrum' 'Blockchain' 'Coinbase' 'Circle'],Electrum,0,1,0,0,1,0,0,0,0,0,1,0,0,0,0,1,1,0,0
3853,Circle,0,0,1,1,3,1,0,0,1,1,0,0,1,1,0,0,1,0,1,1,1,3,2,1,['Electrum' 'Coinbase' 'Circle' 'Blockchain'],Electrum,0,1,0,0,0,0,1,0,0,0,0,1,1,0,0,0,1,0,0
3854,Coinbase,0,0,1,1,3,1,0,1,1,1,1,1,0,1,0,0,1,0,1,0,1,1,3,1,['Coinbase' 'Circle' 'Blockchain' 'Electrum'],Coinbase,0,0,1,0,0,0,0,1,1,0,0,0,0,1,0,0,0,1,1
3855,Electrum,1,1,0,0,4,0,1,1,1,0,1,1,1,1,1,1,1,0,1,1,1,5,1,4,['Coinbase' 'Blockchain' 'Circle' 'Electrum'],Coinbase,0,0,1,0,1,0,0,0,0,0,0,1,0,1,0,0,0,1,1
3856,Electrum,1,1,0,0,4,0,0,1,0,0,1,1,0,0,0,1,1,1,1,0,0,4,4,2,['Blockchain' 'Circle' 'Coinbase' 'Electrum'],Blockchain,1,0,0,0,0,0,0,1,0,0,1,0,0,1,0,0,1,0,1
3857,Circle,0,0,1,1,4,0,0,0,0,1,0,0,1,0,0,0,0,0,1,0,1,5,2,2,['Electrum' 'Circle' 'Blockchain' 'Coinbase'],Electrum,0,1,0,0,0,0,0,1,1,0,0,0,0,0,1,0,1,0,0
3858,Circle,0,0,1,1,4,0,0,0,0,0,1,0,1,0,0,0,1,1,1,1,0,3,5,2,['Coinbase' 'Circle' 'Blockchain' 'Electrum'],Coinbase,0,0,1,0,0,0,0,1,1,0,0,0,0,1,0,0,0,1,1
3859,Blockchain,1,0,0,0,4,0,1,0,1,1,0,1,1,1,1,0,1,0,0,1,0,2,5,1,['Blockchain' 'Circle' 'Coinbase' 'Electrum'],Blockchain,1,0,0,0,0,0,0,1,0,0,1,0,0,1,0,0,1,0,1
3860,Blockchain,1,0,0,0,2,0,0,0,0,1,0,1,0,0,1,0,1,0,0,1,1,4,4,5,['Circle' 'Electrum' 'Coinbase' 'Blockchain'],Circle,0,0,0,1,0,1,0,0,0,0,1,0,1,0,0,0,0,1,1
3861,Blockchain,1,0,0,0,3,0,0,0,0,1,0,1,0,1,0,0,1,0,0,1,1,1,3,2,['Coinbase' 'Blockchain' 'Circle' 'Electrum'],Coinbase,0,0,1,0,1,0,0,0,0,0,0,1,0,1,0,0,0,1,1
3862,Coinbase,0,0,1,1,4,0,1,1,0,0,1,0,1,0,0,0,1,0,1,0,1,4,1,3,['Blockchain' 'Electrum' 'Circle' 'Coinbase'],Blockchain,1,0,0,0,0,1,0,0,0,0,0,1,0,0,1,0,1,0,1
3863,Electrum,1,1,0,0,1,1,0,0,0,1,1,0,0,1,1,0,1,1,0,1,0,2,5,2,['Blockchain' 'Circle' 'Coinbase' 'Electrum'],Blockchain,1,0,0,0,0,0,0,1,0,0,1,0,0,1,0,0,1,0,1
3864,Electrum,1,1,0,0,4,1,1,1,1,1,0,0,0,1,0,0,1,1,1,1,0,3,5,3,['Electrum' 'Blockchain' 'Coinbase' 'Circle'],Electrum,0,1,0,0,1,0,0,0,0,0,1,0,0,0,0,1,1,0,0
3865,Electrum,1,1,0,0,4,1,1,1,1,0,0,0,0,0,0,0,0,0,1,1,0,5,1,5,['Blockchain' 'Circle' 'Electrum' 'Coinbase'],Blockchain,1,0,0,0,0,0,0,1,0,1,0,0,0,0,1,0,1,0,1
3866,Blockchain,1,0,0,0,1,1,1,0,0,1,1,1,0,0,1,0,0,1,1,0,0,5,2,3,['Blockchain' 'Electrum' 'Coinbase' 'Circle'],Blockchain,1,0,0,0,0,1,0,0,0,0,1,0,0,0,0,1,1,0,1
3867,Coinbase,0,0,1,1,4,1,1,0,0,1,1,1,1,0,1,0,0,1,1,1,0,3,4,3,['Blockchain' 'Circle' 'Coinbase' 'Electrum'],Blockchain,1,0,0,0,0,0,0,1,0,0,1,0,0,1,0,0,1,0,1
3868,Blockchain,1,0,0,0,2,1,1,1,1,1,1,0,0,0,0,1,1,0,0,0,0,4,4,4,['Coinbase' 'Blockchain' 'Circle' 'Electrum'],Coinbase,0,0,1,0,1,0,0,0,0,0,0,1,0,1,0,0,0,1,1
3869,Blockchain,1,0,0,0,1,0,1,0,1,1,1,1,1,1,1,1,0,0,1,1,0,1,4,4,['Coinbase' 'Blockchain' 'Electrum' 'Circle'],Coinbase,0,0,1,0,1,0,0,0,0,1,0,0,0,0,0,1,0,1,1
3870,Circle,0,0,1,1,2,1,1,0,0,1,1,1,0,0,1,0,1,1,0,1,1,2,5,4,['Circle' 'Coinbase' 'Blockchain' 'Electrum'],Circle,0,0,0,1,0,0,1,0,1,0,0,0,0,1,0,0,0,1,1
3871,Electrum,1,1,0,0,4,1,1,1,0,0,0,1,0,0,1,1,0,1,1,0,0,4,4,2,['Electrum' 'Coinbase' 'Circle' 'Blockchain'],Electrum,0,1,0,0,0,0,1,0,0,0,0,1,1,0,0,0,1,0,0
3872,Electrum,1,1,0,0,4,0,1,1,0,1,1,0,0,1,0,0,0,0,0,1,0,5,4,2,['Electrum' 'Coinbase' 'Circle' 'Blockchain'],Electrum,0,1,0,0,0,0,1,0,0,0,0,1,1,0,0,0,1,0,0
3873,Blockchain,1,0,0,0,3,0,1,0,0,0,1,0,0,1,1,1,0,1,1,0,0,1,4,2,['Coinbase' 'Blockchain' 'Circle' 'Electrum'],Coinbase,0,0,1,0,1,0,0,0,0,0,0,1,0,1,0,0,0,1,1
3874,Electrum,1,1,0,0,3,0,0,0,0,0,0,0,1,1,1,1,1,1,0,1,1,1,5,1,['Blockchain' 'Electrum' 'Circle' 'Coinbase'],Blockchain,1,0,0,0,0,1,0,0,0,0,0,1,0,0,1,0,1,0,1
3875,Circle,0,0,1,1,2,1,1,0,0,0,1,1,0,1,1,1,0,1,0,0,1,3,2,4,['Coinbase' 'Electrum' 'Blockchain' 'Circle'],Coinbase,0,0,1,0,0,1,0,0,1,0,0,0,0,0,0,1,0,1,1
3876,Electrum,1,1,0,0,1,0,0,0,0,0,0,1,1,1,0,1,0,1,0,0,0,3,2,3,['Circle' 'Electrum' 'Blockchain' 'Coinbase'],Circle,0,0,0,1,0,1,0,0,1,0,0,0,0,0,1,0,0,1,1
3877,Circle,0,0,1,1,3,1,1,0,1,0,0,1,0,1,1,0,0,1,0,1,0,5,5,5,['Coinbase' 'Blockchain' 'Circle' 'Electrum'],Coinbase,0,0,1,0,1,0,0,0,0,0,0,1,0,1,0,0,0,1,1
3878,Coinbase,0,0,1,1,3,0,0,1,0,1,1,0,0,0,1,1,0,0,1,1,1,4,1,1,['Blockchain' 'Coinbase' 'Circle' 'Electrum'],Blockchain,1,0,0,0,0,0,1,0,0,0,0,1,0,1,0,0,1,0,1
3879,Coinbase,0,0,1,1,4,0,1,1,1,0,1,1,1,1,1,0,0,0,1,0,1,2,3,1,['Electrum' 'Blockchain' 'Coinbase' 'Circle'],Electrum,0,1,0,0,1,0,0,0,0,0,1,0,0,0,0,1,1,0,0
3880,Blockchain,1,0,0,0,1,1,0,1,1,0,1,1,0,0,0,1,0,1,1,0,1,3,2,2,['Blockchain' 'Circle' 'Coinbase' 'Electrum'],Blockchain,1,0,0,0,0,0,0,1,0,0,1,0,0,1,0,0,1,0,1
3881,Blockchain,1,0,0,0,3,1,0,0,1,0,1,0,0,1,0,1,1,0,1,0,0,4,2,5,['Circle' 'Electrum' 'Blockchain' 'Coinbase'],Circle,0,0,0,1,0,1,0,0,1,0,0,0,0,0,1,0,0,1,1
3882,Electrum,1,1,0,0,3,1,1,0,0,0,1,1,1,0,0,1,1,0,0,1,1,4,4,1,['Electrum' 'Circle' 'Coinbase' 'Blockchain'],Electrum,0,1,0,0,0,0,0,1,0,0,1,0,1,0,0,0,1,0,0
3883,Blockchain,1,0,0,0,2,0,1,1,1,1,0,1,1,0,1,0,0,0,1,0,1,4,4,2,['Circle' 'Coinbase' 'Electrum' 'Blockchain'],Circle,0,0,0,1,0,0,1,0,0,1,0,0,1,0,0,0,0,1,1
3884,Circle,0,0,1,1,1,0,0,1,1,0,1,1,1,0,1,0,0,0,0,0,1,3,3,4,['Circle' 'Coinbase' 'Blockchain' 'Electrum'],Circle,0,0,0,1,0,0,1,0,1,0,0,0,0,1,0,0,0,1,1
3885,Circle,0,0,1,1,3,1,1,1,1,1,0,1,0,0,0,0,1,0,0,0,1,5,3,1,['Circle' 'Electrum' 'Coinbase' 'Blockchain'],Circle,0,0,0,1,0,1,0,0,0,0,1,0,1,0,0,0,0,1,1
3886,Coinbase,0,0,1,1,2,1,1,1,1,1,1,0,0,0,1,0,0,0,0,0,0,3,3,4,['Circle' 'Electrum' 'Coinbase' 'Blockchain'],Circle,0,0,0,1,0,1,0,0,0,0,1,0,1,0,0,0,0,1,1
3887,Electrum,1,1,0,0,4,1,1,0,1,0,0,0,1,0,1,1,1,1,0,1,0,5,2,4,['Circle' 'Coinbase' 'Blockchain' 'Electrum'],Circle,0,0,0,1,0,0,1,0,1,0,0,0,0,1,0,0,0,1,1
3888,Circle,0,0,1,1,2,1,0,1,1,0,1,1,0,0,0,0,0,0,0,0,0,2,5,3,['Coinbase' 'Circle' 'Blockchain' 'Electrum'],Coinbase,0,0,1,0,0,0,0,1,1,0,0,0,0,1,0,0,0,1,1
3889,Circle,0,0,1,1,3,0,1,0,1,0,0,1,0,1,0,0,0,1,1,1,1,4,4,3,['Electrum' 'Blockchain' 'Circle' 'Coinbase'],Electrum,0,1,0,0,1,0,0,0,0,0,0,1,0,0,1,0,1,0,0
3890,Blockchain,1,0,0,0,4,0,0,1,1,0,0,0,0,0,0,0,0,1,1,0,0,2,4,1,['Circle' 'Electrum' 'Blockchain' 'Coinbase'],Circle,0,0,0,1,0,1,0,0,1,0,0,0,0,0,1,0,0,1,1
3891,Electrum,1,1,0,0,1,1,1,0,0,1,1,0,1,1,1,1,0,1,1,0,1,5,5,1,['Coinbase' 'Electrum' 'Circle' 'Blockchain'],Coinbase,0,0,1,0,0,1,0,0,0,0,0,1,1,0,0,0,0,1,1
3892,Coinbase,0,0,1,1,4,1,1,1,1,1,1,1,1,1,0,0,1,0,0,1,0,4,1,5,['Electrum' 'Coinbase' 'Blockchain' 'Circle'],Electrum,0,1,0,0,0,0,1,0,1,0,0,0,0,0,0,1,1,0,0
3893,Coinbase,0,0,1,1,1,1,0,0,1,1,1,1,1,1,1,0,1,1,0,1,0,2,5,2,['Electrum' 'Blockchain' 'Circle' 'Coinbase'],Electrum,0,1,0,0,1,0,0,0,0,0,0,1,0,0,1,0,1,0,0
3894,Electrum,1,1,0,0,4,0,0,1,0,0,1,0,1,0,0,1,1,0,1,1,0,5,2,5,['Circle' 'Blockchain' 'Electrum' 'Coinbase'],Circle,0,0,0,1,1,0,0,0,0,1,0,0,0,0,1,0,0,1,1
3895,Coinbase,0,0,1,1,3,1,1,1,0,0,0,0,0,1,1,0,1,1,0,0,0,3,4,3,['Electrum' 'Coinbase' 'Circle' 'Blockchain'],Electrum,0,1,0,0,0,0,1,0,0,0,0,1,1,0,0,0,1,0,0
3896,Electrum,1,1,0,0,4,0,1,0,1,0,1,1,1,0,1,0,0,1,0,0,1,2,5,3,['Blockchain' 'Circle' 'Electrum' 'Coinbase'],Blockchain,1,0,0,0,0,0,0,1,0,1,0,0,0,0,1,0,1,0,1
3897,Electrum,1,1,0,0,1,0,0,1,1,0,0,0,0,1,1,0,0,1,1,1,0,5,3,4,['Electrum' 'Circle' 'Coinbase' 'Blockchain'],Electrum,0,1,0,0,0,0,0,1,0,0,1,0,1,0,0,0,1,0,0
3898,Electrum,1,1,0,0,3,1,1,1,0,0,0,0,0,0,0,1,0,0,0,0,0,1,1,5,['Blockchain' 'Electrum' 'Coinbase' 'Circle'],Blockchain,1,0,0,0,0,1,0,0,0,0,1,0,0,0,0,1,1,0,1
3899,Circle,0,0,1,1,4,0,1,1,0,1,1,0,1,0,0,1,0,0,1,0,1,4,1,3,['Coinbase' 'Blockchain' 'Circle' 'Electrum'],Coinbase,0,0,1,0,1,0,0,0,0,0,0,1,0,1,0,0,0,1,1
3900,Electrum,1,1,0,0,2,0,0,0,1,0,0,1,0,0,0,1,1,1,0,0,0,4,2,1,['Blockchain' 'Coinbase' 'Electrum' 'Circle'],Blockchain,1,0,0,0,0,0,1,0,0,1,0,0,0,0,0,1,1,0,1
3901,Blockchain,1,0,0,0,4,0,0,1,1,1,1,0,1,0,1,0,0,1,0,0,0,5,1,5,['Blockchain' 'Coinbase' 'Circle' 'Electrum'],Blockchain,1,0,0,0,0,0,1,0,0,0,0,1,0,1,0,0,1,0,1
3902,Blockchain,1,0,0,0,4,1,0,0,0,1,0,1,1,1,0,0,1,1,0,0,1,2,1,5,['Blockchain' 'Electrum' 'Circle' 'Coinbase'],Blockchain,1,0,0,0,0,1,0,0,0,0,0,1,0,0,1,0,1,0,1
3903,Blockchain,1,0,0,0,1,1,1,0,0,1,0,1,1,1,0,1,0,1,0,1,0,2,4,4,['Blockchain' 'Electrum' 'Circle' 'Coinbase'],Blockchain,1,0,0,0,0,1,0,0,0,0,0,1,0,0,1,0,1,0,1
3904,Coinbase,0,0,1,1,1,0,1,1,1,0,0,0,1,0,0,0,0,1,1,0,0,4,1,2,['Circle' 'Coinbase' 'Electrum' 'Blockchain'],Circle,0,0,0,1,0,0,1,0,0,1,0,0,1,0,0,0,0,1,1
3905,Coinbase,0,0,1,1,3,0,0,1,0,1,0,1,0,0,0,1,0,1,1,0,1,4,1,2,['Coinbase' 'Blockchain' 'Circle' 'Electrum'],Coinbase,0,0,1,0,1,0,0,0,0,0,0,1,0,1,0,0,0,1,1
3906,Blockchain,1,0,0,0,4,1,1,1,0,1,0,0,0,0,1,1,1,0,1,1,1,3,4,2,['Coinbase' 'Circle' 'Blockchain' 'Electrum'],Coinbase,0,0,1,0,0,0,0,1,1,0,0,0,0,1,0,0,0,1,1
3907,Coinbase,0,0,1,1,1,1,1,1,1,1,0,0,1,0,1,1,0,1,0,1,0,4,4,4,['Coinbase' 'Blockchain' 'Electrum' 'Circle'],Coinbase,0,0,1,0,1,0,0,0,0,1,0,0,0,0,0,1,0,1,1
3908,Coinbase,0,0,1,1,1,1,1,0,1,1,1,0,1,0,1,1,1,0,1,1,1,4,1,5,['Blockchain' 'Circle' 'Coinbase' 'Electrum'],Blockchain,1,0,0,0,0,0,0,1,0,0,1,0,0,1,0,0,1,0,1
3909,Coinbase,0,0,1,1,4,0,1,1,1,0,0,0,1,0,1,1,1,1,1,0,0,1,3,5,['Electrum' 'Coinbase' 'Circle' 'Blockchain'],Electrum,0,1,0,0,0,0,1,0,0,0,0,1,1,0,0,0,1,0,0
3910,Circle,0,0,1,1,1,0,0,0,0,0,0,1,0,1,0,1,1,0,0,0,0,5,4,5,['Electrum' 'Coinbase' 'Blockchain' 'Circle'],Electrum,0,1,0,0,0,0,1,0,1,0,0,0,0,0,0,1,1,0,0
3911,Circle,0,0,1,1,2,0,0,0,0,1,0,0,0,1,0,0,0,0,0,0,0,5,5,3,['Coinbase' 'Circle' 'Electrum' 'Blockchain'],Coinbase,0,0,1,0,0,0,0,1,0,1,0,0,1,0,0,0,0,1,1
3912,Electrum,1,1,0,0,3,1,1,0,1,1,1,1,1,1,1,1,1,0,0,1,1,3,5,3,['Blockchain' 'Circle' 'Coinbase' 'Electrum'],Blockchain,1,0,0,0,0,0,0,1,0,0,1,0,0,1,0,0,1,0,1
3913,Blockchain,1,0,0,0,1,1,0,0,0,1,1,1,0,0,1,1,0,0,0,0,0,3,1,3,['Electrum' 'Blockchain' 'Circle' 'Coinbase'],Electrum,0,1,0,0,1,0,0,0,0,0,0,1,0,0,1,0,1,0,0
3914,Coinbase,0,0,1,1,2,0,1,1,1,0,1,1,1,1,0,0,0,1,0,0,0,5,3,2,['Blockchain' 'Electrum' 'Coinbase' 'Circle'],Blockchain,1,0,0,0,0,1,0,0,0,0,1,0,0,0,0,1,1,0,1
3915,Electrum,1,1,0,0,1,0,0,0,1,0,0,0,1,1,1,1,0,1,0,0,0,4,5,4,['Electrum' 'Circle' 'Blockchain' 'Coinbase'],Electrum,0,1,0,0,0,0,0,1,1,0,0,0,0,0,1,0,1,0,0
3916,Coinbase,0,0,1,1,1,1,1,1,0,0,0,1,1,1,0,1,1,0,1,1,1,5,4,1,['Electrum' 'Circle' 'Blockchain' 'Coinbase'],Electrum,0,1,0,0,0,0,0,1,1,0,0,0,0,0,1,0,1,0,0
3917,Coinbase,0,0,1,1,4,1,0,1,1,1,0,0,0,1,0,0,0,0,1,0,0,5,3,2,['Blockchain' 'Circle' 'Electrum' 'Coinbase'],Blockchain,1,0,0,0,0,0,0,1,0,1,0,0,0,0,1,0,1,0,1
3918,Blockchain,1,0,0,0,1,0,1,1,0,1,1,1,1,0,1,0,1,1,1,1,0,4,1,3,['Coinbase' 'Blockchain' 'Electrum' 'Circle'],Coinbase,0,0,1,0,1,0,0,0,0,1,0,0,0,0,0,1,0,1,1
3919,Blockchain,1,0,0,0,4,1,0,0,0,1,1,1,0,0,0,1,1,1,0,1,1,3,2,5,['Blockchain' 'Coinbase' 'Circle' 'Electrum'],Blockchain,1,0,0,0,0,0,1,0,0,0,0,1,0,1,0,0,1,0,1
3920,Blockchain,1,0,0,0,2,0,1,0,0,1,0,0,1,1,0,0,1,1,1,1,1,4,5,5,['Electrum' 'Circle' 'Coinbase' 'Blockchain'],Electrum,0,1,0,0,0,0,0,1,0,0,1,0,1,0,0,0,1,0,0
3921,Coinbase,0,0,1,1,2,1,0,0,0,0,1,0,1,0,1,0,1,1,0,1,1,2,2,3,['Circle' 'Coinbase' 'Blockchain' 'Electrum'],Circle,0,0,0,1,0,0,1,0,1,0,0,0,0,1,0,0,0,1,1
3922,Electrum,1,1,0,0,2,1,0,0,0,1,1,1,1,1,1,1,0,1,1,0,0,2,3,4,['Coinbase' 'Electrum' 'Circle' 'Blockchain'],Coinbase,0,0,1,0,0,1,0,0,0,0,0,1,1,0,0,0,0,1,1
3923,Blockchain,1,0,0,0,3,1,1,0,1,0,0,0,1,1,0,0,1,0,1,1,0,4,4,4,['Coinbase' 'Blockchain' 'Circle' 'Electrum'],Coinbase,0,0,1,0,1,0,0,0,0,0,0,1,0,1,0,0,0,1,1
3924,Blockchain,1,0,0,0,2,0,1,1,0,1,0,0,0,0,0,0,0,1,1,0,1,4,2,4,['Circle' 'Coinbase' 'Electrum' 'Blockchain'],Circle,0,0,0,1,0,0,1,0,0,1,0,0,1,0,0,0,0,1,1
3925,Coinbase,0,0,1,1,2,0,1,1,1,1,0,1,0,1,1,1,1,1,1,0,1,3,2,3,['Circle' 'Coinbase' 'Electrum' 'Blockchain'],Circle,0,0,0,1,0,0,1,0,0,1,0,0,1,0,0,0,0,1,1
3926,Electrum,1,1,0,0,3,1,0,1,0,0,1,0,1,1,0,1,0,0,1,0,1,4,3,2,['Circle' 'Electrum' 'Blockchain' 'Coinbase'],Circle,0,0,0,1,0,1,0,0,1,0,0,0,0,0,1,0,0,1,1
3927,Blockchain,1,0,0,0,4,1,1,0,0,0,1,1,0,1,0,1,1,0,1,0,1,3,1,4,['Circle' 'Electrum' 'Blockchain' 'Coinbase'],Circle,0,0,0,1,0,1,0,0,1,0,0,0,0,0,1,0,0,1,1
3928,Circle,0,0,1,1,3,0,1,1,0,1,1,0,1,0,0,0,1,0,0,1,0,2,5,1,['Circle' 'Coinbase' 'Electrum' 'Blockchain'],Circle,0,0,0,1,0,0,1,0,0,1,0,0,1,0,0,0,0,1,1
3929,Blockchain,1,0,0,0,2,1,0,1,0,1,0,1,1,1,1,0,1,0,1,1,0,4,5,5,['Electrum' 'Blockchain' 'Coinbase' 'Circle'],Electrum,0,1,0,0,1,0,0,0,0,0,1,0,0,0,0,1,1,0,0
3930,Electrum,1,1,0,0,3,0,0,0,0,1,0,1,1,1,0,1,1,1,0,1,0,5,5,1,['Coinbase' 'Electrum' 'Circle' 'Blockchain'],Coinbase,0,0,1,0,0,1,0,0,0,0,0,1,1,0,0,0,0,1,1
3931,Circle,0,0,1,1,1,0,1,1,1,0,1,0,0,1,1,0,1,1,1,1,1,4,3,1,['Circle' 'Electrum' 'Blockchain' 'Coinbase'],Circle,0,0,0,1,0,1,0,0,1,0,0,0,0,0,1,0,0,1,1
3932,Circle,0,0,1,1,3,1,0,1,1,0,1,1,0,1,1,1,0,1,1,0,1,1,1,3,['Electrum' 'Circle' 'Blockchain' 'Coinbase'],Electrum,0,1,0,0,0,0,0,1,1,0,0,0,0,0,1,0,1,0,0
3933,Coinbase,0,0,1,1,2,0,0,0,1,1,0,1,0,1,1,1,1,0,0,0,1,4,2,1,['Coinbase' 'Electrum' 'Circle' 'Blockchain'],Coinbase,0,0,1,0,0,1,0,0,0,0,0,1,1,0,0,0,0,1,1
3934,Electrum,1,1,0,0,1,0,0,0,0,1,0,0,1,1,0,1,0,0,1,0,0,2,3,4,['Electrum' 'Coinbase' 'Blockchain' 'Circle'],Electrum,0,1,0,0,0,0,1,0,1,0,0,0,0,0,0,1,1,0,0
3935,Blockchain,1,0,0,0,3,1,1,1,1,1,1,0,0,0,0,0,0,0,0,0,1,4,5,3,['Circle' 'Electrum' 'Coinbase' 'Blockchain'],Circle,0,0,0,1,0,1,0,0,0,0,1,0,1,0,0,0,0,1,1
3936,Electrum,1,1,0,0,3,1,1,0,0,1,1,1,1,1,0,0,0,0,1,0,0,2,5,1,['Blockchain' 'Electrum' 'Coinbase' 'Circle'],Blockchain,1,0,0,0,0,1,0,0,0,0,1,0,0,0,0,1,1,0,1
3937,Blockchain,1,0,0,0,2,0,0,0,0,0,0,1,0,1,0,0,0,1,1,1,0,3,4,5,['Blockchain' 'Electrum' 'Coinbase' 'Circle'],Blockchain,1,0,0,0,0,1,0,0,0,0,1,0,0,0,0,1,1,0,1
3938,Circle,0,0,1,1,1,0,1,1,0,1,0,1,1,0,0,0,1,0,0,0,1,5,2,4,['Blockchain' 'Circle' 'Electrum' 'Coinbase'],Blockchain,1,0,0,0,0,0,0,1,0,1,0,0,0,0,1,0,1,0,1
3939,Coinbase,0,0,1,1,4,0,1,1,0,1,0,1,0,0,1,0,1,1,1,0,1,3,2,1,['Coinbase' 'Electrum' 'Circle' 'Blockchain'],Coinbase,0,0,1,0,0,1,0,0,0,0,0,1,1,0,0,0,0,1,1
3940,Electrum,1,1,0,0,3,1,1,0,0,0,0,1,1,0,1,0,0,0,1,1,0,4,1,1,['Blockchain' 'Circle' 'Coinbase' 'Electrum'],Blockchain,1,0,0,0,0,0,0,1,0,0,1,0,0,1,0,0,1,0,1
3941,Coinbase,0,0,1,1,4,0,1,1,1,1,1,1,1,1,0,0,1,1,1,0,1,1,5,2,['Blockchain' 'Circle' 'Electrum' 'Coinbase'],Blockchain,1,0,0,0,0,0,0,1,0,1,0,0,0,0,1,0,1,0,1
3942,Coinbase,0,0,1,1,1,0,0,0,1,1,0,1,1,0,0,1,1,0,1,1,1,5,3,4,['Blockchain' 'Electrum' 'Coinbase' 'Circle'],Blockchain,1,0,0,0,0,1,0,0,0,0,1,0,0,0,0,1,1,0,1
3943,Electrum,1,1,0,0,1,1,1,0,0,0,1,1,1,1,0,1,1,0,0,1,1,4,2,1,['Electrum' 'Circle' 'Blockchain' 'Coinbase'],Electrum,0,1,0,0,0,0,0,1,1,0,0,0,0,0,1,0,1,0,0
3944,Blockchain,1,0,0,0,2,1,1,1,0,1,0,1,1,0,1,0,1,1,1,1,1,3,1,1,['Electrum' 'Blockchain' 'Circle' 'Coinbase'],Electrum,0,1,0,0,1,0,0,0,0,0,0,1,0,0,1,0,1,0,0
3945,Circle,0,0,1,1,4,1,1,0,1,1,1,1,1,1,0,1,0,1,0,0,0,3,3,4,['Electrum' 'Coinbase' 'Circle' 'Blockchain'],Electrum,0,1,0,0,0,0,1,0,0,0,0,1,1,0,0,0,1,0,0
3946,Blockchain,1,0,0,0,3,0,1,0,1,0,1,0,0,0,1,1,1,1,0,1,1,4,5,4,['Blockchain' 'Electrum' 'Circle' 'Coinbase'],Blockchain,1,0,0,0,0,1,0,0,0,0,0,1,0,0,1,0,1,0,1
3947,Blockchain,1,0,0,0,3,1,1,1,0,1,0,0,1,0,1,1,1,0,1,1,1,3,4,1,['Circle' 'Electrum' 'Blockchain' 'Coinbase'],Circle,0,0,0,1,0,1,0,0,1,0,0,0,0,0,1,0,0,1,1
3948,Blockchain,1,0,0,0,3,1,0,1,0,0,0,0,1,1,1,0,1,1,1,1,0,2,5,2,['Blockchain' 'Coinbase' 'Electrum' 'Circle'],Blockchain,1,0,0,0,0,0,1,0,0,1,0,0,0,0,0,1,1,0,1
3949,Electrum,1,1,0,0,1,0,1,0,0,1,0,1,1,1,0,1,1,1,1,1,0,2,5,3,['Coinbase' 'Circle' 'Blockchain' 'Electrum'],Coinbase,0,0,1,0,0,0,0,1,1,0,0,0,0,1,0,0,0,1,1
3950,Blockchain,1,0,0,0,2,0,0,0,0,1,1,0,1,1,0,1,0,0,0,1,1,3,5,2,['Electrum' 'Circle' 'Blockchain' 'Coinbase'],Electrum,0,1,0,0,0,0,0,1,1,0,0,0,0,0,1,0,1,0,0
3951,Electrum,1,1,0,0,2,1,0,1,0,0,0,0,1,0,0,0,0,1,0,0,1,2,4,2,['Coinbase' 'Electrum' 'Circle' 'Blockchain'],Coinbase,0,0,1,0,0,1,0,0,0,0,0,1,1,0,0,0,0,1,1
3952,Blockchain,1,0,0,0,2,1,0,1,1,0,1,0,1,1,0,1,0,0,0,0,1,1,4,1,['Blockchain' 'Coinbase' 'Circle' 'Electrum'],Blockchain,1,0,0,0,0,0,1,0,0,0,0,1,0,1,0,0,1,0,1
3953,Blockchain,1,0,0,0,4,0,1,1,1,1,0,1,0,0,1,0,1,0,0,1,0,5,3,5,['Coinbase' 'Blockchain' 'Electrum' 'Circle'],Coinbase,0,0,1,0,1,0,0,0,0,1,0,0,0,0,0,1,0,1,1
3954,Coinbase,0,0,1,1,1,0,1,0,1,0,0,1,1,0,1,0,0,1,1,0,1,3,5,1,['Coinbase' 'Blockchain' 'Circle' 'Electrum'],Coinbase,0,0,1,0,1,0,0,0,0,0,0,1,0,1,0,0,0,1,1
3955,Coinbase,0,0,1,1,3,1,1,0,1,1,1,0,0,0,0,0,0,1,0,0,0,3,5,3,['Circle' 'Coinbase' 'Blockchain' 'Electrum'],Circle,0,0,0,1,0,0,1,0,1,0,0,0,0,1,0,0,0,1,1
3956,Electrum,1,1,0,0,2,0,1,0,1,1,1,0,0,1,1,1,1,1,0,1,0,2,5,2,['Blockchain' 'Electrum' 'Circle' 'Coinbase'],Blockchain,1,0,0,0,0,1,0,0,0,0,0,1,0,0,1,0,1,0,1
3957,Electrum,1,1,0,0,4,0,0,0,1,0,0,0,1,1,0,0,0,0,0,1,0,3,3,3,['Coinbase' 'Blockchain' 'Electrum' 'Circle'],Coinbase,0,0,1,0,1,0,0,0,0,1,0,0,0,0,0,1,0,1,1
3958,Coinbase,0,0,1,1,3,0,1,0,1,0,1,1,1,0,1,1,1,0,1,0,0,4,5,2,['Electrum' 'Coinbase' 'Blockchain' 'Circle'],Electrum,0,1,0,0,0,0,1,0,1,0,0,0,0,0,0,1,1,0,0
3959,Blockchain,1,0,0,0,3,0,0,0,1,1,0,1,0,1,1,0,1,1,1,1,1,4,3,1,['Circle' 'Electrum' 'Coinbase' 'Blockchain'],Circle,0,0,0,1,0,1,0,0,0,0,1,0,1,0,0,0,0,1,1
3960,Blockchain,1,0,0,0,1,1,1,1,0,1,1,0,1,0,1,1,0,0,1,0,0,1,4,3,['Coinbase' 'Blockchain' 'Circle' 'Electrum'],Coinbase,0,0,1,0,1,0,0,0,0,0,0,1,0,1,0,0,0,1,1
3961,Electrum,1,1,0,0,1,1,0,1,1,0,1,0,0,1,1,0,0,1,1,1,1,5,5,1,['Electrum' 'Blockchain' 'Circle' 'Coinbase'],Electrum,0,1,0,0,1,0,0,0,0,0,0,1,0,0,1,0,1,0,0
3962,Electrum,1,1,0,0,4,0,1,1,0,0,1,0,1,1,1,1,0,1,0,1,0,1,2,1,['Circle' 'Blockchain' 'Electrum' 'Coinbase'],Circle,0,0,0,1,1,0,0,0,0,1,0,0,0,0,1,0,0,1,1
3963,Coinbase,0,0,1,1,3,0,0,0,1,1,1,0,1,0,1,0,1,0,0,0,1,5,4,2,['Coinbase' 'Electrum' 'Circle' 'Blockchain'],Coinbase,0,0,1,0,0,1,0,0,0,0,0,1,1,0,0,0,0,1,1
3964,Blockchain,1,0,0,0,1,0,0,1,1,0,0,0,0,0,1,0,1,1,0,1,0,3,2,1,['Electrum' 'Circle' 'Coinbase' 'Blockchain'],Electrum,0,1,0,0,0,0,0,1,0,0,1,0,1,0,0,0,1,0,0
3965,Coinbase,0,0,1,1,1,1,0,0,0,0,1,0,1,1,1,0,1,0,0,1,0,1,2,4,['Circle' 'Electrum' 'Blockchain' 'Coinbase'],Circle,0,0,0,1,0,1,0,0,1,0,0,0,0,0,1,0,0,1,1
3966,Electrum,1,1,0,0,1,0,1,0,0,0,1,0,0,1,0,0,0,0,1,0,1,4,1,1,['Coinbase' 'Blockchain' 'Electrum' 'Circle'],Coinbase,0,0,1,0,1,0,0,0,0,1,0,0,0,0,0,1,0,1,1
3967,Coinbase,0,0,1,1,1,1,0,0,1,1,1,1,0,0,1,1,0,0,0,1,1,3,1,2,['Blockchain' 'Coinbase' 'Circle' 'Electrum'],Blockchain,1,0,0,0,0,0,1,0,0,0,0,1,0,1,0,0,1,0,1
3968,Coinbase,0,0,1,1,2,1,0,0,1,0,1,1,1,0,1,0,0,0,1,0,1,3,5,4,['Electrum' 'Circle' 'Blockchain' 'Coinbase'],Electrum,0,1,0,0,0,0,0,1,1,0,0,0,0,0,1,0,1,0,0
3969,Blockchain,1,0,0,0,1,1,1,0,1,0,0,0,1,0,0,1,1,0,0,0,1,5,2,5,['Blockchain' 'Electrum' 'Circle' 'Coinbase'],Blockchain,1,0,0,0,0,1,0,0,0,0,0,1,0,0,1,0,1,0,1
3970,Blockchain,1,0,0,0,3,1,1,0,0,1,0,1,1,1,1,0,1,0,1,0,0,4,2,2,['Blockchain' 'Circle' 'Coinbase' 'Electrum'],Blockchain,1,0,0,0,0,0,0,1,0,0,1,0,0,1,0,0,1,0,1
3971,Circle,0,0,1,1,3,0,1,0,1,0,0,0,1,0,1,0,0,1,1,1,1,3,2,5,['Circle' 'Coinbase' 'Electrum' 'Blockchain'],Circle,0,0,0,1,0,0,1,0,0,1,0,0,1,0,0,0,0,1,1
3972,Blockchain,1,0,0,0,4,1,0,1,1,0,1,0,0,0,1,1,0,0,0,1,0,4,1,2,['Coinbase' 'Blockchain' 'Circle' 'Electrum'],Coinbase,0,0,1,0,1,0,0,0,0,0,0,1,0,1,0,0,0,1,1
3973,Electrum,1,1,0,0,2,1,1,0,0,0,1,0,1,0,0,1,1,0,0,0,0,4,4,1,['Electrum' 'Blockchain' 'Coinbase' 'Circle'],Electrum,0,1,0,0,1,0,0,0,0,0,1,0,0,0,0,1,1,0,0
3974,Circle,0,0,1,1,2,1,0,0,0,0,1,0,1,0,1,0,1,0,0,0,0,2,2,4,['Electrum' 'Circle' 'Coinbase' 'Blockchain'],Electrum,0,1,0,0,0,0,0,1,0,0,1,0,1,0,0,0,1,0,0
3975,Electrum,1,1,0,0,3,0,0,1,1,0,1,1,0,0,1,0,0,0,0,0,0,5,2,2,['Circle' 'Blockchain' 'Coinbase' 'Electrum'],Circle,0,0,0,1,1,0,0,0,0,0,1,0,0,1,0,0,0,1,1
3976,Coinbase,0,0,1,1,1,0,1,1,1,0,1,1,0,0,1,0,1,0,0,1,1,3,4,5,['Coinbase' 'Electrum' 'Circle' 'Blockchain'],Coinbase,0,0,1,0,0,1,0,0,0,0,0,1,1,0,0,0,0,1,1
3977,Blockchain,1,0,0,0,2,0,0,0,0,0,0,0,0,0,1,0,0,1,0,0,1,3,3,5,['Blockchain' 'Coinbase' 'Electrum' 'Circle'],Blockchain,1,0,0,0,0,0,1,0,0,1,0,0,0,0,0,1,1,0,1
3978,Coinbase,0,0,1,1,1,1,1,1,0,1,0,1,0,1,0,0,1,1,0,1,1,3,3,4,['Circle' 'Electrum' 'Coinbase' 'Blockchain'],Circle,0,0,0,1,0,1,0,0,0,0,1,0,1,0,0,0,0,1,1
3979,Blockchain,1,0,0,0,3,1,1,0,0,0,1,0,0,0,1,1,0,1,0,1,1,3,1,2,['Electrum' 'Circle' 'Blockchain' 'Coinbase'],Electrum,0,1,0,0,0,0,0,1,1,0,0,0,0,0,1,0,1,0,0
3980,Blockchain,1,0,0,0,1,1,1,1,0,0,1,1,1,1,1,1,1,1,0,0,0,4,1,3,['Electrum' 'Circle' 'Coinbase' 'Blockchain'],Electrum,0,1,0,0,0,0,0,1,0,0,1,0,1,0,0,0,1,0,0
3981,Coinbase,0,0,1,1,4,1,1,0,1,1,1,0,1,0,0,0,1,0,0,1,0,2,4,3,['Electrum' 'Blockchain' 'Circle' 'Coinbase'],Electrum,0,1,0,0,1,0,0,0,0,0,0,1,0,0,1,0,1,0,0
3982,Circle,0,0,1,1,2,1,1,0,0,1,1,1,1,0,1,1,1,1,0,0,0,3,4,3,['Electrum' 'Blockchain' 'Circle' 'Coinbase'],Electrum,0,1,0,0,1,0,0,0,0,0,0,1,0,0,1,0,1,0,0
3983,Coinbase,0,0,1,1,1,0,0,1,0,0,0,0,1,0,1,1,1,0,1,1,1,3,5,3,['Blockchain' 'Circle' 'Electrum' 'Coinbase'],Blockchain,1,0,0,0,0,0,0,1,0,1,0,0,0,0,1,0,1,0,1
3984,Circle,0,0,1,1,2,1,1,1,0,0,1,1,1,1,1,1,0,1,0,1,0,5,2,3,['Coinbase' 'Blockchain' 'Circle' 'Electrum'],Coinbase,0,0,1,0,1,0,0,0,0,0,0,1,0,1,0,0,0,1,1
3985,Circle,0,0,1,1,2,1,0,1,0,1,0,0,1,1,1,0,0,0,1,0,1,4,3,1,['Circle' 'Coinbase' 'Electrum' 'Blockchain'],Circle,0,0,0,1,0,0,1,0,0,1,0,0,1,0,0,0,0,1,1
3986,Coinbase,0,0,1,1,1,1,1,1,0,0,1,0,1,1,0,0,0,0,0,1,0,5,5,2,['Electrum' 'Blockchain' 'Coinbase' 'Circle'],Electrum,0,1,0,0,1,0,0,0,0,0,1,0,0,0,0,1,1,0,0
3987,Coinbase,0,0,1,1,4,0,1,1,0,1,0,0,1,0,0,1,1,0,1,1,0,5,3,1,['Coinbase' 'Blockchain' 'Electrum' 'Circle'],Coinbase,0,0,1,0,1,0,0,0,0,1,0,0,0,0,0,1,0,1,1
3988,Coinbase,0,0,1,1,4,0,1,1,1,1,1,1,1,1,1,1,0,1,1,0,1,2,4,4,['Electrum' 'Circle' 'Blockchain' 'Coinbase'],Electrum,0,1,0,0,0,0,0,1,1,0,0,0,0,0,1,0,1,0,0
3989,Blockchain,1,0,0,0,1,1,0,1,0,0,1,0,1,0,0,0,0,0,0,0,0,3,2,5,['Coinbase' 'Circle' 'Blockchain' 'Electrum'],Coinbase,0,0,1,0,0,0,0,1,1,0,0,0,0,1,0,0,0,1,1
3990,Circle,0,0,1,1,2,0,1,1,1,0,0,1,0,0,1,1,1,0,0,0,0,4,3,2,['Coinbase' 'Circle' 'Blockchain' 'Electrum'],Coinbase,0,0,1,0,0,0,0,1,1,0,0,0,0,1,0,0,0,1,1
3991,Circle,0,0,1,1,2,1,0,1,0,0,0,0,0,1,1,0,1,1,1,0,1,1,4,1,['Coinbase' 'Circle' 'Blockchain' 'Electrum'],Coinbase,0,0,1,0,0,0,0,1,1,0,0,0,0,1,0,0,0,1,1
3992,Electrum,1,1,0,0,2,0,1,0,0,0,0,1,1,1,0,0,0,0,0,0,1,2,3,4,['Circle' 'Electrum' 'Coinbase' 'Blockchain'],Circle,0,0,0,1,0,1,0,0,0,0,1,0,1,0,0,0,0,1,1
3993,Circle,0,0,1,1,1,1,0,1,0,0,0,1,0,0,1,1,1,1,0,1,0,3,5,2,['Circle' 'Electrum' 'Blockchain' 'Coinbase'],Circle,0,0,0,1,0,1,0,0,1,0,0,0,0,0,1,0,0,1,1
3994,Circle,0,0,1,1,2,1,1,0,0,0,1,1,1,1,1,1,0,0,1,1,0,1,4,1,['Electrum' 'Coinbase' 'Circle' 'Blockchain'],Electrum,0,1,0,0,0,0,1,0,0,0,0,1,1,0,0,0,1,0,0
3995,Circle,0,0,1,1,3,1,0,0,1,1,0,1,1,1,0,0,1,0,1,0,0,3,1,3,['Blockchain' 'Electrum' 'Circle' 'Coinbase'],Blockchain,1,0,0,0,0,1,0,0,0,0,0,1,0,0,1,0,1,0,1
3996,Electrum,1,1,0,0,1,0,0,0,1,1,1,1,1,1,1,1,1,0,1,0,1,4,3,2,['Blockchain' 'Electrum' 'Circle' 'Coinbase'],Blockchain,1,0,0,0,0,1,0,0,0,0,0,1,0,0,1,0,1,0,1
3997,Blockchain,1,0,0,0,3,0,1,0,0,0,0,1,1,1,1,1,0,1,1,0,0,4,4,3,['Coinbase' 'Blockchain' 'Circle' 'Electrum'],Coinbase,0,0,1,0,1,0,0,0,0,0,0,1,0,1,0,0,0,1,1
3998,Coinbase,0,0,1,1,2,1,1,1,1,0,0,1,1,1,0,1,1,0,0,0,0,5,5,4,['Coinbase' 'Electrum' 'Blockchain' 'Circle'],Coinbase,0,0,1,0,0,1,0,0,1,0,0,0,0,0,0,1,0,1,1
3999,Coinbase,0,0,1,1,1,1,0,1,1,0,0,0,0,1,0,0,0,0,1,0,1,3,3,3,['Blockchain' 'Circle' 'Coinbase' 'Electrum'],Blockchain,1,0,0,0,0,0,0,1,0,0,1,0,0,1,0,0,1,0,1
